GoalFlag,9,19,185.63
StartPoint,-2,20.73,-43
StartFlag,3.49,17,-38
BillboardTree,14,19,24.7
BillboardTree,-9.37,19,24.7
BreakableBlock,-14,15,90
Block,0,0,162
BreakableBlock,-20,15,32
BreakableBlock,-2,15,66
Block,-12,0,75
BreakableBlock,14,3,92
BreakableBlock,20,3,44
Block,-12,0,-3
BreakableBlock,18,13,40
BreakableBlock,-14,3,70
BreakableBlock,14,5,32
BreakableBlock,18,15,56
Block,24,0,-54
Block,6,0,45
BreakableBlock,-8,9,76
BreakableBlock,22,3,70
BreakableBlock,-18,3,56
BreakableBlock,10,11,64
BreakableBlock,10,5,66
BreakableBlock,24,5,40
BreakableBlock,18,15,74
BreakableBlock,-18,5,64
BreakableBlock,-18,5,58
BreakableBlock,24,11,92
BreakableBlock,-6,5,46
Block,-36,0,174
BreakableBlock,-6,11,30
Block,6,0,-12
BreakableBlock,20,13,62
BreakableBlock,4,5,56
Block,-51,0,204
BreakableBlock,18,11,80
BreakableBlock,12,7,90
BreakableBlock,2,5,54
BreakableBlock,-20,7,36
Block,3,0,153
Block,-57,0,162
Block,12,0,72
BreakableBlock,-14,9,46
Block,30,0,-3
Block,-30,0,150
BreakableBlock,6,5,32
Block,0,0,-9
BreakableBlock,-14,5,58
BreakableBlock,8,5,92
Block,-3,0,-15
BreakableBlock,-18,15,36
Block,-21,0,114
Block,36,0,108
Block,15,0,75
Block,0,0,84
Block,21,0,-45
BreakableBlock,-4,3,64
Block,18,0,159
BreakableBlock,6,3,48
BreakableBlock,18,9,50
Block,15,0,54
Block,51,0,114
Block,-6,0,-39
BreakableBlock,2,9,30
BreakableBlock,14,15,80
BreakableBlock,12,7,58
Block,-6,0,96
BreakableBlock,-18,13,72
BreakableBlock,16,5,90
BreakableBlock,16,9,58
BreakableBlock,-8,5,88
BreakableBlock,-10,7,74
BreakableBlock,-6,11,38
Block,12,0,84
BreakableBlock,-2,13,84
BreakableBlock,8,11,30
BreakableBlock,-20,15,76
Block,6,0,156
BreakableBlock,-14,5,38
BreakableBlock,-10,13,56
BreakableBlock,16,9,92
Block,-57,0,135
BreakableBlock,4,13,76
BreakableBlock,-22,11,64
BreakableBlock,6,5,78
BreakableBlock,-10,11,54
Block,12,0,174
BreakableBlock,4,15,78
BreakableBlock,20,3,42
BreakableBlock,22,13,70
Block,9,0,-45
BreakableBlock,22,9,72
Block,-45,0,123
BreakableBlock,-4,15,48
BreakableBlock,24,9,68
Block,0,0,3
BreakableBlock,22,9,50
BreakableBlock,16,7,86
Block,-18,0,219
BreakableBlock,-2,5,88
Block,45,0,195
BreakableBlock,16,7,74
Block,-33,0,204
BreakableBlock,2,3,54
BreakableBlock,18,11,50
BreakableBlock,20,7,42
BreakableBlock,-14,11,52
BreakableBlock,-6,9,68
Block,-51,0,183
Block,-21,0,129
Block,15,0,21
BreakableBlock,2,3,50
Block,-9,0,-42
BreakableBlock,-18,11,72
BreakableBlock,4,3,84
BreakableBlock,8,15,38
Block,42,0,192
BreakableBlock,-4,3,88
Block,-3,0,204
BreakableBlock,22,7,72
BreakableBlock,-16,7,84
BreakableBlock,12,3,46
Block,30,0,-12
Block,21,0,111
Block,-15,0,96
BreakableBlock,20,3,68
BreakableBlock,-4,15,90
Block,3,0,171
BreakableBlock,12,13,64
BreakableBlock,-16,5,86
Block,-39,0,132
BreakableBlock,-12,5,122
BreakableBlock,-20,7,68
Block,-27,0,-15
BreakableBlock,10,5,34
BreakableBlock,4,7,92
Block,-42,0,159
BreakableBlock,6,13,68
BreakableBlock,-2,13,68
Block,0,0,153
BreakableBlock,8,9,38
Block,-33,0,111
BreakableBlock,12,5,68
BreakableBlock,-12,13,72
BreakableBlock,-4,15,32
Block,6,0,-45
Block,-18,0,213
BreakableBlock,-18,3,46
BreakableBlock,-2,5,32
BreakableBlock,12,11,90
BreakableBlock,-4,13,72
BreakableBlock,22,3,88
Block,-39,0,156
BreakableBlock,14,9,50
BreakableBlock,2,9,92
BreakableBlock,-10,15,54
BreakableBlock,4,5,42
BreakableBlock,-18,5,122
Block,21,0,147
BreakableBlock,-22,15,46
BreakableBlock,18,7,30
Block,3,0,48
BreakableBlock,-14,9,68
BreakableBlock,24,7,34
BreakableBlock,12,3,70
BreakableBlock,20,11,44
Block,36,0,177
BreakableBlock,22,5,92
BreakableBlock,2,9,70
Block,3,0,57
BreakableBlock,-16,13,52
BreakableBlock,0,7,56
BreakableBlock,22,11,30
BreakableBlock,-20,11,30
Block,0,0,87
BreakableBlock,-2,15,80
BreakableBlock,20,7,78
BreakableBlock,-2,7,54
BreakableBlock,-14,9,78
BreakableBlock,-14,3,90
BreakableBlock,18,5,46
BreakableBlock,16,15,80
Block,33,0,183
BreakableBlock,2,7,52
Block,-15,0,219
Block,12,0,165
Block,15,0,213
BreakableBlock,-16,11,86
BreakableBlock,0,13,62
Block,-30,0,216
BreakableBlock,6,3,54
BreakableBlock,12,13,74
Block,12,0,-18
Block,18,0,-18
Block,-30,0,-33
BreakableBlock,22,7,44
BreakableBlock,0,11,50
Block,-42,0,198
BreakableBlock,-6,13,88
BreakableBlock,-12,7,52
BreakableBlock,6,11,74
BreakableBlock,-18,13,44
BreakableBlock,0,3,44
Block,-36,0,156
BreakableBlock,20,13,52
Block,-39,0,186
BreakableBlock,-12,5,70
BreakableBlock,16,7,42
Block,-54,0,117
BreakableBlock,8,7,58
BreakableBlock,22,15,44
Block,-18,0,0
BreakableBlock,-20,15,50
BreakableBlock,14,3,36
BreakableBlock,24,5,38
Block,-48,0,156
BreakableBlock,-18,15,56
BreakableBlock,-20,9,80
BreakableBlock,-12,9,76
Block,-39,0,213
Block,-21,0,186
Block,-9,0,87
BreakableBlock,20,3,50
BreakableBlock,-6,7,80
BreakableBlock,-14,9,54
Block,0,0,69
BreakableBlock,2,7,34
BreakableBlock,-16,13,32
BreakableBlock,20,3,34
BreakableBlock,18,5,66
BreakableBlock,-12,3,92
Block,0,0,66
BreakableBlock,-6,3,70
BreakableBlock,24,3,88
BreakableBlock,-16,5,66
BreakableBlock,18,7,44
BreakableBlock,12,9,30
BreakableBlock,8,3,60
Block,-33,0,-24
BreakableBlock,20,15,34
Block,-30,0,-42
Block,9,0,3
Block,6,0,177
BreakableBlock,20,11,86
Block,33,0,198
BreakableBlock,-20,3,64
BreakableBlock,8,13,82
Block,15,0,72
BreakableBlock,10,3,56
BreakableBlock,-2,7,90
BreakableBlock,-6,13,40
BreakableBlock,6,9,88
Block,6,0,180
BreakableBlock,-10,9,84
Block,-18,0,-45
BreakableBlock,0,11,66
BreakableBlock,24,9,56
Block,-42,0,189
BreakableBlock,-20,9,42
BreakableBlock,-4,15,58
BreakableBlock,-22,13,58
BreakableBlock,24,13,82
BreakableBlock,12,5,56
BreakableBlock,20,3,62
BreakableBlock,-6,7,34
BreakableBlock,14,15,48
BreakableBlock,-22,7,88
Block,21,0,156
BreakableBlock,-22,5,122
BreakableBlock,-16,13,64
Block,-57,0,207
BreakableBlock,16,5,38
Block,-30,0,138
Block,30,0,-24
BreakableBlock,-22,9,72
Block,-45,0,204
BreakableBlock,4,9,76
BreakableBlock,4,7,30
BreakableBlock,-18,15,34
Block,51,0,222
Block,39,0,213
BreakableBlock,-10,7,36
BreakableBlock,-8,7,88
BreakableBlock,12,9,78
BreakableBlock,-10,11,34
Block,-3,0,-51
BreakableBlock,20,7,68
BreakableBlock,-12,13,40
BreakableBlock,-8,9,64
BreakableBlock,14,11,36
Block,-3,0,-24
BreakableBlock,-10,13,54
BreakableBlock,14,9,68
BreakableBlock,-18,3,44
BreakableBlock,-6,9,34
BreakableBlock,-14,13,58
BreakableBlock,-12,13,68
Block,15,0,96
BreakableBlock,22,9,92
Block,-33,0,-51
Block,-18,0,18
BreakableBlock,-6,3,32
Block,6,0,-24
Block,39,0,135
BreakableBlock,2,13,92
BreakableBlock,-18,11,62
BreakableBlock,14,3,76
BreakableBlock,0,3,62
BreakableBlock,-12,3,72
Block,0,0,-15
BreakableBlock,0,9,68
BreakableBlock,22,9,58
BreakableBlock,14,13,90
Block,-6,0,-24
BreakableBlock,-12,9,58
BreakableBlock,4,15,56
Block,33,0,-24
BreakableBlock,-6,9,76
BreakableBlock,0,11,42
Block,-12,0,87
BreakableBlock,-12,7,90
BreakableBlock,10,11,74
Block,30,0,114
BreakableBlock,4,15,46
BreakableBlock,-12,9,88
BreakableBlock,10,15,90
Block,27,0,-21
Block,0,0,18
BreakableBlock,4,7,62
BreakableBlock,16,5,68
Block,-24,0,-21
BreakableBlock,-4,3,54
BreakableBlock,16,5,32
Block,15,0,204
BreakableBlock,-20,7,52
BreakableBlock,10,13,78
Block,33,0,156
BreakableBlock,6,9,38
BreakableBlock,12,13,84
BreakableBlock,18,5,68
BreakableBlock,-20,11,72
BreakableBlock,20,9,86
Block,-3,0,6
BreakableBlock,-6,3,68
Block,3,0,174
BreakableBlock,-10,5,78
BreakableBlock,-2,3,70
Block,6,0,135
Block,42,0,207
Block,48,0,126
BreakableBlock,-6,15,72
BreakableBlock,16,3,50
BreakableBlock,6,9,86
Block,-12,0,108
BreakableBlock,6,5,88
BreakableBlock,-22,3,56
BreakableBlock,-14,15,84
BreakableBlock,8,11,88
Block,15,0,99
BreakableBlock,-18,7,40
BreakableBlock,-22,3,122
BreakableBlock,-14,3,40
BreakableBlock,12,15,38
BreakableBlock,18,9,86
BreakableBlock,-4,13,86
BreakableBlock,-4,15,42
BreakableBlock,-22,5,62
BreakableBlock,14,3,86
BreakableBlock,-12,9,30
BreakableBlock,18,5,88
BreakableBlock,-4,13,42
BreakableBlock,-18,3,70
Block,39,0,177
BreakableBlock,20,13,60
Block,-15,0,90
BreakableBlock,-20,5,50
BreakableBlock,2,7,54
BreakableBlock,22,11,60
BreakableBlock,-22,9,86
BreakableBlock,20,13,58
Block,-45,0,162
BreakableBlock,10,3,44
BreakableBlock,-20,9,60
Block,6,0,60
Block,0,0,180
BreakableBlock,-20,13,52
BreakableBlock,8,3,46
Block,-39,0,159
BreakableBlock,2,5,88
Block,9,0,102
Block,-15,0,105
BreakableBlock,-20,15,38
BreakableBlock,24,15,34
BreakableBlock,12,11,66
Block,-36,0,183
BreakableBlock,18,5,44
Block,33,0,-36
BreakableBlock,-12,9,72
BreakableBlock,-4,11,32
BreakableBlock,18,13,68
BreakableBlock,-10,3,48
Block,18,0,192
Block,-27,0,147
BreakableBlock,6,9,30
BreakableBlock,-8,15,42
Block,3,0,87
Block,24,0,-24
BreakableBlock,20,15,88
Block,-27,0,189
BreakableBlock,14,7,70
BreakableBlock,0,3,54
BreakableBlock,-8,15,62
BreakableBlock,6,13,90
BreakableBlock,-6,5,62
BreakableBlock,-22,13,62
Block,-6,0,66
BreakableBlock,-8,13,46
Block,0,0,225
Block,15,0,225
Block,-24,0,-24
BreakableBlock,-16,15,60
Block,-48,0,195
BreakableBlock,24,11,30
BreakableBlock,0,3,38
BreakableBlock,14,15,44
BreakableBlock,-10,5,86
BreakableBlock,-18,11,66
BreakableBlock,-14,9,62
BreakableBlock,-18,13,38
BreakableBlock,-14,7,50
Block,6,0,162
BreakableBlock,0,5,72
Block,42,0,198
BreakableBlock,20,9,66
BreakableBlock,8,3,64
BreakableBlock,16,9,88
Block,-42,0,144
Block,-3,0,192
BreakableBlock,22,5,64
Block,54,0,192
BreakableBlock,16,15,92
BreakableBlock,-20,5,54
BreakableBlock,-2,15,48
Block,57,0,195
BreakableBlock,-6,9,82
BreakableBlock,0,11,58
Block,27,0,150
BreakableBlock,-12,9,56
BreakableBlock,4,11,68
Block,12,0,48
BreakableBlock,10,9,92
BreakableBlock,18,9,64
BreakableBlock,14,11,56
BreakableBlock,20,15,42
BreakableBlock,-6,11,40
BreakableBlock,12,9,46
Block,3,0,99
Block,-12,0,-15
BreakableBlock,-10,3,84
BreakableBlock,-14,5,78
Block,-33,0,141
Block,18,0,-12
BreakableBlock,-20,13,48
Block,30,0,-6
Block,33,0,171
BreakableBlock,-2,3,80
BreakableBlock,14,3,88
Block,-6,0,-45
BreakableBlock,-12,9,42
BreakableBlock,4,7,40
BreakableBlock,12,5,52
Block,0,0,27
Block,21,0,135
Block,-15,0,120
Block,24,0,171
BreakableBlock,-2,9,60
BreakableBlock,18,7,46
BreakableBlock,-6,13,38
Block,-18,0,57
BreakableBlock,20,5,78
Block,-6,0,213
Block,-36,0,195
BreakableBlock,20,13,88
BreakableBlock,24,7,42
BreakableBlock,24,11,38
Block,3,0,30
Block,15,0,210
BreakableBlock,2,11,74
BreakableBlock,-10,5,48
Block,-18,0,186
Block,-6,0,-27
BreakableBlock,-2,13,62
BreakableBlock,-6,3,80
BreakableBlock,0,15,92
BreakableBlock,6,7,74
BreakableBlock,-18,13,86
BreakableBlock,-10,11,78
BreakableBlock,-10,5,30
Block,39,0,225
Block,12,0,114
BreakableBlock,14,11,46
BreakableBlock,-6,13,78
BreakableBlock,-22,15,54
BreakableBlock,10,5,72
BreakableBlock,-8,7,40
Block,-6,0,21
BreakableBlock,-4,9,68
BreakableBlock,-10,9,40
BreakableBlock,14,7,52
Block,-12,0,36
BreakableBlock,-10,13,66
BreakableBlock,-2,3,40
BreakableBlock,22,9,66
Block,-54,0,153
Block,15,0,84
BreakableBlock,10,9,64
Block,0,0,93
Block,6,0,33
BreakableBlock,4,3,80
BreakableBlock,-2,9,64
BreakableBlock,-16,5,60
BreakableBlock,-6,11,50
Block,-15,0,93
BreakableBlock,24,11,86
BreakableBlock,-10,5,34
Block,-15,0,207
Block,0,0,207
BreakableBlock,-2,9,92
BreakableBlock,10,9,90
BreakableBlock,-16,3,42
BreakableBlock,16,5,70
Block,-18,0,-27
BreakableBlock,6,9,56
BreakableBlock,20,5,40
BreakableBlock,10,15,40
BreakableBlock,6,15,50
BreakableBlock,-10,13,40
Block,-12,0,222
BreakableBlock,-20,5,36
BreakableBlock,-18,3,90
Block,-6,0,-3
Block,24,0,-45
Block,-15,0,186
BreakableBlock,-12,15,68
BreakableBlock,-14,3,88
BreakableBlock,10,3,60
BreakableBlock,-22,11,78
BreakableBlock,-22,3,50
BreakableBlock,-16,9,88
Block,21,0,171
BreakableBlock,-16,11,76
Block,-24,0,-36
BreakableBlock,-14,11,56
Block,6,0,144
Block,0,0,195
BreakableBlock,-10,15,32
BreakableBlock,-2,13,40
Block,39,0,174
BreakableBlock,-14,5,88
BreakableBlock,24,13,64
BreakableBlock,10,11,80
BreakableBlock,2,9,76
Block,27,0,222
BreakableBlock,16,11,38
BreakableBlock,6,5,34
BreakableBlock,24,13,74
Block,0,0,177
BreakableBlock,12,9,88
BreakableBlock,12,9,36
BreakableBlock,10,9,50
BreakableBlock,-18,11,52
Block,3,0,3
BreakableBlock,-18,11,68
BreakableBlock,12,15,90
BreakableBlock,-2,9,40
BreakableBlock,16,7,58
Block,0,0,135
Block,51,0,159
BreakableBlock,22,7,68
BreakableBlock,4,7,80
BreakableBlock,2,7,40
BreakableBlock,-16,7,48
BreakableBlock,2,13,84
BreakableBlock,-12,13,90
BreakableBlock,12,5,30
BreakableBlock,-14,15,86
BreakableBlock,-18,3,38
Block,39,0,186
BreakableBlock,14,15,60
BreakableBlock,-22,13,38
Block,0,0,36
Block,-27,0,138
BreakableBlock,24,15,82
BreakableBlock,-16,13,88
BreakableBlock,18,15,40
BreakableBlock,-4,13,60
Block,54,0,126
BreakableBlock,10,7,66
Block,-33,0,192
BreakableBlock,-10,11,62
BreakableBlock,-20,11,50
BreakableBlock,-10,9,78
Block,-9,0,219
Block,6,0,-21
BreakableBlock,14,5,36
Block,-3,0,156
BreakableBlock,-20,15,72
BreakableBlock,-18,9,48
BreakableBlock,0,9,58
BreakableBlock,10,11,40
BreakableBlock,-14,3,86
BreakableBlock,-14,13,78
BreakableBlock,-18,11,80
BreakableBlock,-18,15,86
BreakableBlock,-14,15,30
BreakableBlock,0,7,52
BreakableBlock,20,11,54
BreakableBlock,-20,9,54
BreakableBlock,24,5,76
BreakableBlock,-4,9,76
BreakableBlock,-22,3,66
BreakableBlock,2,7,76
BreakableBlock,6,9,44
BreakableBlock,10,15,72
BreakableBlock,4,5,68
Block,-15,0,192
BreakableBlock,8,9,86
BreakableBlock,22,11,88
Block,-6,0,-36
Block,12,0,27
BreakableBlock,-16,13,82
Block,-6,0,174
BreakableBlock,10,15,36
BreakableBlock,-10,13,50
BreakableBlock,0,5,44
Block,-30,0,123
BreakableBlock,-22,15,66
Block,30,0,225
BreakableBlock,14,9,92
BreakableBlock,-18,7,46
BreakableBlock,20,7,76
BreakableBlock,-8,7,34
BreakableBlock,18,9,92
Block,9,0,114
BreakableBlock,22,9,46
BreakableBlock,-12,13,32
Block,-33,0,120
Block,-18,0,81
BreakableBlock,10,13,56
Block,-36,0,216
Block,15,0,141
BreakableBlock,-8,9,80
BreakableBlock,-12,5,88
Block,9,0,-36
Block,27,0,135
BreakableBlock,4,15,84
Block,6,0,120
Block,-9,0,120
BreakableBlock,4,11,32
Block,-30,0,-27
Block,30,0,-42
BreakableBlock,0,3,40
BreakableBlock,-12,5,50
Block,33,0,-30
Block,24,0,108
BreakableBlock,0,5,60
BreakableBlock,12,7,74
BreakableBlock,6,5,42
BreakableBlock,16,3,72
BreakableBlock,18,9,66
Block,-54,0,165
BreakableBlock,2,11,36
BreakableBlock,-16,9,68
BreakableBlock,20,15,90
Block,39,0,168
BreakableBlock,16,13,76
BreakableBlock,-6,9,92
BreakableBlock,-10,5,36
BreakableBlock,18,15,58
Block,-30,0,195
BreakableBlock,24,15,50
BreakableBlock,-16,15,56
BreakableBlock,16,7,52
BreakableBlock,14,3,34
Block,33,0,114
BreakableBlock,-4,7,40
BreakableBlock,-6,9,70
BreakableBlock,12,5,36
BreakableBlock,8,11,54
BreakableBlock,4,11,36
BreakableBlock,22,7,70
Block,-39,0,138
BreakableBlock,-14,7,48
Block,-18,0,216
Block,36,0,117
Block,21,0,-33
Block,48,0,141
BreakableBlock,-10,11,74
Block,24,0,-51
BreakableBlock,2,7,86
BreakableBlock,-8,15,74
BreakableBlock,0,15,46
BreakableBlock,10,5,88
Block,-15,0,54
Block,51,0,186
Block,54,0,213
BreakableBlock,6,3,40
Block,-6,0,102
BreakableBlock,20,5,86
BreakableBlock,4,7,60
BreakableBlock,-12,11,38
BreakableBlock,-14,13,52
Block,-3,0,-27
Block,3,0,225
Block,-12,0,18
Block,15,0,105
BreakableBlock,16,11,48
BreakableBlock,-22,11,58
BreakableBlock,0,3,84
BreakableBlock,16,11,46
Block,-6,0,195
Block,-3,0,165
BreakableBlock,10,7,54
Block,27,0,132
Block,21,0,-36
BreakableBlock,18,11,30
BreakableBlock,-12,15,62
BreakableBlock,8,3,90
BreakableBlock,2,11,54
BreakableBlock,-10,3,38
BreakableBlock,4,3,86
BreakableBlock,-4,13,76
BreakableBlock,10,7,80
Block,-18,0,132
Block,-51,0,147
BreakableBlock,-16,3,48
Block,18,0,144
BreakableBlock,10,7,52
Block,0,0,129
BreakableBlock,4,15,70
Block,6,0,204
BreakableBlock,-2,15,64
Block,9,0,138
BreakableBlock,8,13,52
Block,12,0,-48
BreakableBlock,24,15,72
BreakableBlock,10,15,62
BreakableBlock,-14,5,56
BreakableBlock,-16,3,30
BreakableBlock,-20,7,34
Block,-15,0,141
BreakableBlock,-20,7,32
Block,54,0,171
BreakableBlock,22,9,82
Block,33,0,138
BreakableBlock,18,11,42
BreakableBlock,-2,15,92
BreakableBlock,6,9,66
BreakableBlock,20,9,62
BreakableBlock,2,13,50
Block,-15,0,-51
BreakableBlock,-12,7,82
BreakableBlock,2,5,70
BreakableBlock,10,5,50
BreakableBlock,-14,3,36
BreakableBlock,-2,9,42
BreakableBlock,0,11,74
Block,27,0,123
BreakableBlock,-14,9,80
BreakableBlock,-22,15,52
BreakableBlock,18,5,62
BreakableBlock,-12,9,38
Block,9,0,9
Block,-21,0,-12
BreakableBlock,14,5,34
BreakableBlock,18,9,42
BreakableBlock,0,5,88
Block,-9,0,-6
BreakableBlock,8,15,86
BreakableBlock,22,7,32
BreakableBlock,-12,11,72
BreakableBlock,20,7,58
BreakableBlock,-2,13,92
Block,9,0,129
BreakableBlock,8,15,58
BreakableBlock,6,3,84
BreakableBlock,22,7,58
BreakableBlock,-18,11,78
BreakableBlock,0,13,86
Block,-24,0,201
BreakableBlock,12,7,52
Block,-36,0,150
Block,-12,0,156
BreakableBlock,14,3,82
Block,-21,0,-27
BreakableBlock,8,3,86
Block,-36,0,207
BreakableBlock,-10,15,52
Block,9,0,66
BreakableBlock,0,9,92
BreakableBlock,-2,3,90
BreakableBlock,-16,7,54
BreakableBlock,-10,11,38
BreakableBlock,-12,3,56
BreakableBlock,-16,11,40
BreakableBlock,2,3,52
BreakableBlock,18,7,80
BreakableBlock,-14,7,30
BreakableBlock,-6,11,62
Block,18,0,93
BreakableBlock,-4,9,50
Block,-45,0,135
BreakableBlock,16,7,92
BreakableBlock,12,15,56
BreakableBlock,18,11,40
BreakableBlock,-2,15,58
BreakableBlock,6,7,68
Block,-9,0,177
Block,-21,0,-36
Block,-42,0,111
BreakableBlock,2,11,66
BreakableBlock,20,13,46
BreakableBlock,-22,13,68
BreakableBlock,2,3,122
BreakableBlock,24,11,40
BreakableBlock,12,7,78
Block,-24,0,-54
Block,-3,0,162
BreakableBlock,-10,3,60
BreakableBlock,14,13,92
BreakableBlock,-22,13,92
Block,-21,0,204
BreakableBlock,2,9,56
BreakableBlock,-4,5,46
Block,33,0,-45
BreakableBlock,-14,15,76
BreakableBlock,2,11,50
Block,-48,0,213
BreakableBlock,-16,9,80
BreakableBlock,-2,9,80
BreakableBlock,12,13,90
BreakableBlock,-4,9,84
BreakableBlock,24,7,66
BreakableBlock,24,5,92
BreakableBlock,-18,9,34
Block,57,0,117
BreakableBlock,10,3,86
BreakableBlock,-2,15,84
BreakableBlock,-2,9,36
BreakableBlock,-2,15,46
BreakableBlock,-12,15,66
BreakableBlock,-10,5,52
BreakableBlock,0,7,80
Block,-33,0,210
BreakableBlock,-6,7,46
Block,-54,0,198
BreakableBlock,2,5,34
BreakableBlock,-22,7,60
BreakableBlock,16,3,92
Block,-18,0,33
Block,42,0,186
BreakableBlock,-14,5,68
BreakableBlock,-30,5,122
BreakableBlock,-8,13,34
BreakableBlock,-10,15,78
Block,-6,0,6
BreakableBlock,2,15,42
Block,-27,0,183
BreakableBlock,6,3,82
Block,3,0,90
BreakableBlock,0,5,122
Block,-27,0,-45
BreakableBlock,24,5,80
BreakableBlock,12,7,60
BreakableBlock,-18,7,84
BreakableBlock,-14,7,52
Block,0,0,30
BreakableBlock,18,5,32
Block,-36,0,135
BreakableBlock,-6,15,32
BreakableBlock,22,11,76
BreakableBlock,-8,9,44
BreakableBlock,14,9,64
Block,-39,0,147
BreakableBlock,6,11,32
BreakableBlock,10,9,84
Block,-24,0,219
BreakableBlock,0,9,34
BreakableBlock,18,3,32
Block,12,0,18
BreakableBlock,-18,3,88
BreakableBlock,2,7,82
Block,-15,0,24
BreakableBlock,2,5,42
Block,-45,0,219
Block,-15,0,81
Block,39,0,108
BreakableBlock,-18,15,52
BreakableBlock,-14,3,48
Block,0,0,96
BreakableBlock,10,13,50
BreakableBlock,-8,3,92
BreakableBlock,-6,9,56
BreakableBlock,10,15,88
BreakableBlock,-10,11,68
Block,-18,0,69
Block,3,0,-15
BreakableBlock,22,11,72
BreakableBlock,10,5,60
BreakableBlock,-4,9,44
BreakableBlock,-12,7,36
Block,-36,0,201
Block,6,0,174
Block,-12,0,204
BreakableBlock,24,15,62
BreakableBlock,-6,9,42
BreakableBlock,-8,13,44
BreakableBlock,-12,15,58
BreakableBlock,-8,7,32
BreakableBlock,20,5,66
Block,42,0,174
BreakableBlock,0,7,64
Block,-3,0,117
Block,15,0,0
BreakableBlock,-12,13,50
BreakableBlock,6,9,84
BreakableBlock,-18,7,58
Block,54,0,147
BreakableBlock,20,7,88
BreakableBlock,24,13,48
Block,42,0,165
BreakableBlock,-10,11,50
BreakableBlock,-18,11,34
Block,57,0,153
Block,-48,0,108
BreakableBlock,-18,7,38
Block,30,0,108
BreakableBlock,12,9,58
BreakableBlock,-2,13,48
BreakableBlock,-22,11,38
Block,12,0,96
BreakableBlock,20,13,30
BreakableBlock,-8,13,70
BreakableBlock,-4,15,46
BreakableBlock,-20,7,50
Block,9,0,36
BreakableBlock,22,7,42
Block,48,0,213
BreakableBlock,16,7,68
Block,-45,0,222
BreakableBlock,18,5,70
BreakableBlock,-12,13,54
Block,-6,0,180
BreakableBlock,14,11,90
Block,-9,0,144
BreakableBlock,-14,5,84
Block,-9,0,78
BreakableBlock,24,9,42
BreakableBlock,8,3,62
Block,-15,0,225
Block,-24,0,180
Block,-24,0,177
BreakableBlock,12,9,34
BreakableBlock,-6,13,42
BreakableBlock,-22,13,74
Block,21,0,225
BreakableBlock,0,11,84
BreakableBlock,8,13,42
BreakableBlock,-6,9,78
Block,-42,0,156
BreakableBlock,2,9,78
BreakableBlock,-22,11,74
BreakableBlock,16,3,30
BreakableBlock,0,11,92
Block,-48,0,207
Block,3,0,207
Block,-51,0,195
Block,12,0,150
BreakableBlock,-10,15,82
BreakableBlock,-22,11,92
BreakableBlock,-8,7,42
BreakableBlock,-14,11,82
BreakableBlock,-18,3,34
BreakableBlock,12,15,76
BreakableBlock,8,7,62
BreakableBlock,18,3,54
Block,-33,0,-45
BreakableBlock,-16,5,40
BreakableBlock,-8,15,92
BreakableBlock,24,7,78
BreakableBlock,14,7,30
Block,0,0,138
BreakableBlock,8,5,86
Block,-57,0,165
BreakableBlock,-16,13,74
Block,57,0,189
BreakableBlock,-16,15,82
Block,12,0,138
Block,15,0,126
Block,-9,0,-24
BreakableBlock,12,7,50
Block,-6,0,18
Block,-3,0,27
BreakableBlock,14,3,68
BreakableBlock,14,9,78
BreakableBlock,0,11,44
Block,-54,0,177
BreakableBlock,8,13,54
BreakableBlock,12,3,90
BreakableBlock,12,5,66
BreakableBlock,0,5,36
BreakableBlock,-4,5,68
Block,-18,0,141
Block,-15,0,66
Block,24,0,-39
BreakableBlock,-4,9,40
BreakableBlock,24,7,52
BreakableBlock,2,11,46
Block,30,0,222
Block,39,0,162
BreakableBlock,12,11,38
BreakableBlock,-18,3,58
BreakableBlock,-16,9,38
BreakableBlock,14,7,78
BreakableBlock,-16,7,60
BreakableBlock,18,7,58
Block,18,0,105
Block,-12,0,225
BreakableBlock,-6,5,36
BreakableBlock,0,11,32
BreakableBlock,24,13,30
BreakableBlock,24,15,40
BreakableBlock,-16,15,36
Block,3,0,105
BreakableBlock,-14,15,46
BreakableBlock,-6,13,82
Block,24,0,162
BreakableBlock,-12,13,82
Block,24,0,-18
Block,0,0,-27
BreakableBlock,24,3,46
BreakableBlock,10,13,72
Block,21,0,-48
Block,-15,0,12
Block,0,0,168
BreakableBlock,16,15,34
Block,-15,0,159
Block,-12,0,120
Block,-33,0,135
BreakableBlock,20,13,34
BreakableBlock,10,3,36
BreakableBlock,12,3,50
BreakableBlock,16,7,62
Block,18,0,99
BreakableBlock,20,5,72
Block,15,0,66
BreakableBlock,-2,15,72
Block,48,0,198
BreakableBlock,8,11,38
BreakableBlock,-14,7,44
Block,45,0,141
Block,-54,0,210
Block,-9,0,-18
BreakableBlock,-6,13,48
BreakableBlock,-22,13,30
BreakableBlock,6,7,84
BreakableBlock,4,13,60
BreakableBlock,-10,7,54
Block,-30,0,-6
BreakableBlock,-16,5,32
BreakableBlock,-12,15,48
BreakableBlock,-22,5,80
BreakableBlock,-8,9,48
Block,57,0,138
BreakableBlock,20,7,64
Block,15,0,-45
BreakableBlock,-4,5,58
BreakableBlock,22,5,38
Block,-9,0,96
Block,42,0,204
Block,-18,0,39
BreakableBlock,6,3,30
BreakableBlock,8,15,40
BreakableBlock,20,3,66
BreakableBlock,-18,13,88
BreakableBlock,10,7,34
BreakableBlock,16,3,76
BreakableBlock,-4,11,90
Block,-6,0,-54
BreakableBlock,24,13,54
BreakableBlock,2,7,64
BreakableBlock,10,7,70
Block,-12,0,123
BreakableBlock,-4,15,84
BreakableBlock,18,15,36
BreakableBlock,-14,3,32
BreakableBlock,0,11,60
BreakableBlock,-14,7,74
Block,-18,0,-51
Block,-21,0,108
BreakableBlock,14,3,42
BreakableBlock,6,13,80
BreakableBlock,-2,5,70
BreakableBlock,12,13,62
BreakableBlock,2,9,50
BreakableBlock,6,13,42
Block,-3,0,60
BreakableBlock,-4,7,42
BreakableBlock,-2,13,46
BreakableBlock,-14,13,62
BreakableBlock,-6,7,82
Block,21,0,189
Block,-30,0,111
BreakableBlock,-8,15,46
BreakableBlock,20,13,42
Block,-27,0,150
Block,30,0,141
Block,-30,0,198
BreakableBlock,-12,11,62
BreakableBlock,-18,3,86
Block,-3,0,180
Block,18,0,207
BreakableBlock,4,3,76
BreakableBlock,-8,9,78
BreakableBlock,6,11,44
BreakableBlock,24,15,52
Block,-21,0,174
BreakableBlock,-16,11,32
BreakableBlock,20,13,68
Block,27,0,171
BreakableBlock,16,15,62
Block,-30,0,-18
BreakableBlock,-20,13,62
BreakableBlock,-6,15,60
Block,27,0,183
BreakableBlock,12,13,92
Block,42,0,180
Block,9,0,60
BreakableBlock,6,11,66
BreakableBlock,-12,9,40
Block,12,0,75
Block,-30,0,-12
BreakableBlock,4,13,42
Block,9,0,111
BreakableBlock,14,11,84
Block,30,0,177
BreakableBlock,-20,9,40
Block,-6,0,114
BreakableBlock,22,7,92
Block,-18,0,105
BreakableBlock,-18,9,66
BreakableBlock,-4,15,78
Block,-54,0,174
Block,33,0,-39
BreakableBlock,24,15,60
BreakableBlock,-12,5,86
Block,-30,0,129
BreakableBlock,18,11,62
Block,0,0,0
BreakableBlock,-16,5,84
Block,-9,0,81
BreakableBlock,18,7,66
BreakableBlock,-10,5,64
Block,-21,0,168
BreakableBlock,-14,5,52
BreakableBlock,-10,9,66
BreakableBlock,18,13,88
BreakableBlock,-10,13,64
BreakableBlock,-4,11,80
BreakableBlock,20,13,66
BreakableBlock,2,13,74
BreakableBlock,-12,5,82
Block,33,0,-48
BreakableBlock,4,5,62
BreakableBlock,-20,7,90
Block,3,0,24
BreakableBlock,-4,5,38
Block,-18,0,174
BreakableBlock,22,15,50
BreakableBlock,-10,5,82
BreakableBlock,2,15,40
BreakableBlock,-20,7,40
BreakableBlock,14,9,46
BreakableBlock,12,11,68
BreakableBlock,20,11,48
Block,-18,0,30
BreakableBlock,24,7,50
BreakableBlock,-20,7,62
BreakableBlock,8,7,78
BreakableBlock,0,9,66
BreakableBlock,-2,11,68
BreakableBlock,16,13,42
BreakableBlock,-10,3,92
BreakableBlock,8,7,48
BreakableBlock,18,7,64
BreakableBlock,-2,13,82
BreakableBlock,16,15,30
Block,18,0,-3
BreakableBlock,14,3,52
BreakableBlock,10,7,42
BreakableBlock,-6,9,38
BreakableBlock,14,11,72
Block,54,0,216
Block,-36,0,129
Block,51,0,177
BreakableBlock,0,5,68
Block,0,0,105
Block,-24,0,174
BreakableBlock,14,3,50
BreakableBlock,-10,3,70
Block,0,0,108
BreakableBlock,-28,5,122
BreakableBlock,-10,11,84
BreakableBlock,18,9,90
BreakableBlock,16,5,64
BreakableBlock,-8,3,66
BreakableBlock,10,9,56
BreakableBlock,16,11,74
Block,-12,0,129
BreakableBlock,-2,11,34
Block,-3,0,-48
BreakableBlock,20,5,60
BreakableBlock,12,5,38
Block,9,0,84
BreakableBlock,12,15,58
Block,-33,0,195
BreakableBlock,14,5,40
Block,-27,0,171
BreakableBlock,-16,11,80
BreakableBlock,4,15,40
BreakableBlock,10,7,90
BreakableBlock,-2,9,68
Block,-21,0,-3
BreakableBlock,-6,9,48
BreakableBlock,2,5,30
BreakableBlock,-18,13,92
BreakableBlock,24,9,46
BreakableBlock,-12,13,84
Block,39,0,189
BreakableBlock,22,3,66
BreakableBlock,14,5,64
BreakableBlock,22,7,38
BreakableBlock,-6,15,50
BreakableBlock,-2,7,82
Block,30,0,-33
Block,-9,0,207
BreakableBlock,18,11,70
BreakableBlock,-10,7,82
Block,57,0,219
BreakableBlock,-10,3,122
Block,-30,0,147
BreakableBlock,8,5,84
BreakableBlock,-6,3,74
BreakableBlock,-4,9,36
BreakableBlock,0,9,88
BreakableBlock,0,7,44
BreakableBlock,12,5,92
BreakableBlock,16,3,66
BreakableBlock,10,9,30
Block,18,0,12
BreakableBlock,-2,3,122
BreakableBlock,-22,13,90
BreakableBlock,-10,3,32
Block,-18,0,-30
Block,-3,0,-12
BreakableBlock,10,15,68
BreakableBlock,-10,15,50
BreakableBlock,-10,3,88
BreakableBlock,-10,3,72
BreakableBlock,10,7,84
BreakableBlock,0,7,36
Block,-3,0,99
BreakableBlock,-18,9,50
BreakableBlock,-4,9,58
BreakableBlock,-20,9,82
BreakableBlock,-18,13,46
BreakableBlock,-2,5,46
Block,36,0,144
BreakableBlock,-4,5,54
Block,-6,0,207
BreakableBlock,-4,11,52
BreakableBlock,22,13,82
BreakableBlock,4,11,58
BreakableBlock,14,15,70
BreakableBlock,0,13,58
BreakableBlock,2,13,32
Block,-9,0,6
BreakableBlock,-10,15,64
Block,0,0,-24
BreakableBlock,18,13,66
BreakableBlock,4,9,42
Block,-45,0,198
Block,18,0,114
BreakableBlock,12,9,72
Block,24,0,141
BreakableBlock,8,13,86
Block,-12,0,207
BreakableBlock,24,11,58
Block,-6,0,159
BreakableBlock,-6,9,32
BreakableBlock,-20,11,66
BreakableBlock,14,5,60
Block,-33,0,222
BreakableBlock,-6,5,78
BreakableBlock,20,3,54
BreakableBlock,-8,3,34
BreakableBlock,-10,15,80
Block,21,0,-6
Block,-24,0,111
BreakableBlock,-10,9,70
BreakableBlock,16,15,50
BreakableBlock,24,3,50
Block,15,0,108
BreakableBlock,-18,7,78
BreakableBlock,10,13,44
Block,24,0,180
BreakableBlock,6,7,90
Block,3,0,201
BreakableBlock,10,7,48
BreakableBlock,22,3,60
BreakableBlock,24,3,34
Block,-6,0,-42
Block,-51,0,117
BreakableBlock,12,3,82
BreakableBlock,-18,7,32
BreakableBlock,4,5,44
Block,-15,0,102
Block,45,0,108
BreakableBlock,12,3,36
Block,0,0,-6
BreakableBlock,14,9,82
BreakableBlock,2,9,48
Block,48,0,171
BreakableBlock,-4,13,34
Block,45,0,150
Block,9,0,15
BreakableBlock,22,15,76
BreakableBlock,24,13,72
Block,48,0,201
Block,18,0,-24
BreakableBlock,-6,11,34
BreakableBlock,-4,13,68
Block,-42,0,153
BreakableBlock,-6,11,88
BreakableBlock,-10,7,90
Block,18,0,120
BreakableBlock,-12,7,72
Block,-9,0,192
BreakableBlock,4,7,58
Block,-33,0,-33
BreakableBlock,4,13,70
Block,-30,0,-3
BreakableBlock,10,15,56
Block,-21,0,189
BreakableBlock,12,5,62
BreakableBlock,-10,15,68
BreakableBlock,18,9,78
BreakableBlock,-12,13,88
BreakableBlock,-14,7,38
BreakableBlock,20,15,58
BreakableBlock,8,11,66
BreakableBlock,22,5,30
Block,-3,0,45
BreakableBlock,-14,7,58
BreakableBlock,-22,3,82
BreakableBlock,-10,9,72
Block,-54,0,216
Block,-18,0,195
Block,18,0,69
Block,3,0,162
Block,-48,0,162
BreakableBlock,-4,7,88
BreakableBlock,-8,9,50
BreakableBlock,-12,15,72
BreakableBlock,-6,15,52
BreakableBlock,-14,7,82
Block,-15,0,180
Block,42,0,219
BreakableBlock,-22,15,78
Block,-15,0,45
BreakableBlock,4,9,34
BreakableBlock,-6,11,90
Block,-51,0,144
Block,42,0,162
BreakableBlock,-8,5,38
BreakableBlock,8,15,74
BreakableBlock,-6,15,70
Block,12,0,132
BreakableBlock,-2,13,50
BreakableBlock,20,15,62
Block,-6,0,168
BreakableBlock,18,15,32
BreakableBlock,4,15,90
BreakableBlock,-4,7,74
BreakableBlock,16,7,32
BreakableBlock,-16,7,52
BreakableBlock,-10,5,44
BreakableBlock,16,7,82
BreakableBlock,-10,9,58
BreakableBlock,-20,13,60
Block,-21,0,222
BreakableBlock,10,5,30
Block,30,0,-45
Block,0,0,192
BreakableBlock,14,11,38
BreakableBlock,-8,3,62
BreakableBlock,0,7,50
BreakableBlock,-20,5,48
BreakableBlock,-8,13,36
Block,-12,0,81
BreakableBlock,24,3,38
BreakableBlock,-6,5,54
BreakableBlock,-14,15,68
BreakableBlock,4,5,90
BreakableBlock,12,9,50
BreakableBlock,-8,5,80
BreakableBlock,8,7,52
Block,-36,0,177
BreakableBlock,12,5,84
BreakableBlock,-2,15,44
BreakableBlock,24,3,32
BreakableBlock,0,11,64
BreakableBlock,-22,5,74
BreakableBlock,-8,13,92
Block,-15,0,117
BreakableBlock,-20,7,46
BreakableBlock,8,5,60
BreakableBlock,0,3,80
BreakableBlock,2,3,58
Block,3,0,-27
Block,-18,0,-24
BreakableBlock,-18,11,90
BreakableBlock,2,13,38
BreakableBlock,16,11,78
BreakableBlock,-18,9,68
BreakableBlock,24,9,60
BreakableBlock,6,13,58
Block,18,0,60
BreakableBlock,2,13,80
Block,3,0,-36
Block,-51,0,123
Block,15,0,189
BreakableBlock,-22,15,70
Block,3,0,66
Block,21,0,192
BreakableBlock,-4,13,70
BreakableBlock,-18,13,54
Block,-54,0,171
Block,36,0,207
BreakableBlock,12,13,38
BreakableBlock,6,3,44
Block,9,0,-24
Block,-12,0,153
Block,-57,0,177
BreakableBlock,10,7,78
BreakableBlock,24,11,80
BreakableBlock,16,11,36
BreakableBlock,-22,7,50
BreakableBlock,-10,13,38
BreakableBlock,-12,7,84
Block,15,0,63
BreakableBlock,-10,9,56
BreakableBlock,14,3,74
Block,27,0,-33
BreakableBlock,-6,3,122
BreakableBlock,20,9,68
Block,30,0,171
BreakableBlock,20,3,32
BreakableBlock,-12,11,34
BreakableBlock,0,9,42
BreakableBlock,0,11,88
BreakableBlock,8,11,36
BreakableBlock,4,11,70
BreakableBlock,-22,5,30
Block,-33,0,-42
Block,39,0,195
Block,9,0,180
BreakableBlock,-22,3,46
BreakableBlock,-4,11,74
BreakableBlock,0,5,42
Block,-6,0,-30
BreakableBlock,4,9,72
BreakableBlock,4,13,34
BreakableBlock,-14,15,36
BreakableBlock,-22,3,92
BreakableBlock,10,3,88
BreakableBlock,-4,3,72
BreakableBlock,0,13,72
BreakableBlock,2,15,88
BreakableBlock,-6,13,44
Block,24,0,135
BreakableBlock,24,9,62
BreakableBlock,16,5,40
BreakableBlock,-6,13,84
BreakableBlock,-12,9,78
Block,-21,0,-45
BreakableBlock,12,11,62
BreakableBlock,-2,9,52
Block,-18,0,87
BreakableBlock,2,7,88
BreakableBlock,-6,9,44
Block,-12,0,-6
BreakableBlock,10,9,48
BreakableBlock,0,15,86
BreakableBlock,24,15,66
Block,9,0,93
BreakableBlock,22,5,44
BreakableBlock,22,11,34
Block,-30,0,162
BreakableBlock,18,13,70
Block,-39,0,168
BreakableBlock,20,5,90
Block,3,0,168
BreakableBlock,-6,3,84
BreakableBlock,-20,9,68
BreakableBlock,4,7,50
BreakableBlock,18,7,86
BreakableBlock,-18,5,88
BreakableBlock,4,11,92
Block,-6,0,192
BreakableBlock,-10,7,80
BreakableBlock,-4,13,40
BreakableBlock,-16,5,46
BreakableBlock,-22,11,68
BreakableBlock,-14,11,76
BreakableBlock,-12,15,36
Block,-6,0,-12
BreakableBlock,18,7,68
BreakableBlock,6,11,34
BreakableBlock,2,3,48
BreakableBlock,20,11,60
BreakableBlock,12,11,40
Block,-9,0,135
BreakableBlock,-8,9,92
BreakableBlock,16,11,88
Block,36,0,135
Block,-24,0,183
BreakableBlock,4,3,40
BreakableBlock,-18,3,66
BreakableBlock,24,15,56
Block,-24,0,-51
BreakableBlock,22,5,32
BreakableBlock,-22,3,84
Block,21,0,180
BreakableBlock,0,13,54
Block,-24,0,156
BreakableBlock,-22,15,60
Block,9,0,198
BreakableBlock,12,15,66
Block,-15,0,78
BreakableBlock,-4,7,66
Block,9,0,123
BreakableBlock,-6,11,78
Block,30,0,126
BreakableBlock,-20,11,56
BreakableBlock,-14,13,90
BreakableBlock,-14,15,70
Block,18,0,210
Block,21,0,201
BreakableBlock,-2,7,64
BreakableBlock,6,3,36
BreakableBlock,22,3,74
BreakableBlock,-16,13,42
BreakableBlock,-6,11,46
BreakableBlock,2,13,88
BreakableBlock,18,7,50
Block,9,0,159
BreakableBlock,-12,15,30
BreakableBlock,8,9,36
BreakableBlock,-12,11,70
BreakableBlock,-2,7,60
BreakableBlock,-12,15,42
BreakableBlock,-16,5,36
Block,-15,0,-24
BreakableBlock,4,13,90
BreakableBlock,8,9,42
BreakableBlock,-2,13,80
BreakableBlock,6,13,50
Block,36,0,126
BreakableBlock,-14,3,68
BreakableBlock,22,3,52
BreakableBlock,0,7,88
BreakableBlock,-8,5,46
Block,-12,0,195
BreakableBlock,2,9,44
Block,-48,0,174
BreakableBlock,-20,5,30
BreakableBlock,20,13,40
BreakableBlock,-2,5,82
BreakableBlock,-22,3,64
BreakableBlock,20,5,54
BreakableBlock,-12,11,56
Block,57,0,186
BreakableBlock,-4,3,38
BreakableBlock,-12,5,64
Block,-57,0,144
BreakableBlock,14,7,34
Block,-27,0,135
Block,-12,0,-45
BreakableBlock,10,5,80
BreakableBlock,12,3,80
BreakableBlock,14,3,90
BreakableBlock,-2,3,76
Block,12,0,99
BreakableBlock,8,15,44
BreakableBlock,8,7,74
BreakableBlock,20,3,36
Block,57,0,198
BreakableBlock,18,11,56
BreakableBlock,-4,11,66
Block,42,0,150
BreakableBlock,24,7,30
BreakableBlock,10,11,84
BreakableBlock,0,9,36
Block,-9,0,18
Block,-51,0,111
Block,-33,0,171
BreakableBlock,-6,5,68
BreakableBlock,-22,9,48
BreakableBlock,-20,5,86
Block,-24,0,192
BreakableBlock,-12,5,52
BreakableBlock,20,13,90
Block,-12,0,24
Block,33,0,-6
Block,12,0,111
Block,3,0,81
BreakableBlock,24,3,52
BreakableBlock,-6,15,88
BreakableBlock,14,9,58
BreakableBlock,-24,3,122
BreakableBlock,-16,15,66
BreakableBlock,18,5,30
BreakableBlock,20,3,70
Block,-3,0,177
Block,30,0,198
Block,-24,0,-33
BreakableBlock,6,3,64
BreakableBlock,0,13,46
Block,-45,0,201
BreakableBlock,18,11,34
Block,30,0,150
BreakableBlock,4,15,62
BreakableBlock,24,3,60
Block,9,0,141
BreakableBlock,-2,5,38
BreakableBlock,10,11,60
Block,-33,0,-27
BreakableBlock,-14,3,44
BreakableBlock,12,7,44
BreakableBlock,-20,3,122
BreakableBlock,-14,5,48
Block,-9,0,33
BreakableBlock,20,7,92
BreakableBlock,-22,11,54
BreakableBlock,-20,3,48
BreakableBlock,-4,15,62
BreakableBlock,6,7,46
BreakableBlock,-22,5,34
BreakableBlock,-6,7,58
Block,-18,0,165
BreakableBlock,12,9,48
BreakableBlock,-10,3,50
Block,-51,0,114
BreakableBlock,-20,13,78
BreakableBlock,-14,11,66
BreakableBlock,-16,3,66
BreakableBlock,20,5,44
Block,42,0,144
BreakableBlock,-20,13,86
BreakableBlock,-22,5,88
BreakableBlock,-4,9,62
Block,-54,0,156
BreakableBlock,-20,7,30
Block,-48,0,186
BreakableBlock,-22,3,60
BreakableBlock,-4,13,48
Block,3,0,183
Block,30,0,-27
Block,51,0,210
BreakableBlock,12,11,42
BreakableBlock,-20,15,86
BreakableBlock,10,13,88
BreakableBlock,16,7,66
BreakableBlock,18,7,60
Block,-9,0,180
Block,9,0,189
BreakableBlock,22,13,46
BreakableBlock,6,13,32
Block,39,0,156
BreakableBlock,-22,3,44
BreakableBlock,-6,9,40
BreakableBlock,12,7,92
BreakableBlock,-22,9,58
BreakableBlock,-10,7,86
BreakableBlock,16,5,30
BreakableBlock,20,5,56
Block,42,0,168
BreakableBlock,14,13,54
BreakableBlock,6,5,90
BreakableBlock,14,3,62
Block,51,0,225
Block,0,0,132
BreakableBlock,18,11,32
Block,-18,0,198
BreakableBlock,24,15,86
BreakableBlock,10,13,80
BreakableBlock,0,11,82
BreakableBlock,-8,3,82
BreakableBlock,0,5,34
Block,24,0,225
BreakableBlock,-12,7,74
BreakableBlock,-20,9,46
BreakableBlock,16,11,56
BreakableBlock,-6,9,80
BreakableBlock,20,3,58
BreakableBlock,24,5,86
BreakableBlock,14,7,64
Block,27,0,-18
BreakableBlock,10,13,86
BreakableBlock,20,7,40
BreakableBlock,-8,15,86
BreakableBlock,22,5,46
BreakableBlock,10,9,38
BreakableBlock,2,15,72
BreakableBlock,4,9,48
BreakableBlock,-6,7,52
BreakableBlock,-2,15,38
BreakableBlock,22,11,66
BreakableBlock,-12,7,40
BreakableBlock,-10,15,56
Block,-51,0,156
Block,6,0,213
Block,-30,0,219
BreakableBlock,16,15,48
BreakableBlock,-8,5,44
BreakableBlock,24,9,74
Block,-12,0,96
BreakableBlock,8,9,74
BreakableBlock,2,13,78
BreakableBlock,-16,9,46
BreakableBlock,-6,11,54
BreakableBlock,2,15,44
BreakableBlock,-4,3,76
BreakableBlock,10,5,82
BreakableBlock,0,15,32
BreakableBlock,-18,15,40
BreakableBlock,12,15,30
Block,9,0,-6
BreakableBlock,18,13,56
Block,12,0,63
BreakableBlock,16,3,90
BreakableBlock,12,5,86
BreakableBlock,-20,9,84
Block,6,0,39
BreakableBlock,-16,5,70
Block,-9,0,216
BreakableBlock,18,9,74
BreakableBlock,-10,13,46
BreakableBlock,-18,5,54
BreakableBlock,6,15,40
BreakableBlock,-2,15,50
BreakableBlock,10,13,74
Block,18,0,108
BreakableBlock,6,5,52
BreakableBlock,-10,9,92
BreakableBlock,14,3,78
Block,-3,0,81
BreakableBlock,6,3,60
BreakableBlock,-12,13,44
Block,54,0,123
BreakableBlock,14,5,44
BreakableBlock,-22,9,50
BreakableBlock,-8,13,76
BreakableBlock,-2,5,54
BreakableBlock,16,15,52
BreakableBlock,4,13,40
BreakableBlock,18,11,54
BreakableBlock,-6,5,82
Block,3,0,195
Block,-9,0,60
Block,-9,0,171
Block,-48,0,117
BreakableBlock,14,9,36
BreakableBlock,-2,9,76
Block,-9,0,102
BreakableBlock,-22,15,74
BreakableBlock,-12,3,62
Block,54,0,135
BreakableBlock,-4,13,56
Block,-12,0,63
Block,-21,0,171
Block,-45,0,147
BreakableBlock,-4,7,86
BreakableBlock,-14,9,92
Block,-57,0,114
BreakableBlock,-16,15,40
Block,12,0,159
BreakableBlock,-16,11,48
Block,33,0,201
BreakableBlock,10,13,84
BreakableBlock,-20,13,58
BreakableBlock,-12,5,84
BreakableBlock,18,3,92
BreakableBlock,8,15,32
BreakableBlock,-20,3,66
BreakableBlock,8,11,40
BreakableBlock,16,7,80
BreakableBlock,10,11,58
BreakableBlock,4,5,52
BreakableBlock,12,9,42
BreakableBlock,22,15,56
BreakableBlock,20,5,74
Block,3,0,-45
Block,-12,0,-18
Block,-36,0,141
BreakableBlock,-2,15,60
BreakableBlock,12,15,88
BreakableBlock,8,5,30
Block,33,0,168
BreakableBlock,-2,13,30
BreakableBlock,-18,5,30
BreakableBlock,-4,3,30
BreakableBlock,-6,7,88
BreakableBlock,-10,3,76
BreakableBlock,-16,13,78
BreakableBlock,2,9,42
BreakableBlock,-2,5,30
BreakableBlock,-14,15,58
BreakableBlock,4,7,46
Block,27,0,147
BreakableBlock,-20,11,48
BreakableBlock,-8,3,54
BreakableBlock,-22,5,70
BreakableBlock,-20,15,44
BreakableBlock,10,5,84
BreakableBlock,18,5,34
BreakableBlock,-18,15,66
BreakableBlock,-20,5,90
Block,45,0,120
Block,-9,0,21
BreakableBlock,10,3,70
BreakableBlock,6,9,62
BreakableBlock,16,13,92
Block,57,0,201
BreakableBlock,-18,15,64
BreakableBlock,20,15,84
BreakableBlock,-20,11,52
BreakableBlock,14,9,72
BreakableBlock,0,13,34
BreakableBlock,16,9,56
BreakableBlock,16,11,32
BreakableBlock,-4,7,50
BreakableBlock,4,5,82
BreakableBlock,24,13,44
BreakableBlock,-18,9,54
BreakableBlock,2,13,90
BreakableBlock,8,3,76
BreakableBlock,8,15,88
BreakableBlock,-16,3,44
Block,-27,0,-6
BreakableBlock,-22,9,90
BreakableBlock,16,11,44
BreakableBlock,-8,11,52
BreakableBlock,-6,15,64
BreakableBlock,22,5,40
BreakableBlock,-6,5,48
BreakableBlock,20,5,32
Block,6,0,87
BreakableBlock,-6,7,92
Block,-12,0,30
BreakableBlock,-2,7,30
BreakableBlock,4,3,52
BreakableBlock,-12,5,46
Block,-3,0,93
BreakableBlock,-22,13,54
Block,36,0,111
BreakableBlock,6,15,84
Block,0,0,144
BreakableBlock,4,5,40
Block,-33,0,147
BreakableBlock,-2,15,52
BreakableBlock,-12,9,50
Block,9,0,21
BreakableBlock,10,9,68
BreakableBlock,24,7,64
BreakableBlock,4,11,54
BreakableBlock,-12,5,30
BreakableBlock,-18,7,42
BreakableBlock,-4,11,88
BreakableBlock,18,3,44
BreakableBlock,-20,11,34
BreakableBlock,-4,7,48
BreakableBlock,-8,5,68
BreakableBlock,-18,5,76
BreakableBlock,16,3,60
Block,6,0,168
BreakableBlock,4,5,54
BreakableBlock,-14,15,44
Block,12,0,213
Block,-3,0,48
BreakableBlock,0,9,30
BreakableBlock,24,13,70
Block,12,0,219
Block,-15,0,9
BreakableBlock,-14,11,30
BreakableBlock,24,15,80
BreakableBlock,16,3,74
Block,48,0,165
Block,21,0,153
BreakableBlock,8,5,76
BreakableBlock,-18,3,68
BreakableBlock,0,5,80
Block,-3,0,-42
Block,-6,0,132
Block,51,0,174
BreakableBlock,8,15,78
BreakableBlock,24,9,88
BreakableBlock,-8,5,34
Block,-33,0,-18
Block,-3,0,201
BreakableBlock,14,3,56
Block,-39,0,120
Block,45,0,204
BreakableBlock,-20,9,90
Block,-45,0,132
BreakableBlock,-18,5,66
BreakableBlock,-20,11,92
Block,-12,0,-54
BreakableBlock,6,15,90
BreakableBlock,-6,3,46
BreakableBlock,22,3,40
BreakableBlock,22,13,72
Block,-33,0,144
BreakableBlock,14,3,72
BreakableBlock,-22,13,42
Block,51,0,213
BreakableBlock,22,11,50
BreakableBlock,12,13,88
BreakableBlock,-12,3,74
BreakableBlock,-18,13,82
Block,15,0,-12
Block,54,0,183
BreakableBlock,20,3,84
BreakableBlock,4,5,38
Block,-15,0,15
Block,30,0,135
BreakableBlock,12,13,70
Block,15,0,132
BreakableBlock,-14,7,88
BreakableBlock,2,3,86
Block,-3,0,108
BreakableBlock,-12,13,80
BreakableBlock,-12,5,74
BreakableBlock,0,9,76
Block,21,0,219
Block,3,0,9
Block,-21,0,198
BreakableBlock,-8,5,48
Block,-48,0,165
Block,9,0,81
BreakableBlock,-14,13,80
Block,0,0,42
BreakableBlock,-14,5,42
BreakableBlock,-4,15,60
BreakableBlock,24,3,80
BreakableBlock,-10,11,32
BreakableBlock,-14,11,34
Block,9,0,63
Block,-9,0,174
BreakableBlock,-18,9,40
BreakableBlock,12,15,82
BreakableBlock,-16,11,38
BreakableBlock,-16,11,50
BreakableBlock,18,9,32
Block,33,0,225
BreakableBlock,-8,3,74
BreakableBlock,-8,13,86
BreakableBlock,-16,5,74
BreakableBlock,-14,11,72
BreakableBlock,14,15,42
BreakableBlock,2,11,68
BreakableBlock,-14,5,70
BreakableBlock,-22,11,56
BreakableBlock,18,3,56
BreakableBlock,-4,3,56
BreakableBlock,6,15,92
BreakableBlock,-12,15,44
Block,-15,0,171
BreakableBlock,22,3,46
Block,-57,0,204
BreakableBlock,-12,15,32
BreakableBlock,-14,5,90
BreakableBlock,-14,5,92
BreakableBlock,14,11,50
BreakableBlock,10,5,74
Block,9,0,18
Block,-3,0,-36
BreakableBlock,0,3,52
BreakableBlock,-22,11,60
Block,9,0,-42
Block,30,0,183
Block,-57,0,195
Block,-24,0,120
BreakableBlock,-18,11,76
BreakableBlock,-12,15,70
BreakableBlock,-18,3,32
BreakableBlock,10,15,44
BreakableBlock,2,3,70
BreakableBlock,20,5,34
Block,-12,0,-42
Block,12,0,162
Block,-39,0,174
BreakableBlock,10,5,76
Block,36,0,165
Block,-57,0,201
BreakableBlock,-22,11,52
BreakableBlock,-18,7,50
BreakableBlock,-22,3,32
BreakableBlock,22,3,82
BreakableBlock,-4,3,52
BreakableBlock,-18,15,46
BreakableBlock,-22,15,32
Block,33,0,-18
Block,42,0,210
BreakableBlock,22,9,38
Block,-57,0,189
BreakableBlock,-6,5,84
Block,48,0,204
BreakableBlock,-4,3,48
BreakableBlock,-14,5,46
BreakableBlock,8,11,34
BreakableBlock,-20,3,54
BreakableBlock,24,5,52
BreakableBlock,4,13,48
Block,15,0,156
BreakableBlock,-16,5,76
BreakableBlock,-10,15,92
BreakableBlock,16,5,50
BreakableBlock,-22,15,30
Block,-42,0,213
BreakableBlock,6,11,78
BreakableBlock,-6,5,30
BreakableBlock,22,5,56
BreakableBlock,-20,11,36
BreakableBlock,10,7,62
Block,15,0,48
BreakableBlock,-4,5,64
BreakableBlock,-20,15,74
BreakableBlock,-8,3,80
BreakableBlock,-14,7,32
BreakableBlock,18,5,40
BreakableBlock,24,3,78
Block,45,0,210
BreakableBlock,-8,13,54
BreakableBlock,-8,9,54
BreakableBlock,8,7,40
Block,9,0,168
BreakableBlock,-2,3,42
BreakableBlock,14,13,74
BreakableBlock,10,13,40
BreakableBlock,0,7,34
Block,-51,0,153
BreakableBlock,12,15,78
BreakableBlock,4,5,48
BreakableBlock,-6,3,58
Block,24,0,153
BreakableBlock,-10,11,46
BreakableBlock,-10,9,62
BreakableBlock,8,13,38
BreakableBlock,-8,15,34
BreakableBlock,18,11,52
BreakableBlock,-8,13,82
BreakableBlock,-18,7,90
BreakableBlock,8,7,86
BreakableBlock,6,13,34
BreakableBlock,-10,15,40
BreakableBlock,-18,5,68
BreakableBlock,-6,15,30
BreakableBlock,-12,3,60
BreakableBlock,-4,5,42
Block,-18,0,-18
BreakableBlock,6,15,30
BreakableBlock,10,13,64
BreakableBlock,-20,5,38
BreakableBlock,22,13,68
BreakableBlock,18,11,88
Block,-45,0,150
Block,-27,0,174
Block,-51,0,201
BreakableBlock,8,15,84
BreakableBlock,-8,7,72
Block,48,0,183
BreakableBlock,-12,3,90
BreakableBlock,-12,5,90
BreakableBlock,18,5,58
BreakableBlock,10,7,86
BreakableBlock,-12,13,34
BreakableBlock,12,11,64
Block,18,0,33
BreakableBlock,8,9,78
Block,-27,0,-3
Block,6,0,75
Block,-30,0,225
BreakableBlock,-4,11,78
BreakableBlock,-14,3,64
BreakableBlock,-2,9,30
BreakableBlock,16,3,56
BreakableBlock,-12,3,40
Block,54,0,114
BreakableBlock,-12,15,34
BreakableBlock,-10,7,76
Block,-21,0,111
Block,21,0,141
BreakableBlock,-10,9,80
BreakableBlock,6,15,82
Block,-18,0,192
BreakableBlock,20,3,76
Block,-15,0,153
BreakableBlock,-14,9,50
BreakableBlock,4,15,44
BreakableBlock,-10,15,62
Block,15,0,177
BreakableBlock,-18,7,76
Block,-54,0,192
BreakableBlock,18,5,54
BreakableBlock,-12,15,90
Block,57,0,213
BreakableBlock,-10,9,32
Block,-51,0,186
Block,9,0,-21
BreakableBlock,4,13,44
Block,-3,0,30
BreakableBlock,6,15,56
Block,54,0,177
BreakableBlock,14,11,86
BreakableBlock,20,11,36
BreakableBlock,-14,3,82
Block,-18,0,75
BreakableBlock,14,15,76
Block,24,0,-36
BreakableBlock,-16,3,74
BreakableBlock,-20,9,56
BreakableBlock,20,15,54
BreakableBlock,-14,3,78
BreakableBlock,22,13,42
Block,3,0,219
Block,15,0,-51
BreakableBlock,-14,7,56
Block,-3,0,63
BreakableBlock,-12,11,74
BreakableBlock,14,7,42
BreakableBlock,-20,15,56
BreakableBlock,4,3,122
Block,-21,0,156
BreakableBlock,-2,3,52
BreakableBlock,-2,11,90
BreakableBlock,-16,5,52
Block,45,0,198
BreakableBlock,12,15,92
BreakableBlock,-6,9,46
BreakableBlock,4,5,36
Block,-30,0,180
Block,-36,0,171
BreakableBlock,24,15,90
BreakableBlock,-14,9,44
BreakableBlock,6,15,58
BreakableBlock,20,11,76
BreakableBlock,2,11,78
Block,9,0,45
Block,6,0,132
BreakableBlock,6,13,46
BreakableBlock,-8,13,64
BreakableBlock,-20,13,54
BreakableBlock,-16,3,122
BreakableBlock,22,13,86
BreakableBlock,22,7,48
BreakableBlock,14,13,82
BreakableBlock,-16,9,76
BreakableBlock,2,15,52
Block,3,0,213
Block,-36,0,225
BreakableBlock,-16,15,78
Block,6,0,-6
BreakableBlock,-16,5,38
Block,0,0,12
BreakableBlock,-14,15,74
BreakableBlock,-6,11,76
BreakableBlock,-18,7,74
BreakableBlock,20,15,40
Block,54,0,120
BreakableBlock,12,11,58
BreakableBlock,-2,13,34
BreakableBlock,-16,13,36
Block,-30,0,-24
BreakableBlock,14,15,38
BreakableBlock,24,15,70
BreakableBlock,20,3,52
BreakableBlock,16,7,90
BreakableBlock,-16,3,62
Block,-51,0,171
Block,-12,0,-36
BreakableBlock,10,11,92
BreakableBlock,-6,15,40
BreakableBlock,-22,3,52
BreakableBlock,-6,7,70
Block,0,0,102
BreakableBlock,14,15,78
BreakableBlock,16,7,40
BreakableBlock,-4,13,74
BreakableBlock,2,5,44
BreakableBlock,-2,11,84
BreakableBlock,-2,9,66
BreakableBlock,-22,13,34
BreakableBlock,22,11,64
Block,-42,0,117
BreakableBlock,-4,9,64
BreakableBlock,-8,13,32
BreakableBlock,8,15,80
BreakableBlock,-16,7,92
BreakableBlock,-2,9,90
Block,30,0,-39
BreakableBlock,0,7,38
BreakableBlock,0,15,70
Block,33,0,195
BreakableBlock,2,15,70
BreakableBlock,24,7,72
BreakableBlock,-22,7,32
BreakableBlock,0,9,80
BreakableBlock,-16,11,90
Block,21,0,159
BreakableBlock,-14,13,36
BreakableBlock,22,5,90
BreakableBlock,16,15,76
Block,-12,0,-51
Block,12,0,204
BreakableBlock,-4,15,80
BreakableBlock,-18,15,68
BreakableBlock,10,5,38
BreakableBlock,-18,7,34
Block,45,0,138
BreakableBlock,6,5,46
BreakableBlock,22,3,68
BreakableBlock,-6,15,56
BreakableBlock,18,7,92
Block,24,0,216
BreakableBlock,18,3,42
BreakableBlock,24,13,90
BreakableBlock,2,13,34
BreakableBlock,10,15,66
BreakableBlock,0,3,34
Block,39,0,150
BreakableBlock,14,5,52
BreakableBlock,10,7,58
BreakableBlock,24,3,48
BreakableBlock,8,9,66
BreakableBlock,24,5,66
Block,-18,0,129
BreakableBlock,6,5,60
BreakableBlock,-22,9,40
BreakableBlock,4,11,62
BreakableBlock,12,9,40
BreakableBlock,12,11,46
BreakableBlock,20,3,90
BreakableBlock,-22,15,40
Block,-18,0,-21
Block,18,0,174
BreakableBlock,22,9,54
Block,39,0,180
BreakableBlock,20,13,36
BreakableBlock,18,13,76
Block,42,0,189
Block,-57,0,132
BreakableBlock,18,7,36
BreakableBlock,2,9,60
BreakableBlock,20,5,88
BreakableBlock,18,13,86
BreakableBlock,20,11,88
BreakableBlock,18,7,38
Block,-24,0,168
BreakableBlock,14,11,30
Block,-48,0,147
BreakableBlock,10,13,48
Block,-42,0,177
BreakableBlock,12,3,62
BreakableBlock,0,7,66
Block,-33,0,207
BreakableBlock,-6,7,86
Block,-27,0,216
BreakableBlock,-8,15,58
BreakableBlock,14,3,58
BreakableBlock,6,13,92
BreakableBlock,-14,7,78
BreakableBlock,4,9,92
Block,57,0,207
BreakableBlock,0,13,56
Block,6,0,225
Block,-3,0,150
BreakableBlock,-6,3,42
BreakableBlock,-18,15,80
BreakableBlock,20,5,68
Block,-27,0,-27
Block,45,0,165
BreakableBlock,8,11,68
BreakableBlock,6,5,40
BreakableBlock,-22,9,38
BreakableBlock,-22,9,30
BreakableBlock,4,13,36
BreakableBlock,0,11,40
BreakableBlock,-16,5,78
BreakableBlock,14,15,72
BreakableBlock,-6,7,42
BreakableBlock,2,13,60
BreakableBlock,-16,7,58
Block,-12,0,33
BreakableBlock,20,3,60
Block,-39,0,180
BreakableBlock,-22,15,80
BreakableBlock,0,15,52
BreakableBlock,-6,11,32
Block,15,0,-3
BreakableBlock,22,13,58
Block,-6,0,189
BreakableBlock,-12,7,50
Block,-54,0,186
BreakableBlock,4,5,64
Block,-30,0,177
BreakableBlock,-20,15,84
BreakableBlock,0,13,78
Block,-6,0,81
BreakableBlock,2,3,80
BreakableBlock,22,15,32
BreakableBlock,-6,7,68
Block,-48,0,159
BreakableBlock,-10,3,68
BreakableBlock,-10,5,122
BreakableBlock,-4,3,36
BreakableBlock,-22,9,92
BreakableBlock,14,5,42
BreakableBlock,10,13,90
Block,-6,0,69
BreakableBlock,-20,13,36
BreakableBlock,12,3,54
BreakableBlock,20,5,46
Block,-39,0,189
BreakableBlock,14,11,76
BreakableBlock,-12,13,70
BreakableBlock,-16,9,36
BreakableBlock,-20,13,92
Block,51,0,189
BreakableBlock,-14,3,42
Block,0,0,186
BreakableBlock,4,11,46
Block,-27,0,186
Block,-27,0,-42
Block,30,0,213
Block,6,0,210
Block,-48,0,168
Block,33,0,-9
BreakableBlock,10,7,50
Block,33,0,222
BreakableBlock,6,3,88
BreakableBlock,-20,3,38
BreakableBlock,-16,7,68
BreakableBlock,18,7,82
Block,-9,0,153
Block,54,0,144
BreakableBlock,10,9,42
Block,-33,0,-48
Block,42,0,126
Block,-15,0,-18
BreakableBlock,-4,9,32
BreakableBlock,18,11,36
BreakableBlock,8,5,36
BreakableBlock,-4,9,80
BreakableBlock,-22,5,84
BreakableBlock,-6,7,78
Block,-18,0,99
Block,18,0,0
BreakableBlock,-12,5,58
BreakableBlock,10,3,84
BreakableBlock,-12,15,64
BreakableBlock,12,13,30
Block,0,0,-48
Block,27,0,156
BreakableBlock,-6,15,38
BreakableBlock,-8,9,66
Block,-18,0,162
BreakableBlock,-12,3,58
BreakableBlock,-22,7,38
BreakableBlock,2,15,90
Block,0,0,33
BreakableBlock,4,7,88
BreakableBlock,18,3,64
BreakableBlock,0,5,70
BreakableBlock,8,9,76
BreakableBlock,0,5,92
BreakableBlock,-22,13,44
BreakableBlock,-22,13,88
BreakableBlock,-18,11,84
Block,-27,0,114
Block,3,0,186
Block,-42,0,168
BreakableBlock,-22,5,82
BreakableBlock,20,15,50
Block,-45,0,180
BreakableBlock,20,5,84
BreakableBlock,-14,15,50
BreakableBlock,4,13,80
BreakableBlock,18,3,52
BreakableBlock,-22,7,44
Block,-42,0,126
BreakableBlock,20,3,92
Block,18,0,15
Block,18,0,3
Block,6,0,216
BreakableBlock,4,9,80
BreakableBlock,-20,5,44
BreakableBlock,22,7,82
BreakableBlock,-26,3,122
BreakableBlock,-20,9,92
BreakableBlock,6,11,54
BreakableBlock,10,15,38
BreakableBlock,0,3,88
BreakableBlock,4,7,64
BreakableBlock,0,13,88
Block,57,0,147
BreakableBlock,8,9,80
BreakableBlock,-14,13,50
Block,12,0,6
Block,-6,0,90
BreakableBlock,14,15,90
BreakableBlock,6,9,60
Block,-33,0,156
BreakableBlock,2,7,44
BreakableBlock,-16,3,50
Block,-18,0,90
BreakableBlock,-10,7,40
BreakableBlock,16,5,36
Block,51,0,192
Block,12,0,210
BreakableBlock,-4,11,64
Block,-6,0,171
Block,-15,0,-36
BreakableBlock,-16,5,122
BreakableBlock,24,15,38
BreakableBlock,16,5,62
BreakableBlock,6,7,76
Block,-30,0,186
Block,-21,0,-33
BreakableBlock,24,11,54
BreakableBlock,6,7,40
BreakableBlock,-22,5,48
BreakableBlock,-2,3,62
BreakableBlock,-10,3,44
BreakableBlock,-18,9,30
Block,57,0,162
BreakableBlock,-2,7,36
BreakableBlock,-16,13,56
BreakableBlock,-18,3,60
BreakableBlock,4,11,86
Block,0,0,75
Block,27,0,213
BreakableBlock,-22,15,90
BreakableBlock,14,9,34
BreakableBlock,8,13,34
BreakableBlock,14,7,54
BreakableBlock,-2,7,74
Block,-3,0,126
BreakableBlock,12,13,82
Block,21,0,108
BreakableBlock,-22,5,68
Block,3,0,111
BreakableBlock,-2,7,56
BreakableBlock,-20,11,76
Block,27,0,225
BreakableBlock,22,9,34
BreakableBlock,24,3,62
Block,-18,0,177
BreakableBlock,-6,5,34
BreakableBlock,-2,9,86
Block,-51,0,177
BreakableBlock,-16,7,90
BreakableBlock,-2,13,36
BreakableBlock,24,13,42
BreakableBlock,18,9,40
Block,-36,0,132
BreakableBlock,18,15,80
Block,0,0,90
Block,-18,0,12
BreakableBlock,-20,11,60
BreakableBlock,-2,5,36
Block,33,0,186
BreakableBlock,0,15,84
Block,51,0,141
BreakableBlock,20,3,48
Block,42,0,114
BreakableBlock,24,13,80
BreakableBlock,10,7,92
Block,21,0,-18
BreakableBlock,8,13,32
BreakableBlock,-18,11,56
Block,-57,0,198
BreakableBlock,18,9,44
BreakableBlock,12,15,44
BreakableBlock,10,11,68
BreakableBlock,-22,15,44
BreakableBlock,8,3,50
BreakableBlock,-6,15,84
BreakableBlock,-4,15,36
BreakableBlock,-6,15,90
Block,33,0,-42
BreakableBlock,14,13,30
BreakableBlock,-14,13,68
BreakableBlock,-10,3,42
BreakableBlock,-8,3,64
Block,-21,0,159
Block,57,0,114
BreakableBlock,20,9,64
Block,-9,0,-9
BreakableBlock,-6,3,60
BreakableBlock,-2,5,34
Block,15,0,78
BreakableBlock,-4,9,42
BreakableBlock,10,11,70
BreakableBlock,2,5,72
Block,6,0,219
BreakableBlock,18,15,50
BreakableBlock,-8,5,42
Block,24,0,132
BreakableBlock,22,11,46
Block,57,0,111
Block,-9,0,30
BreakableBlock,2,11,32
BreakableBlock,-2,13,86
Block,-9,0,84
BreakableBlock,-16,15,90
BreakableBlock,24,9,78
BreakableBlock,-14,11,74
Block,-27,0,126
BreakableBlock,22,9,30
BreakableBlock,-22,3,68
Block,-51,0,216
BreakableBlock,16,3,46
BreakableBlock,-10,3,90
BreakableBlock,14,9,66
BreakableBlock,6,3,58
Block,30,0,195
Block,-12,0,117
Block,57,0,150
BreakableBlock,-22,5,38
Block,-21,0,-30
Block,-39,0,135
Block,-9,0,201
BreakableBlock,16,13,34
Block,3,0,144
BreakableBlock,-18,3,36
BreakableBlock,16,3,80
BreakableBlock,24,7,48
BreakableBlock,8,13,36
BreakableBlock,14,3,54
Block,24,0,222
BreakableBlock,10,11,38
BreakableBlock,8,7,30
BreakableBlock,-22,5,60
Block,-12,0,111
BreakableBlock,14,11,68
BreakableBlock,-8,3,60
BreakableBlock,-10,11,82
BreakableBlock,8,9,56
BreakableBlock,-18,11,42
BreakableBlock,-4,7,54
BreakableBlock,24,9,44
BreakableBlock,2,5,60
Block,-9,0,-51
BreakableBlock,-12,5,92
BreakableBlock,12,13,42
BreakableBlock,6,11,92
BreakableBlock,16,15,84
BreakableBlock,24,11,52
BreakableBlock,0,15,68
Block,36,0,204
Block,18,0,198
BreakableBlock,-6,11,72
BreakableBlock,14,15,36
BreakableBlock,20,7,34
BreakableBlock,-20,11,46
BreakableBlock,-22,9,42
BreakableBlock,20,15,76
BreakableBlock,-16,3,38
BreakableBlock,18,11,78
BreakableBlock,2,15,78
BreakableBlock,-12,15,40
Block,-18,0,21
BreakableBlock,22,3,50
BreakableBlock,-20,13,70
BreakableBlock,14,9,76
BreakableBlock,18,11,82
Block,18,0,21
BreakableBlock,20,5,92
Block,3,0,204
Block,-3,0,54
Block,-9,0,-3
Block,21,0,-30
BreakableBlock,2,9,90
Block,-27,0,177
Block,51,0,162
Block,48,0,117
BreakableBlock,-22,11,72
BreakableBlock,22,7,40
BreakableBlock,20,5,50
Block,-36,0,108
Block,-15,0,147
BreakableBlock,24,7,82
BreakableBlock,-14,11,38
BreakableBlock,-16,7,56
BreakableBlock,16,7,76
Block,-42,0,108
Block,3,0,147
BreakableBlock,6,11,56
Block,45,0,207
BreakableBlock,24,11,78
BreakableBlock,-16,13,76
BreakableBlock,0,5,56
BreakableBlock,-16,15,68
Block,-9,0,108
BreakableBlock,4,7,74
BreakableBlock,18,15,60
BreakableBlock,-4,13,90
Block,0,0,24
Block,33,0,135
Block,-12,0,144
BreakableBlock,-14,13,60
Block,24,0,-9
BreakableBlock,-22,3,62
Block,9,0,-33
BreakableBlock,20,5,52
BreakableBlock,-20,13,66
Block,36,0,171
BreakableBlock,16,3,68
BreakableBlock,-4,7,44
BreakableBlock,-18,7,44
BreakableBlock,-16,11,36
BreakableBlock,14,13,80
BreakableBlock,-22,3,30
BreakableBlock,12,15,50
BreakableBlock,-8,11,34
BreakableBlock,-10,3,64
BreakableBlock,-8,13,72
Block,21,0,-3
BreakableBlock,22,11,48
BreakableBlock,-2,11,92
Block,6,0,150
BreakableBlock,-10,3,36
Block,0,0,48
BreakableBlock,-12,5,34
BreakableBlock,24,5,88
Block,12,0,30
BreakableBlock,-2,3,66
Block,27,0,-51
BreakableBlock,-20,13,46
Block,-27,0,204
BreakableBlock,12,7,54
Block,-18,0,-15
Block,-30,0,183
BreakableBlock,22,9,52
BreakableBlock,12,11,84
BreakableBlock,2,15,60
BreakableBlock,8,3,32
Block,-30,0,126
BreakableBlock,-14,3,50
Block,15,0,27
Block,-6,0,-18
BreakableBlock,-16,15,32
Block,24,0,198
Block,6,0,105
BreakableBlock,-18,13,64
BreakableBlock,6,11,76
Block,-57,0,108
Block,-18,0,-48
Block,-54,0,114
BreakableBlock,16,11,30
Block,12,0,3
BreakableBlock,-20,5,84
Block,54,0,210
BreakableBlock,6,5,48
BreakableBlock,2,5,74
BreakableBlock,22,13,74
BreakableBlock,-22,13,82
BreakableBlock,-20,11,74
Block,-21,0,195
BreakableBlock,-18,15,44
Block,39,0,153
BreakableBlock,-6,5,80
Block,-57,0,186
BreakableBlock,-18,15,84
BreakableBlock,16,5,66
BreakableBlock,12,11,82
Block,45,0,177
BreakableBlock,-6,3,38
BreakableBlock,-8,3,68
BreakableBlock,-14,9,88
Block,36,0,132
BreakableBlock,-12,13,38
BreakableBlock,22,15,86
Block,24,0,-42
Block,33,0,210
BreakableBlock,-10,3,34
BreakableBlock,-12,3,42
BreakableBlock,-6,9,66
Block,-24,0,-48
Block,-33,0,123
Block,21,0,168
BreakableBlock,18,13,84
BreakableBlock,-2,11,74
BreakableBlock,10,11,50
Block,-42,0,147
Block,6,0,129
BreakableBlock,6,13,88
BreakableBlock,8,9,62
BreakableBlock,8,5,82
BreakableBlock,-16,5,56
BreakableBlock,-12,15,86
Block,-27,0,198
BreakableBlock,-14,7,34
BreakableBlock,-10,15,46
Block,6,0,36
BreakableBlock,22,5,62
Block,-15,0,-54
Block,-15,0,33
BreakableBlock,-22,5,86
BreakableBlock,-10,15,42
BreakableBlock,20,15,46
Block,3,0,159
BreakableBlock,16,3,86
BreakableBlock,-8,15,72
BreakableBlock,-10,7,84
Block,-54,0,123
BreakableBlock,-8,7,64
BreakableBlock,4,13,56
Block,-27,0,-48
Block,30,0,165
BreakableBlock,-16,3,54
BreakableBlock,6,13,84
BreakableBlock,14,11,74
BreakableBlock,12,13,80
BreakableBlock,24,7,92
Block,-57,0,123
BreakableBlock,-18,3,74
BreakableBlock,-16,3,32
Block,-39,0,108
BreakableBlock,18,11,60
BreakableBlock,-20,15,54
Block,9,0,-27
BreakableBlock,22,5,58
BreakableBlock,12,11,86
BreakableBlock,22,15,58
BreakableBlock,-2,11,70
BreakableBlock,18,13,54
Block,-27,0,-36
Block,42,0,222
BreakableBlock,-20,3,74
BreakableBlock,-14,15,66
BreakableBlock,16,13,48
BreakableBlock,10,15,42
BreakableBlock,10,9,88
Block,3,0,-42
BreakableBlock,2,5,76
BreakableBlock,-20,5,66
Block,45,0,219
Block,45,0,225
BreakableBlock,-16,15,38
Block,39,0,210
BreakableBlock,24,7,36
BreakableBlock,-12,15,80
BreakableBlock,14,5,38
BreakableBlock,12,11,76
BreakableBlock,-8,7,74
BreakableBlock,2,13,68
BreakableBlock,-10,7,58
BreakableBlock,16,3,40
Block,-21,0,-42
BreakableBlock,-4,9,92
Block,0,0,123
BreakableBlock,18,5,90
BreakableBlock,-22,15,76
BreakableBlock,-6,13,64
Block,0,0,147
Block,12,0,108
BreakableBlock,20,9,32
BreakableBlock,2,11,48
BreakableBlock,8,5,68
Block,6,0,99
Block,-33,0,-39
Block,-3,0,90
BreakableBlock,-6,11,70
BreakableBlock,2,15,50
Block,-57,0,117
Block,27,0,-48
BreakableBlock,10,9,60
Block,-12,0,-24
Block,-9,0,75
BreakableBlock,16,11,80
BreakableBlock,6,5,66
BreakableBlock,18,11,74
BreakableBlock,-20,5,40
BreakableBlock,10,13,82
BreakableBlock,-16,7,72
BreakableBlock,24,13,46
Block,21,0,165
Block,-9,0,54
BreakableBlock,2,15,62
BreakableBlock,-12,7,30
Block,-3,0,189
BreakableBlock,-10,5,72
BreakableBlock,-18,9,86
Block,3,0,126
BreakableBlock,4,13,62
BreakableBlock,-8,3,36
BreakableBlock,-12,3,64
BreakableBlock,-2,13,88
BreakableBlock,-22,11,42
BreakableBlock,4,3,60
BreakableBlock,0,3,92
Block,-18,0,93
BreakableBlock,8,13,72
BreakableBlock,-18,13,90
BreakableBlock,4,11,84
BreakableBlock,20,13,50
BreakableBlock,-8,11,60
BreakableBlock,14,3,84
Block,18,0,117
BreakableBlock,6,9,92
BreakableBlock,-18,13,52
BreakableBlock,8,15,70
BreakableBlock,-20,7,48
Block,33,0,126
Block,18,0,30
BreakableBlock,2,3,64
BreakableBlock,-2,7,38
Block,3,0,-3
BreakableBlock,8,5,40
Block,-9,0,90
Block,-9,0,24
BreakableBlock,8,15,62
BreakableBlock,10,5,44
BreakableBlock,-20,11,40
BreakableBlock,6,11,46
BreakableBlock,24,9,84
BreakableBlock,-18,9,38
BreakableBlock,-22,13,48
BreakableBlock,-20,3,76
BreakableBlock,24,9,52
Block,27,0,189
Block,-21,0,201
BreakableBlock,4,7,78
Block,27,0,114
Block,6,0,111
Block,-6,0,183
BreakableBlock,2,11,88
BreakableBlock,10,3,74
BreakableBlock,2,9,64
BreakableBlock,-12,3,36
Block,-3,0,195
BreakableBlock,-4,3,40
BreakableBlock,20,15,82
Block,39,0,144
BreakableBlock,6,11,48
BreakableBlock,-20,7,88
BreakableBlock,18,5,60
BreakableBlock,12,5,40
BreakableBlock,18,3,62
Block,15,0,36
BreakableBlock,22,9,68
BreakableBlock,18,13,64
Block,-54,0,108
Block,18,0,54
BreakableBlock,22,15,62
Block,-9,0,210
BreakableBlock,8,11,62
BreakableBlock,-20,13,84
Block,3,0,114
BreakableBlock,-2,5,68
BreakableBlock,-20,15,62
BreakableBlock,-14,9,58
Block,-39,0,165
BreakableBlock,20,3,30
BreakableBlock,18,7,78
BreakableBlock,-22,7,54
Block,-48,0,177
BreakableBlock,6,3,34
BreakableBlock,14,5,48
BreakableBlock,-6,15,86
BreakableBlock,4,15,68
Block,12,0,102
BreakableBlock,4,13,38
BreakableBlock,0,3,32
BreakableBlock,24,3,84
Block,-6,0,33
BreakableBlock,6,13,54
Block,6,0,3
BreakableBlock,-6,9,64
Block,6,0,195
Block,9,0,222
Block,9,0,-48
BreakableBlock,18,9,38
BreakableBlock,-20,11,82
BreakableBlock,18,11,66
BreakableBlock,20,9,60
Block,45,0,168
Block,-12,0,27
BreakableBlock,8,5,44
BreakableBlock,-14,7,66
BreakableBlock,6,5,84
Block,-9,0,-30
Block,-6,0,153
BreakableBlock,-6,11,86
BreakableBlock,-18,7,88
BreakableBlock,6,9,90
BreakableBlock,-18,15,92
BreakableBlock,6,13,36
BreakableBlock,6,5,58
Block,-54,0,195
BreakableBlock,-18,7,52
BreakableBlock,2,5,68
Block,6,0,192
BreakableBlock,-6,11,64
BreakableBlock,22,7,74
BreakableBlock,-14,9,30
BreakableBlock,-18,11,30
Block,-9,0,129
BreakableBlock,18,5,72
BreakableBlock,-2,3,84
Block,18,0,225
BreakableBlock,-20,15,30
BreakableBlock,12,11,56
BreakableBlock,4,13,88
BreakableBlock,-18,7,86
BreakableBlock,14,7,84
Block,21,0,123
BreakableBlock,-2,15,88
Block,12,0,183
Block,-18,0,120
BreakableBlock,-10,11,48
BreakableBlock,-14,13,86
Block,15,0,159
BreakableBlock,14,9,40
BreakableBlock,-16,7,74
BreakableBlock,-22,15,34
BreakableBlock,24,13,50
BreakableBlock,10,3,64
Block,-48,0,150
BreakableBlock,-8,9,70
Block,-3,0,132
BreakableBlock,-18,15,82
Block,-36,0,186
BreakableBlock,-18,7,60
BreakableBlock,14,13,88
BreakableBlock,8,9,72
BreakableBlock,16,11,64
BreakableBlock,-12,13,76
BreakableBlock,2,7,30
BreakableBlock,6,13,66
Block,15,0,-18
BreakableBlock,22,7,86
BreakableBlock,-20,3,90
BreakableBlock,20,11,62
BreakableBlock,14,3,46
BreakableBlock,-4,9,38
Block,39,0,111
BreakableBlock,-14,11,58
BreakableBlock,18,15,34
BreakableBlock,-4,15,44
BreakableBlock,-8,15,88
BreakableBlock,-16,13,48
BreakableBlock,24,5,32
BreakableBlock,6,11,60
Block,24,0,210
BreakableBlock,-16,11,62
Block,-3,0,141
BreakableBlock,6,5,38
BreakableBlock,12,11,78
BreakableBlock,-18,15,42
BreakableBlock,22,15,74
Block,36,0,162
BreakableBlock,16,5,58
BreakableBlock,-10,13,58
BreakableBlock,2,9,58
BreakableBlock,-2,3,36
BreakableBlock,-22,11,82
BreakableBlock,-10,3,56
BreakableBlock,-12,9,70
Block,-33,0,225
BreakableBlock,14,9,48
BreakableBlock,8,5,122
BreakableBlock,22,9,80
BreakableBlock,-2,5,48
BreakableBlock,0,9,56
Block,9,0,78
Block,-6,0,177
Block,18,0,168
BreakableBlock,2,5,64
Block,-6,0,-6
BreakableBlock,-18,7,56
Block,-33,0,177
BreakableBlock,10,7,88
BreakableBlock,-6,3,52
Block,39,0,129
BreakableBlock,12,3,76
BreakableBlock,-6,7,38
BreakableBlock,-12,13,62
BreakableBlock,4,5,32
Block,-42,0,132
Block,-18,0,102
BreakableBlock,8,9,40
BreakableBlock,-2,13,60
BreakableBlock,-2,15,76
Block,-24,0,138
Block,24,0,-3
Block,-9,0,141
BreakableBlock,-8,13,88
BreakableBlock,18,13,82
BreakableBlock,-4,11,92
Block,30,0,123
Block,45,0,159
BreakableBlock,-2,7,80
BreakableBlock,-16,5,88
BreakableBlock,2,11,82
BreakableBlock,-18,3,50
BreakableBlock,-14,15,42
BreakableBlock,-22,5,50
BreakableBlock,16,13,38
BreakableBlock,-8,7,56
BreakableBlock,2,15,34
BreakableBlock,-4,13,58
BreakableBlock,4,15,52
BreakableBlock,-12,9,32
BreakableBlock,8,9,84
Block,-3,0,123
Block,18,0,189
BreakableBlock,-4,5,80
BreakableBlock,-14,11,80
BreakableBlock,8,13,60
Block,51,0,111
BreakableBlock,4,5,70
BreakableBlock,10,7,44
BreakableBlock,-20,3,86
BreakableBlock,22,15,78
BreakableBlock,12,3,74
Block,-30,0,174
BreakableBlock,22,15,90
BreakableBlock,22,13,32
BreakableBlock,18,7,48
Block,3,0,117
Block,12,0,42
BreakableBlock,14,9,62
BreakableBlock,8,9,34
BreakableBlock,10,15,30
Block,9,0,165
Block,3,0,141
BreakableBlock,20,9,72
BreakableBlock,-18,7,70
BreakableBlock,2,7,90
BreakableBlock,6,7,52
BreakableBlock,6,15,44
BreakableBlock,-2,13,64
BreakableBlock,8,13,30
BreakableBlock,10,7,38
BreakableBlock,16,11,52
BreakableBlock,-10,13,30
Block,-30,0,189
BreakableBlock,-10,3,52
Block,-57,0,126
BreakableBlock,-14,11,50
BreakableBlock,-22,15,64
Block,42,0,111
BreakableBlock,22,15,70
BreakableBlock,0,3,64
Block,9,0,150
BreakableBlock,-6,13,74
BreakableBlock,14,9,54
BreakableBlock,-4,3,34
BreakableBlock,-8,9,34
BreakableBlock,-20,13,34
Block,51,0,147
BreakableBlock,4,3,50
BreakableBlock,-10,15,66
BreakableBlock,22,13,50
BreakableBlock,22,9,84
BreakableBlock,-4,7,76
BreakableBlock,2,3,90
BreakableBlock,24,11,74
BreakableBlock,22,5,68
BreakableBlock,4,13,50
BreakableBlock,12,15,68
BreakableBlock,12,13,54
Block,-18,0,51
BreakableBlock,10,9,52
Block,9,0,-9
BreakableBlock,-8,7,84
BreakableBlock,4,3,78
BreakableBlock,22,7,78
BreakableBlock,10,9,80
BreakableBlock,14,15,88
Block,-6,0,39
BreakableBlock,18,5,82
BreakableBlock,-4,13,78
BreakableBlock,10,5,54
BreakableBlock,4,5,86
BreakableBlock,-12,7,66
BreakableBlock,-18,9,58
BreakableBlock,8,9,44
BreakableBlock,-18,11,38
Block,-51,0,138
Block,0,0,51
BreakableBlock,-10,3,80
Block,0,0,21
BreakableBlock,-6,15,68
Block,-3,0,-9
BreakableBlock,-6,5,56
BreakableBlock,-4,9,34
BreakableBlock,10,11,76
BreakableBlock,14,9,70
Block,-54,0,126
BreakableBlock,-6,7,62
BreakableBlock,24,5,60
BreakableBlock,22,13,84
BreakableBlock,-12,15,88
BreakableBlock,-12,3,44
BreakableBlock,-4,11,54
BreakableBlock,2,9,82
BreakableBlock,18,11,90
BreakableBlock,14,15,86
Block,51,0,123
BreakableBlock,12,7,88
BreakableBlock,16,9,78
BreakableBlock,-6,13,52
Block,6,0,171
BreakableBlock,-22,3,48
BreakableBlock,2,15,64
Block,-6,0,24
BreakableBlock,14,13,42
Block,0,0,-39
Block,-21,0,141
BreakableBlock,-22,5,76
BreakableBlock,-20,11,42
BreakableBlock,22,5,74
BreakableBlock,8,3,84
Block,48,0,177
BreakableBlock,14,7,88
Block,6,0,114
BreakableBlock,12,13,56
BreakableBlock,6,3,46
Block,-42,0,225
BreakableBlock,10,9,54
BreakableBlock,18,13,38
BreakableBlock,22,3,86
BreakableBlock,-6,13,92
BreakableBlock,-6,15,82
Block,-12,0,102
BreakableBlock,10,13,42
Block,54,0,150
Block,-33,0,126
BreakableBlock,-10,11,76
Block,-42,0,135
Block,-30,0,-21
Block,6,0,63
BreakableBlock,14,11,66
BreakableBlock,8,15,52
Block,12,0,171
Block,9,0,132
Block,42,0,120
Block,18,0,102
Block,-33,0,-9
BreakableBlock,22,7,30
BreakableBlock,6,3,62
Block,3,0,123
Block,48,0,180
BreakableBlock,10,11,62
BreakableBlock,24,7,62
Block,24,0,-21
Block,12,0,141
Block,12,0,54
BreakableBlock,10,9,66
Block,0,0,-3
Block,-27,0,-33
Block,21,0,174
BreakableBlock,18,13,34
Block,6,0,78
Block,-54,0,225
Block,33,0,117
BreakableBlock,16,15,40
Block,39,0,123
BreakableBlock,-20,13,56
BreakableBlock,20,15,80
BreakableBlock,20,11,72
BreakableBlock,22,5,34
BreakableBlock,-2,3,44
BreakableBlock,-20,9,72
BreakableBlock,10,3,90
BreakableBlock,-18,13,50
Block,6,0,69
Block,3,0,51
BreakableBlock,4,7,54
BreakableBlock,18,5,78
BreakableBlock,18,15,90
BreakableBlock,-20,7,78
BreakableBlock,12,11,60
BreakableBlock,4,11,48
BreakableBlock,22,11,78
Block,3,0,132
BreakableBlock,-18,13,36
Block,-6,0,42
Block,-15,0,189
BreakableBlock,24,3,68
BreakableBlock,0,15,40
BreakableBlock,-22,5,64
BreakableBlock,4,11,52
BreakableBlock,4,11,82
Block,-9,0,-45
Block,24,0,159
Block,9,0,195
Block,27,0,-30
BreakableBlock,10,3,48
BreakableBlock,-10,7,62
Block,-27,0,210
Block,12,0,189
BreakableBlock,-14,9,42
BreakableBlock,22,11,82
BreakableBlock,-8,9,52
BreakableBlock,4,11,56
Block,33,0,132
Block,18,0,6
BreakableBlock,24,7,80
BreakableBlock,-12,3,46
Block,18,0,72
Block,-30,0,153
Block,42,0,177
BreakableBlock,22,15,42
BreakableBlock,-8,3,30
BreakableBlock,-10,7,42
BreakableBlock,-22,15,58
BreakableBlock,-2,3,34
Block,-12,0,210
BreakableBlock,0,7,86
BreakableBlock,12,13,46
Block,27,0,162
BreakableBlock,-18,5,62
BreakableBlock,22,13,60
BreakableBlock,4,13,68
BreakableBlock,14,15,56
BreakableBlock,-8,7,70
Block,-3,0,207
Block,-27,0,-21
Block,-27,0,-54
BreakableBlock,18,13,62
BreakableBlock,-16,13,44
Block,30,0,147
BreakableBlock,2,7,92
Block,-12,0,138
BreakableBlock,-8,5,90
BreakableBlock,-16,9,42
Block,33,0,-21
BreakableBlock,-2,3,78
BreakableBlock,-10,15,90
BreakableBlock,8,9,46
BreakableBlock,-8,15,44
BreakableBlock,8,13,70
Block,9,0,156
Block,-48,0,201
Block,3,0,-30
BreakableBlock,6,5,82
BreakableBlock,-4,11,42
BreakableBlock,20,15,78
BreakableBlock,20,9,74
BreakableBlock,2,5,50
BreakableBlock,20,11,78
Block,0,0,171
BreakableBlock,8,5,58
Block,6,0,108
BreakableBlock,12,9,84
BreakableBlock,-4,3,86
BreakableBlock,0,13,50
BreakableBlock,22,3,48
Block,39,0,126
BreakableBlock,-16,9,70
BreakableBlock,0,7,42
Block,-54,0,150
Block,21,0,129
Block,-45,0,114
BreakableBlock,-16,9,32
BreakableBlock,-18,13,32
BreakableBlock,14,13,64
BreakableBlock,10,7,74
BreakableBlock,-22,7,76
BreakableBlock,-10,13,70
Block,9,0,204
BreakableBlock,18,3,48
BreakableBlock,22,9,86
Block,-57,0,168
BreakableBlock,0,15,42
BreakableBlock,16,9,70
Block,45,0,222
Block,-57,0,111
Block,39,0,183
BreakableBlock,4,3,68
Block,-12,0,150
BreakableBlock,20,5,82
Block,-15,0,-45
BreakableBlock,24,11,72
Block,-12,0,174
BreakableBlock,8,9,82
BreakableBlock,-20,3,50
Block,-6,0,60
BreakableBlock,-32,5,122
BreakableBlock,6,9,42
BreakableBlock,-8,13,62
Block,-39,0,114
BreakableBlock,18,7,70
Block,-54,0,159
Block,18,0,-33
Block,15,0,-42
Block,27,0,108
BreakableBlock,24,3,40
BreakableBlock,16,15,38
Block,-51,0,132
BreakableBlock,10,9,70
Block,54,0,207
BreakableBlock,-14,9,40
Block,-33,0,150
BreakableBlock,10,3,122
BreakableBlock,-18,3,62
Block,57,0,159
BreakableBlock,-12,7,46
BreakableBlock,-14,11,64
BreakableBlock,-20,11,70
BreakableBlock,14,11,48
BreakableBlock,10,7,56
Block,3,0,108
Block,-15,0,51
Block,-24,0,204
BreakableBlock,22,3,64
BreakableBlock,-10,9,86
BreakableBlock,-2,5,80
BreakableBlock,6,15,54
Block,-21,0,192
Block,-18,0,156
BreakableBlock,14,9,74
BreakableBlock,6,5,70
BreakableBlock,-16,5,122
BreakableBlock,22,9,70
BreakableBlock,-16,9,48
BreakableBlock,12,7,30
BreakableBlock,4,13,52
Block,0,0,63
BreakableBlock,-16,3,34
BreakableBlock,-12,7,86
BreakableBlock,-16,11,54
Block,3,0,-24
BreakableBlock,16,13,72
BreakableBlock,-2,3,54
BreakableBlock,-8,5,58
BreakableBlock,2,9,38
BreakableBlock,-2,3,72
BreakableBlock,22,3,56
BreakableBlock,-18,11,40
BreakableBlock,-18,13,74
BreakableBlock,-4,13,36
Block,42,0,135
BreakableBlock,-8,15,38
BreakableBlock,16,15,90
BreakableBlock,24,15,74
BreakableBlock,2,9,40
Block,36,0,141
BreakableBlock,20,5,70
BreakableBlock,-10,15,58
BreakableBlock,6,11,62
BreakableBlock,-10,5,88
Block,-27,0,144
BreakableBlock,-16,11,74
Block,-45,0,117
BreakableBlock,8,5,38
BreakableBlock,2,7,38
BreakableBlock,14,7,72
BreakableBlock,-20,5,56
BreakableBlock,12,3,84
BreakableBlock,16,5,60
Block,12,0,156
Block,27,0,207
BreakableBlock,16,13,88
BreakableBlock,6,9,54
Block,15,0,6
Block,-3,0,222
Block,-9,0,213
BreakableBlock,18,9,68
BreakableBlock,18,3,66
BreakableBlock,16,9,40
BreakableBlock,22,11,90
Block,30,0,117
BreakableBlock,0,9,60
BreakableBlock,6,5,76
Block,-3,0,42
Block,-27,0,195
Block,-24,0,207
BreakableBlock,-4,15,70
Block,6,0,72
Block,27,0,204
BreakableBlock,8,15,56
Block,24,0,201
Block,27,0,192
BreakableBlock,22,11,80
BreakableBlock,0,7,78
Block,24,0,120
BreakableBlock,12,13,58
BreakableBlock,18,11,64
BreakableBlock,-12,11,30
Block,-51,0,213
Block,6,0,96
BreakableBlock,-12,3,34
Block,42,0,201
BreakableBlock,6,5,30
BreakableBlock,-10,15,30
BreakableBlock,20,3,72
BreakableBlock,-16,11,52
BreakableBlock,-8,11,72
BreakableBlock,6,5,56
Block,-24,0,129
Block,-39,0,201
Block,-27,0,-51
BreakableBlock,2,3,32
Block,15,0,-21
Block,-24,0,-27
BreakableBlock,-8,13,66
Block,54,0,159
Block,-39,0,222
BreakableBlock,18,11,84
BreakableBlock,24,13,66
Block,0,0,120
BreakableBlock,22,11,62
BreakableBlock,16,5,52
BreakableBlock,-8,7,46
Block,15,0,90
BreakableBlock,-4,15,52
BreakableBlock,-2,11,50
BreakableBlock,-22,9,56
Block,18,0,27
BreakableBlock,-2,15,82
BreakableBlock,-16,7,76
Block,51,0,165
Block,42,0,138
BreakableBlock,10,13,68
Block,21,0,132
Block,24,0,123
BreakableBlock,-16,7,42
BreakableBlock,18,9,76
BreakableBlock,24,11,60
Block,39,0,219
Block,18,0,78
Block,-9,0,138
BreakableBlock,18,11,72
BreakableBlock,10,7,36
Block,21,0,144
Block,-9,0,159
Block,48,0,219
Block,-18,0,45
BreakableBlock,-10,15,60
Block,-36,0,165
BreakableBlock,-20,7,38
BreakableBlock,2,5,84
BreakableBlock,-18,5,44
BreakableBlock,22,15,66
BreakableBlock,-16,5,90
Block,42,0,117
BreakableBlock,-6,15,58
BreakableBlock,-18,5,70
BreakableBlock,2,15,32
BreakableBlock,-20,5,122
Block,-39,0,204
BreakableBlock,-6,5,88
BreakableBlock,-2,7,86
Block,21,0,213
BreakableBlock,24,11,44
Block,-42,0,150
BreakableBlock,8,13,48
BreakableBlock,0,9,64
BreakableBlock,-12,5,54
Block,-15,0,6
BreakableBlock,12,7,86
Block,51,0,183
Block,-12,0,198
BreakableBlock,-16,15,64
BreakableBlock,8,13,66
BreakableBlock,2,15,58
BreakableBlock,0,3,56
BreakableBlock,16,9,84
BreakableBlock,-22,15,48
BreakableBlock,18,5,38
Block,-30,0,-48
Block,-15,0,222
BreakableBlock,-14,3,66
Block,57,0,174
BreakableBlock,-8,15,66
Block,-39,0,144
Block,57,0,120
BreakableBlock,-6,5,50
Block,18,0,204
BreakableBlock,10,7,40
Block,0,0,-51
BreakableBlock,8,7,54
BreakableBlock,-12,3,82
BreakableBlock,-16,3,60
Block,30,0,-21
Block,-3,0,75
Block,-57,0,219
BreakableBlock,10,5,92
BreakableBlock,-18,9,88
BreakableBlock,-14,13,30
BreakableBlock,4,15,74
Block,-24,0,-45
BreakableBlock,8,15,64
Block,-9,0,45
Block,-51,0,189
Block,-24,0,-6
BreakableBlock,22,11,84
Block,12,0,87
Block,21,0,117
BreakableBlock,22,3,36
BreakableBlock,22,3,76
BreakableBlock,-2,11,60
BreakableBlock,-12,13,48
Block,-15,0,108
Block,-12,0,183
BreakableBlock,20,3,78
Block,9,0,30
BreakableBlock,0,5,58
BreakableBlock,-4,7,56
BreakableBlock,6,7,32
Block,12,0,78
BreakableBlock,10,3,32
BreakableBlock,-2,15,70
Block,9,0,54
BreakableBlock,-20,5,62
Block,-9,0,132
BreakableBlock,6,13,38
BreakableBlock,16,9,80
BreakableBlock,-2,15,34
BreakableBlock,0,13,48
BreakableBlock,10,13,54
BreakableBlock,-2,9,84
Block,18,0,213
BreakableBlock,-22,9,84
BreakableBlock,-22,13,46
BreakableBlock,14,13,38
BreakableBlock,-14,5,44
BreakableBlock,2,3,60
BreakableBlock,-14,3,30
BreakableBlock,14,11,34
BreakableBlock,4,9,68
Block,24,0,213
Block,-15,0,60
BreakableBlock,10,3,42
Block,12,0,-51
Block,-30,0,-15
BreakableBlock,10,3,82
Block,-3,0,3
BreakableBlock,-16,15,44
BreakableBlock,-20,7,86
Block,57,0,225
Block,36,0,150
Block,30,0,216
BreakableBlock,-8,3,40
BreakableBlock,14,9,44
BreakableBlock,-20,13,88
Block,-9,0,105
BreakableBlock,2,7,74
Block,-33,0,165
Block,-15,0,138
BreakableBlock,2,5,48
BreakableBlock,12,3,92
BreakableBlock,-12,7,62
Block,-45,0,213
BreakableBlock,18,13,80
BreakableBlock,2,3,34
BreakableBlock,-20,11,58
BreakableBlock,-16,7,88
Block,24,0,186
BreakableBlock,-12,9,74
BreakableBlock,16,7,36
Block,12,0,69
Block,27,0,-12
BreakableBlock,-14,7,54
BreakableBlock,22,3,38
BreakableBlock,6,9,46
BreakableBlock,-16,9,50
Block,-9,0,-12
BreakableBlock,22,15,64
BreakableBlock,0,13,90
Block,27,0,174
Block,-24,0,162
Block,-6,0,117
Block,-3,0,24
BreakableBlock,-2,5,58
BreakableBlock,-20,9,78
BreakableBlock,-10,7,34
BreakableBlock,2,13,30
BreakableBlock,-20,3,84
BreakableBlock,8,5,56
BreakableBlock,8,9,48
BreakableBlock,-12,15,50
BreakableBlock,-6,15,74
BreakableBlock,-6,3,62
BreakableBlock,10,7,30
BreakableBlock,8,3,68
BreakableBlock,-20,15,48
Block,51,0,138
BreakableBlock,8,15,50
BreakableBlock,-4,3,32
BreakableBlock,24,7,32
BreakableBlock,14,3,30
BreakableBlock,4,9,36
Block,-24,0,150
BreakableBlock,-4,3,74
Block,-9,0,-48
BreakableBlock,6,15,78
BreakableBlock,-14,13,38
Block,33,0,-3
BreakableBlock,14,15,74
Block,-21,0,150
Block,18,0,129
BreakableBlock,-6,11,48
Block,24,0,195
Block,-15,0,0
Block,-24,0,-30
BreakableBlock,-8,11,88
BreakableBlock,14,13,44
BreakableBlock,-12,5,78
BreakableBlock,8,15,92
BreakableBlock,-22,9,52
BreakableBlock,-4,11,76
BreakableBlock,-2,13,70
BreakableBlock,4,11,76
BreakableBlock,-14,15,78
BreakableBlock,2,7,36
Block,-30,0,222
BreakableBlock,14,7,76
Block,-42,0,162
Block,21,0,-21
BreakableBlock,-8,9,68
Block,-45,0,192
BreakableBlock,-6,15,42
BreakableBlock,4,9,62
BreakableBlock,-10,9,82
BreakableBlock,-10,9,90
BreakableBlock,24,13,40
BreakableBlock,16,9,74
BreakableBlock,-6,7,50
BreakableBlock,-8,13,68
BreakableBlock,16,15,82
BreakableBlock,-4,5,32
BreakableBlock,-10,7,48
BreakableBlock,18,15,48
BreakableBlock,-16,5,34
BreakableBlock,18,3,90
BreakableBlock,12,5,34
BreakableBlock,-14,7,70
Block,18,0,81
Block,12,0,-54
BreakableBlock,4,11,30
Block,3,0,96
BreakableBlock,0,9,46
BreakableBlock,18,3,68
BreakableBlock,-18,15,48
Block,-3,0,15
BreakableBlock,0,5,52
BreakableBlock,-14,11,48
BreakableBlock,-4,7,90
BreakableBlock,-10,11,80
BreakableBlock,4,3,44
BreakableBlock,10,3,30
BreakableBlock,-2,5,44
BreakableBlock,4,15,88
BreakableBlock,-4,5,86
BreakableBlock,-6,13,32
BreakableBlock,22,3,42
BreakableBlock,18,5,52
Block,6,0,0
Block,15,0,12
BreakableBlock,4,9,90
BreakableBlock,-4,7,38
BreakableBlock,0,7,76
BreakableBlock,-14,13,66
BreakableBlock,-6,13,86
BreakableBlock,6,5,122
BreakableBlock,0,5,66
BreakableBlock,8,9,64
Block,-15,0,174
Block,-12,0,15
BreakableBlock,-4,5,30
BreakableBlock,-4,5,44
BreakableBlock,12,9,86
BreakableBlock,-22,3,76
BreakableBlock,-4,5,72
BreakableBlock,12,5,82
BreakableBlock,-10,9,76
BreakableBlock,14,15,66
BreakableBlock,18,15,72
Block,27,0,168
Block,24,0,111
BreakableBlock,12,7,46
BreakableBlock,10,15,84
BreakableBlock,-8,15,84
BreakableBlock,-4,3,42
Block,54,0,132
Block,6,0,93
BreakableBlock,-22,9,78
Block,54,0,174
BreakableBlock,20,11,74
BreakableBlock,-22,15,84
BreakableBlock,2,5,78
BreakableBlock,6,11,42
Block,-30,0,159
Block,12,0,-15
BreakableBlock,24,5,46
BreakableBlock,-6,15,44
BreakableBlock,24,5,72
BreakableBlock,22,5,60
BreakableBlock,6,9,64
BreakableBlock,2,3,72
Block,-48,0,126
BreakableBlock,14,7,62
Block,-57,0,138
Block,18,0,141
BreakableBlock,-10,7,92
BreakableBlock,20,9,54
Block,3,0,15
Block,57,0,141
Block,-33,0,-3
BreakableBlock,16,5,86
BreakableBlock,-12,13,78
BreakableBlock,-14,7,84
Block,36,0,159
BreakableBlock,6,13,86
BreakableBlock,16,9,46
Block,-45,0,174
BreakableBlock,14,5,72
Block,18,0,-39
BreakableBlock,0,7,30
BreakableBlock,-2,3,92
BreakableBlock,-16,5,50
Block,-3,0,102
BreakableBlock,-18,9,82
BreakableBlock,-8,3,52
Block,27,0,180
BreakableBlock,8,7,32
BreakableBlock,0,7,90
BreakableBlock,10,5,36
BreakableBlock,-22,15,56
BreakableBlock,-4,15,66
BreakableBlock,10,15,58
Block,-9,0,-15
Block,51,0,207
BreakableBlock,16,11,60
BreakableBlock,-20,3,56
BreakableBlock,-6,13,60
Block,12,0,129
Block,36,0,174
BreakableBlock,18,7,84
BreakableBlock,20,7,32
BreakableBlock,-10,9,46
BreakableBlock,4,11,78
BreakableBlock,20,5,38
BreakableBlock,22,13,80
Block,-21,0,162
BreakableBlock,-6,13,72
Block,0,0,174
BreakableBlock,-18,9,60
Block,0,0,204
BreakableBlock,-20,15,90
BreakableBlock,-10,5,68
BreakableBlock,6,13,70
Block,15,0,-27
Block,-33,0,-12
Block,-9,0,162
BreakableBlock,-6,3,82
BreakableBlock,16,13,74
BreakableBlock,-8,3,32
BreakableBlock,22,11,36
BreakableBlock,6,9,32
BreakableBlock,-4,7,72
BreakableBlock,16,5,34
Block,-18,0,189
Block,51,0,135
BreakableBlock,6,5,50
Block,3,0,156
BreakableBlock,16,7,72
BreakableBlock,2,7,48
Block,-18,0,144
BreakableBlock,-16,11,84
Block,6,0,18
BreakableBlock,6,11,80
BreakableBlock,-20,15,70
BreakableBlock,-12,5,36
BreakableBlock,-20,7,74
BreakableBlock,20,9,42
BreakableBlock,-20,5,70
BreakableBlock,14,15,58
BreakableBlock,10,11,56
BreakableBlock,-10,13,68
Block,36,0,195
BreakableBlock,-20,5,68
Block,27,0,-3
BreakableBlock,16,15,88
BreakableBlock,6,5,54
BreakableBlock,-12,5,60
BreakableBlock,14,7,32
BreakableBlock,18,13,30
Block,-6,0,120
Block,-6,0,162
BreakableBlock,-22,7,84
BreakableBlock,-6,11,74
Block,33,0,180
BreakableBlock,6,7,44
Block,9,0,213
Block,-15,0,48
BreakableBlock,12,13,48
Block,-18,0,15
Block,-39,0,129
BreakableBlock,-22,3,38
Block,15,0,-48
BreakableBlock,-6,9,60
Block,21,0,150
BreakableBlock,-18,13,84
BreakableBlock,16,9,64
BreakableBlock,8,3,82
BreakableBlock,16,9,54
BreakableBlock,16,13,78
BreakableBlock,0,15,72
BreakableBlock,-18,13,48
Block,-57,0,210
Block,6,0,-30
BreakableBlock,2,15,30
Block,-3,0,12
Block,15,0,171
BreakableBlock,-22,11,46
BreakableBlock,-10,11,70
BreakableBlock,20,13,74
Block,-6,0,123
BreakableBlock,16,13,50
BreakableBlock,-20,15,80
BreakableBlock,16,3,42
Block,-57,0,222
Block,-51,0,141
BreakableBlock,16,9,82
BreakableBlock,-12,3,54
BreakableBlock,14,11,32
Block,-42,0,120
BreakableBlock,0,11,90
BreakableBlock,18,7,34
Block,48,0,195
Block,-15,0,-3
BreakableBlock,24,9,70
BreakableBlock,-4,7,30
Block,30,0,129
BreakableBlock,-16,13,40
BreakableBlock,-2,13,52
BreakableBlock,24,15,48
Block,-45,0,126
BreakableBlock,-8,11,76
BreakableBlock,-4,9,52
BreakableBlock,-6,5,90
Block,0,0,222
BreakableBlock,6,15,62
BreakableBlock,18,7,52
BreakableBlock,-12,13,66
BreakableBlock,0,15,48
BreakableBlock,0,7,48
BreakableBlock,-6,7,32
BreakableBlock,-20,3,36
Block,15,0,42
BreakableBlock,-14,15,64
BreakableBlock,20,7,70
BreakableBlock,22,5,48
BreakableBlock,-20,13,90
Block,12,0,21
BreakableBlock,12,5,122
Block,-54,0,207
Block,-6,0,156
BreakableBlock,-20,13,64
BreakableBlock,20,5,36
BreakableBlock,-2,11,42
Block,9,0,-18
BreakableBlock,16,3,44
BreakableBlock,-8,15,68
BreakableBlock,-16,3,70
BreakableBlock,2,11,90
BreakableBlock,24,9,36
BreakableBlock,4,5,30
BreakableBlock,16,3,48
BreakableBlock,-4,7,80
BreakableBlock,-10,11,36
Block,21,0,198
BreakableBlock,14,11,44
BreakableBlock,-18,15,76
Block,6,0,9
BreakableBlock,16,7,84
BreakableBlock,12,13,40
BreakableBlock,14,9,38
Block,45,0,183
BreakableBlock,24,15,36
BreakableBlock,-10,5,56
BreakableBlock,12,3,56
Block,-3,0,198
BreakableBlock,-14,7,68
Block,36,0,189
Block,-6,0,186
BreakableBlock,22,7,46
Block,42,0,108
Block,24,0,-6
BreakableBlock,14,11,52
BreakableBlock,-16,13,38
Block,6,0,12
Block,48,0,108
BreakableBlock,24,11,84
BreakableBlock,10,5,122
BreakableBlock,24,7,74
BreakableBlock,-14,13,44
BreakableBlock,0,15,82
BreakableBlock,-12,5,42
Block,-24,0,135
BreakableBlock,-6,11,92
BreakableBlock,-14,9,38
BreakableBlock,-18,7,64
BreakableBlock,10,15,92
Block,6,0,54
Block,-54,0,183
Block,-21,0,-24
BreakableBlock,-10,13,32
BreakableBlock,-18,15,60
Block,18,0,150
Block,-54,0,111
BreakableBlock,14,9,30
BreakableBlock,-10,11,64
Block,36,0,156
BreakableBlock,20,9,46
BreakableBlock,16,15,68
BreakableBlock,-18,9,36
BreakableBlock,-10,3,46
Block,-42,0,204
BreakableBlock,-18,5,52
BreakableBlock,-16,11,88
BreakableBlock,20,7,46
BreakableBlock,20,13,84
BreakableBlock,2,15,54
BreakableBlock,-8,13,30
BreakableBlock,-8,15,82
BreakableBlock,8,3,44
BreakableBlock,24,9,30
BreakableBlock,-14,9,90
BreakableBlock,14,15,40
BreakableBlock,-18,7,48
Block,-39,0,150
BreakableBlock,-22,13,86
BreakableBlock,-4,13,80
BreakableBlock,8,9,88
BreakableBlock,24,11,82
Block,-51,0,198
BreakableBlock,16,3,58
BreakableBlock,-12,11,46
BreakableBlock,24,11,48
Block,12,0,153
BreakableBlock,-12,11,36
Block,9,0,201
BreakableBlock,-10,5,76
BreakableBlock,-20,9,44
BreakableBlock,-34,3,122
BreakableBlock,22,11,44
Block,36,0,168
Block,-15,0,201
BreakableBlock,24,5,44
BreakableBlock,-8,11,64
BreakableBlock,0,5,54
BreakableBlock,6,13,30
BreakableBlock,-4,7,78
BreakableBlock,-8,5,78
BreakableBlock,24,15,78
Block,9,0,57
BreakableBlock,-8,5,66
BreakableBlock,20,3,46
BreakableBlock,-8,5,30
BreakableBlock,-18,11,92
Block,-27,0,-39
Block,51,0,117
BreakableBlock,-14,11,32
Block,-33,0,186
BreakableBlock,-18,5,34
BreakableBlock,-8,11,48
BreakableBlock,0,3,58
BreakableBlock,-2,15,40
BreakableBlock,-10,13,92
BreakableBlock,16,5,42
BreakableBlock,20,15,86
BreakableBlock,24,15,88
BreakableBlock,-12,3,86
Block,-18,0,24
Block,15,0,192
Block,-9,0,-36
BreakableBlock,-22,3,36
Block,15,0,201
Block,-18,0,42
BreakableBlock,0,9,62
BreakableBlock,6,13,62
Block,-18,0,171
BreakableBlock,10,15,60
BreakableBlock,12,13,34
BreakableBlock,12,3,66
Block,18,0,171
BreakableBlock,-18,5,82
BreakableBlock,-2,9,56
BreakableBlock,-8,13,60
Block,9,0,-51
Block,0,0,78
BreakableBlock,18,9,30
BreakableBlock,-2,11,46
BreakableBlock,-8,3,44
BreakableBlock,-16,15,46
BreakableBlock,-10,13,36
BreakableBlock,24,15,58
BreakableBlock,22,15,48
BreakableBlock,-18,9,56
BreakableBlock,-20,9,36
BreakableBlock,-12,11,58
Block,15,0,-9
BreakableBlock,-16,9,54
BreakableBlock,20,7,60
Block,54,0,186
BreakableBlock,-8,3,76
BreakableBlock,-8,5,76
BreakableBlock,-12,11,50
BreakableBlock,20,3,56
BreakableBlock,-16,15,30
BreakableBlock,-16,3,84
BreakableBlock,18,9,72
Block,-51,0,222
Block,-9,0,93
BreakableBlock,-4,15,88
BreakableBlock,22,11,32
BreakableBlock,-8,3,84
Block,-30,0,192
BreakableBlock,-10,9,34
BreakableBlock,10,3,92
Block,12,0,-12
Block,39,0,120
Block,6,0,-18
BreakableBlock,12,9,90
BreakableBlock,12,5,58
Block,39,0,117
BreakableBlock,-6,9,84
BreakableBlock,-14,5,32
BreakableBlock,12,15,42
BreakableBlock,-6,3,88
Block,45,0,114
Block,-6,0,219
Block,-42,0,195
Block,-21,0,-18
BreakableBlock,-16,15,74
BreakableBlock,10,5,78
BreakableBlock,6,7,60
BreakableBlock,-14,11,90
Block,-51,0,135
BreakableBlock,-4,15,40
BreakableBlock,20,9,30
BreakableBlock,-4,15,34
Block,-15,0,27
Block,-42,0,222
BreakableBlock,16,9,32
Block,-6,0,144
BreakableBlock,16,5,72
BreakableBlock,4,7,38
BreakableBlock,-8,13,56
BreakableBlock,20,9,70
BreakableBlock,-14,5,60
BreakableBlock,22,7,36
BreakableBlock,18,9,88
BreakableBlock,-16,13,70
BreakableBlock,-16,9,62
BreakableBlock,0,7,70
Block,-48,0,120
BreakableBlock,-22,9,68
Block,-24,0,-3
Block,-9,0,165
Block,-3,0,36
BreakableBlock,16,9,86
BreakableBlock,-14,11,68
BreakableBlock,22,5,88
BreakableBlock,16,13,46
BreakableBlock,-18,3,84
BreakableBlock,-10,5,32
BreakableBlock,-20,7,66
BreakableBlock,14,11,88
Block,57,0,210
BreakableBlock,8,13,78
BreakableBlock,-10,11,58
BreakableBlock,-16,11,70
BreakableBlock,2,11,84
BreakableBlock,-2,11,48
BreakableBlock,12,7,64
Block,12,0,207
BreakableBlock,-4,9,54
BreakableBlock,20,5,76
Block,-18,0,72
Block,-9,0,42
BreakableBlock,-22,9,36
BreakableBlock,-4,13,66
BreakableBlock,-14,5,80
Block,48,0,192
BreakableBlock,-14,9,74
BreakableBlock,6,11,84
Block,36,0,147
Block,-51,0,180
Block,-6,0,12
BreakableBlock,-12,3,68
BreakableBlock,22,15,80
Block,6,0,84
BreakableBlock,12,15,46
Block,18,0,195
BreakableBlock,0,3,36
BreakableBlock,-2,9,34
BreakableBlock,-10,11,90
BreakableBlock,-18,13,66
Block,-33,0,162
BreakableBlock,16,13,68
Block,3,0,6
Block,-24,0,-39
Block,-6,0,-9
BreakableBlock,18,13,32
Block,51,0,153
BreakableBlock,6,9,52
Block,-6,0,147
BreakableBlock,8,7,72
BreakableBlock,-10,9,60
BreakableBlock,24,3,30
Block,-42,0,174
BreakableBlock,4,15,30
Block,18,0,147
Block,-15,0,132
BreakableBlock,-14,3,80
BreakableBlock,18,3,80
BreakableBlock,24,5,78
BreakableBlock,-8,9,38
BreakableBlock,22,5,82
Block,18,0,153
BreakableBlock,24,15,84
Block,-15,0,114
BreakableBlock,4,15,60
Block,-3,0,144
Block,12,0,195
BreakableBlock,12,7,66
BreakableBlock,-2,5,84
BreakableBlock,0,13,40
BreakableBlock,8,7,42
BreakableBlock,-14,11,78
Block,-18,0,66
BreakableBlock,-10,15,76
BreakableBlock,-8,11,56
Block,-39,0,177
BreakableBlock,-6,9,62
BreakableBlock,20,3,86
Block,15,0,87
Block,42,0,156
Block,-9,0,-39
BreakableBlock,18,13,46
Block,-18,0,-33
Block,0,0,-21
BreakableBlock,16,11,40
BreakableBlock,24,3,56
Block,-15,0,210
Block,6,0,198
BreakableBlock,6,7,86
BreakableBlock,4,11,66
BreakableBlock,6,13,78
Block,-9,0,189
BreakableBlock,22,3,34
Block,-45,0,216
Block,-21,0,-48
Block,-12,0,-33
Block,-18,0,-12
BreakableBlock,-12,15,46
BreakableBlock,-8,7,44
BreakableBlock,-18,11,48
Block,-48,0,210
BreakableBlock,20,9,76
BreakableBlock,8,9,90
BreakableBlock,-10,13,34
Block,-24,0,210
BreakableBlock,-6,3,30
BreakableBlock,0,7,62
BreakableBlock,-14,5,54
BreakableBlock,0,3,78
BreakableBlock,4,7,70
Block,12,0,147
BreakableBlock,16,5,46
BreakableBlock,-10,7,38
BreakableBlock,14,3,32
BreakableBlock,-4,9,88
BreakableBlock,0,7,58
BreakableBlock,-16,3,64
BreakableBlock,-22,7,72
BreakableBlock,18,15,44
BreakableBlock,-18,7,92
Block,-21,0,225
Block,-12,0,57
BreakableBlock,12,3,40
BreakableBlock,8,3,34
Block,-33,0,168
BreakableBlock,-12,11,54
BreakableBlock,22,3,58
BreakableBlock,-18,5,84
BreakableBlock,6,15,48
BreakableBlock,-18,3,52
BreakableBlock,20,13,86
BreakableBlock,-12,13,42
BreakableBlock,-18,5,46
Block,-18,0,60
BreakableBlock,-20,15,40
BreakableBlock,22,7,76
BreakableBlock,-10,9,30
BreakableBlock,-14,3,122
Block,12,0,-36
BreakableBlock,-14,3,92
Block,-9,0,156
BreakableBlock,2,7,56
BreakableBlock,8,7,92
BreakableBlock,-16,9,84
BreakableBlock,4,11,64
BreakableBlock,-14,11,62
BreakableBlock,-12,7,70
BreakableBlock,24,9,64
BreakableBlock,-2,3,74
BreakableBlock,6,5,62
BreakableBlock,-2,11,88
BreakableBlock,-20,15,34
BreakableBlock,12,3,34
BreakableBlock,14,5,86
BreakableBlock,20,13,32
BreakableBlock,-14,9,84
BreakableBlock,6,15,42
BreakableBlock,-16,13,62
BreakableBlock,-4,11,48
BreakableBlock,10,15,46
BreakableBlock,22,9,36
BreakableBlock,2,5,40
BreakableBlock,-16,11,64
Block,-27,0,132
Block,-3,0,21
BreakableBlock,2,13,44
BreakableBlock,-2,7,62
BreakableBlock,18,3,46
Block,-45,0,225
Block,3,0,0
BreakableBlock,8,15,54
BreakableBlock,2,11,42
Block,57,0,126
BreakableBlock,2,3,84
BreakableBlock,-4,11,50
Block,-33,0,117
BreakableBlock,-12,11,52
BreakableBlock,12,5,76
BreakableBlock,-4,7,70
Block,15,0,93
BreakableBlock,-14,13,46
BreakableBlock,24,5,68
BreakableBlock,-10,5,46
BreakableBlock,14,15,84
Block,-51,0,165
BreakableBlock,8,5,70
BreakableBlock,-8,9,36
BreakableBlock,-18,5,78
BreakableBlock,-22,5,122
BreakableBlock,12,3,86
BreakableBlock,-18,13,42
Block,-27,0,159
BreakableBlock,22,11,40
BreakableBlock,0,3,46
BreakableBlock,6,9,36
BreakableBlock,24,11,68
Block,3,0,165
BreakableBlock,20,7,82
Block,-33,0,216
BreakableBlock,6,7,92
BreakableBlock,-8,3,46
BreakableBlock,0,13,70
BreakableBlock,20,13,54
Block,12,0,177
BreakableBlock,18,3,86
Block,21,0,-9
Block,-12,0,171
BreakableBlock,20,11,68
Block,15,0,-36
BreakableBlock,22,3,32
BreakableBlock,-6,7,36
BreakableBlock,12,15,80
BreakableBlock,-10,11,40
Block,-42,0,171
BreakableBlock,-8,15,60
BreakableBlock,8,7,38
BreakableBlock,6,5,72
BreakableBlock,-16,5,44
BreakableBlock,-14,15,38
BreakableBlock,-18,5,40
BreakableBlock,14,5,54
BreakableBlock,2,9,80
Block,-18,0,9
BreakableBlock,14,7,50
BreakableBlock,0,11,80
BreakableBlock,-20,15,68
BreakableBlock,2,7,78
Block,-30,0,-39
BreakableBlock,4,3,88
BreakableBlock,-14,5,86
Block,3,0,93
BreakableBlock,10,15,70
BreakableBlock,10,3,68
Block,36,0,123
BreakableBlock,18,13,78
BreakableBlock,6,9,34
Block,36,0,219
Block,-42,0,201
BreakableBlock,6,11,30
Block,-15,0,129
Block,-24,0,144
BreakableBlock,22,7,80
BreakableBlock,-8,11,38
BreakableBlock,8,15,48
BreakableBlock,0,11,34
BreakableBlock,-14,5,66
Block,54,0,195
Block,-21,0,132
Block,-45,0,207
BreakableBlock,22,9,62
BreakableBlock,12,3,78
Block,3,0,150
BreakableBlock,8,7,70
BreakableBlock,8,3,74
BreakableBlock,8,7,76
BreakableBlock,14,5,76
BreakableBlock,24,15,64
Block,9,0,105
Block,42,0,195
BreakableBlock,8,11,76
BreakableBlock,24,9,38
BreakableBlock,0,13,82
BreakableBlock,-12,13,86
BreakableBlock,12,13,78
BreakableBlock,-8,9,86
BreakableBlock,-4,5,34
BreakableBlock,-2,11,80
BreakableBlock,12,9,38
BreakableBlock,6,11,68
BreakableBlock,8,7,46
BreakableBlock,10,13,46
BreakableBlock,14,5,80
BreakableBlock,8,3,92
Block,-27,0,219
BreakableBlock,-20,3,92
BreakableBlock,14,5,74
BreakableBlock,-10,13,74
BreakableBlock,-22,5,78
BreakableBlock,-16,7,64
BreakableBlock,-20,3,46
BreakableBlock,22,3,72
BreakableBlock,-12,11,48
BreakableBlock,4,11,34
BreakableBlock,4,5,58
BreakableBlock,24,13,76
Block,21,0,177
BreakableBlock,18,3,78
BreakableBlock,-2,11,58
BreakableBlock,-8,3,90
Block,6,0,186
BreakableBlock,-12,5,56
BreakableBlock,12,9,56
BreakableBlock,-6,11,60
BreakableBlock,16,5,76
BreakableBlock,-8,3,70
BreakableBlock,-10,5,70
BreakableBlock,10,11,48
Block,-51,0,225
BreakableBlock,4,13,32
Block,3,0,27
BreakableBlock,-2,3,48
BreakableBlock,-14,13,84
BreakableBlock,-18,15,72
BreakableBlock,-18,15,88
BreakableBlock,-6,9,54
BreakableBlock,14,13,52
Block,15,0,138
Block,-54,0,180
BreakableBlock,22,13,90
BreakableBlock,12,9,32
BreakableBlock,-18,3,76
Block,-3,0,216
BreakableBlock,-14,9,52
BreakableBlock,-10,13,60
BreakableBlock,-6,13,34
BreakableBlock,8,11,78
BreakableBlock,-22,9,54
BreakableBlock,4,9,88
BreakableBlock,-16,7,82
BreakableBlock,20,9,50
BreakableBlock,-10,11,92
Block,18,0,36
BreakableBlock,10,11,82
BreakableBlock,0,11,72
Block,-12,0,21
Block,-6,0,87
BreakableBlock,22,5,50
Block,15,0,15
Block,-30,0,171
BreakableBlock,-18,13,40
BreakableBlock,4,11,88
BreakableBlock,14,5,92
BreakableBlock,12,5,44
BreakableBlock,-4,15,76
BreakableBlock,16,7,60
BreakableBlock,0,13,36
Block,-12,0,192
BreakableBlock,-6,5,40
BreakableBlock,10,13,36
Block,-12,0,-21
BreakableBlock,-6,13,46
BreakableBlock,-16,13,66
BreakableBlock,18,7,76
BreakableBlock,-8,15,32
BreakableBlock,20,9,58
Block,-39,0,162
Block,-9,0,99
Block,-39,0,192
Block,-33,0,198
Block,48,0,216
BreakableBlock,22,9,32
BreakableBlock,18,15,52
Block,30,0,120
BreakableBlock,2,5,66
Block,-57,0,129
Block,33,0,-54
BreakableBlock,-22,11,80
BreakableBlock,-8,11,42
BreakableBlock,18,3,88
BreakableBlock,6,15,60
BreakableBlock,12,11,80
Block,-6,0,126
BreakableBlock,20,9,34
BreakableBlock,2,3,88
BreakableBlock,20,3,64
BreakableBlock,-14,13,76
BreakableBlock,16,5,84
Block,-36,0,180
BreakableBlock,8,3,56
BreakableBlock,-10,3,30
Block,-6,0,93
Block,3,0,72
Block,6,0,66
Block,-3,0,39
Block,-12,0,114
BreakableBlock,8,3,58
BreakableBlock,14,15,30
BreakableBlock,22,15,40
BreakableBlock,12,13,66
BreakableBlock,-2,11,36
BreakableBlock,-20,11,68
BreakableBlock,24,13,78
BreakableBlock,-6,5,76
BreakableBlock,12,15,36
BreakableBlock,-2,11,82
Block,6,0,117
BreakableBlock,18,5,64
BreakableBlock,10,7,72
Block,-39,0,183
BreakableBlock,4,3,64
BreakableBlock,22,13,62
Block,0,0,159
BreakableBlock,-4,3,44
BreakableBlock,-4,11,34
BreakableBlock,-2,5,76
BreakableBlock,-8,7,78
BreakableBlock,22,9,56
BreakableBlock,-10,11,88
Block,-33,0,-6
BreakableBlock,-12,9,62
Block,39,0,165
Block,-54,0,219
BreakableBlock,-18,13,58
BreakableBlock,-6,3,40
BreakableBlock,-20,9,62
BreakableBlock,10,7,68
BreakableBlock,0,11,54
BreakableBlock,24,11,76
BreakableBlock,-22,5,58
Block,18,0,-45
Block,-24,0,-9
BreakableBlock,-22,3,78
BreakableBlock,14,7,58
BreakableBlock,8,7,56
BreakableBlock,14,7,66
BreakableBlock,0,5,76
Block,27,0,198
Block,-9,0,186
BreakableBlock,14,13,76
Block,-12,0,0
Block,-12,0,84
Block,27,0,201
BreakableBlock,20,5,48
Block,12,0,222
BreakableBlock,16,13,70
BreakableBlock,12,3,88
BreakableBlock,-6,15,66
Block,-6,0,57
BreakableBlock,-14,5,72
Block,3,0,75
BreakableBlock,0,5,50
BreakableBlock,-22,7,70
BreakableBlock,-20,13,32
BreakableBlock,6,11,50
Block,24,0,126
BreakableBlock,-8,7,58
BreakableBlock,-2,15,62
BreakableBlock,18,5,86
BreakableBlock,14,5,46
Block,9,0,-30
BreakableBlock,-18,3,48
BreakableBlock,6,9,78
BreakableBlock,20,9,78
BreakableBlock,24,11,70
BreakableBlock,-18,3,64
Block,24,0,-30
BreakableBlock,6,5,64
BreakableBlock,22,11,68
Block,-6,0,-48
Block,15,0,153
Block,45,0,216
Block,-12,0,165
BreakableBlock,-14,7,60
BreakableBlock,0,3,42
BreakableBlock,18,13,42
BreakableBlock,6,15,36
Block,15,0,-24
BreakableBlock,-20,9,30
BreakableBlock,10,9,82
BreakableBlock,0,13,92
BreakableBlock,-12,3,52
BreakableBlock,24,15,76
Block,24,0,114
BreakableBlock,-6,5,74
BreakableBlock,14,15,34
BreakableBlock,24,7,44
Block,0,0,54
BreakableBlock,-12,13,58
Block,-48,0,192
BreakableBlock,8,11,72
BreakableBlock,-12,7,44
Block,15,0,150
BreakableBlock,-16,11,34
BreakableBlock,-18,3,40
BreakableBlock,18,9,34
BreakableBlock,-32,5,122
BreakableBlock,10,9,34
BreakableBlock,-16,9,82
Block,-15,0,156
BreakableBlock,-4,11,46
Block,-15,0,183
BreakableBlock,0,7,60
BreakableBlock,10,11,30
BreakableBlock,14,7,90
BreakableBlock,14,11,92
BreakableBlock,10,3,50
Block,3,0,21
BreakableBlock,6,3,122
BreakableBlock,4,9,46
Block,-48,0,138
BreakableBlock,8,11,82
Block,6,0,42
BreakableBlock,-2,5,78
Block,-3,0,138
Block,45,0,180
BreakableBlock,4,7,90
BreakableBlock,18,3,60
BreakableBlock,-4,9,72
Block,33,0,141
Block,27,0,129
BreakableBlock,-10,9,38
Block,48,0,111
Block,42,0,153
BreakableBlock,-14,13,42
BreakableBlock,10,3,66
BreakableBlock,0,13,84
Block,3,0,-18
BreakableBlock,-14,5,40
BreakableBlock,18,9,48
Block,-45,0,156
Block,-45,0,183
BreakableBlock,-2,13,74
BreakableBlock,-2,7,78
Block,-3,0,-33
BreakableBlock,-4,5,52
BreakableBlock,4,3,72
BreakableBlock,24,9,50
BreakableBlock,12,7,36
Block,-9,0,123
Block,9,0,33
BreakableBlock,-14,13,92
Block,-6,0,111
Block,21,0,204
Block,-33,0,189
BreakableBlock,-14,3,34
BreakableBlock,24,11,36
Block,21,0,-27
BreakableBlock,-2,3,86
BreakableBlock,18,11,58
Block,-36,0,204
BreakableBlock,-2,13,66
BreakableBlock,4,13,84
BreakableBlock,0,15,74
Block,12,0,15
BreakableBlock,4,3,92
BreakableBlock,0,9,38
BreakableBlock,-10,3,78
BreakableBlock,-2,15,32
BreakableBlock,24,11,46
Block,-9,0,51
BreakableBlock,10,9,76
BreakableBlock,0,9,44
BreakableBlock,8,7,60
BreakableBlock,10,15,54
BreakableBlock,12,15,64
BreakableBlock,24,11,64
BreakableBlock,-16,3,58
BreakableBlock,24,9,66
BreakableBlock,-6,3,72
BreakableBlock,-20,3,70
BreakableBlock,-14,9,64
BreakableBlock,2,9,66
BreakableBlock,24,5,82
BreakableBlock,24,15,68
BreakableBlock,10,11,36
BreakableBlock,8,9,52
BreakableBlock,-6,13,68
BreakableBlock,6,15,76
BreakableBlock,-2,5,86
BreakableBlock,20,13,82
Block,-48,0,216
BreakableBlock,18,7,56
BreakableBlock,-20,15,36
Block,-57,0,171
Block,-9,0,15
Block,-15,0,-33
BreakableBlock,24,3,74
BreakableBlock,-10,7,64
Block,6,0,207
BreakableBlock,-10,7,60
BreakableBlock,-14,11,70
BreakableBlock,14,5,70
BreakableBlock,-14,15,60
Block,57,0,183
Block,-36,0,117
Block,-33,0,159
BreakableBlock,18,3,84
Block,-12,0,105
BreakableBlock,-20,9,50
BreakableBlock,8,5,48
BreakableBlock,-4,11,58
BreakableBlock,6,9,40
BreakableBlock,20,15,44
BreakableBlock,4,15,32
Block,3,0,-51
Block,45,0,174
Block,-15,0,75
Block,-6,0,135
BreakableBlock,-2,5,60
BreakableBlock,22,13,52
BreakableBlock,-12,11,86
BreakableBlock,-10,15,70
BreakableBlock,18,7,42
BreakableBlock,-10,9,68
BreakableBlock,10,15,80
BreakableBlock,12,3,72
BreakableBlock,-16,15,76
BreakableBlock,-14,13,32
Block,48,0,129
BreakableBlock,12,9,82
Block,21,0,195
BreakableBlock,8,3,30
BreakableBlock,24,13,58
BreakableBlock,2,11,70
BreakableBlock,-2,13,72
BreakableBlock,-20,15,64
BreakableBlock,-2,11,86
BreakableBlock,-8,11,82
BreakableBlock,12,5,88
BreakableBlock,-14,11,54
Block,3,0,189
BreakableBlock,-14,7,36
BreakableBlock,12,7,72
BreakableBlock,22,11,86
BreakableBlock,-6,11,68
Block,-6,0,48
BreakableBlock,-18,15,30
BreakableBlock,12,5,72
BreakableBlock,-10,15,48
BreakableBlock,0,9,84
Block,-9,0,27
BreakableBlock,18,13,90
BreakableBlock,-10,9,36
Block,-24,0,186
BreakableBlock,-16,5,42
BreakableBlock,-12,3,38
Block,-42,0,114
BreakableBlock,-18,7,54
BreakableBlock,8,7,90
BreakableBlock,2,3,82
BreakableBlock,-6,9,74
Block,-15,0,162
BreakableBlock,12,9,64
BreakableBlock,6,9,76
BreakableBlock,-6,7,54
BreakableBlock,-6,9,36
BreakableBlock,0,3,76
BreakableBlock,22,13,34
BreakableBlock,-8,7,52
BreakableBlock,12,11,48
Block,57,0,204
Block,42,0,225
BreakableBlock,-4,7,34
BreakableBlock,-10,5,92
BreakableBlock,-6,3,54
BreakableBlock,14,15,50
BreakableBlock,-20,5,34
BreakableBlock,12,9,60
BreakableBlock,10,5,68
BreakableBlock,-6,3,48
BreakableBlock,10,5,90
BreakableBlock,10,5,42
Block,-33,0,153
BreakableBlock,-8,9,30
BreakableBlock,8,7,84
Block,-12,0,78
BreakableBlock,-10,11,42
BreakableBlock,-30,3,122
BreakableBlock,20,11,82
BreakableBlock,-18,7,62
BreakableBlock,-8,11,74
BreakableBlock,-22,11,66
Block,-24,0,141
BreakableBlock,16,13,84
Block,33,0,219
Block,15,0,24
Block,33,0,177
BreakableBlock,24,7,76
Block,27,0,165
BreakableBlock,6,13,76
Block,-12,0,-27
BreakableBlock,-8,5,64
BreakableBlock,14,13,84
BreakableBlock,8,9,60
BreakableBlock,14,5,66
BreakableBlock,-14,9,76
BreakableBlock,10,9,74
BreakableBlock,-4,5,50
Block,-3,0,-18
BreakableBlock,-10,15,44
BreakableBlock,-20,5,52
BreakableBlock,20,7,62
BreakableBlock,-8,13,52
Block,0,0,201
BreakableBlock,20,11,66
BreakableBlock,-4,5,88
BreakableBlock,4,5,84
BreakableBlock,-18,11,32
BreakableBlock,-8,9,82
BreakableBlock,-10,11,52
Block,-12,0,132
Block,15,0,-39
BreakableBlock,18,7,62
BreakableBlock,14,9,52
BreakableBlock,-10,5,50
BreakableBlock,-18,5,122
BreakableBlock,2,11,62
BreakableBlock,4,5,80
BreakableBlock,20,11,50
Block,-18,0,138
Block,-15,0,213
BreakableBlock,8,7,36
BreakableBlock,-4,15,72
BreakableBlock,6,5,36
BreakableBlock,16,11,34
BreakableBlock,-16,15,48
BreakableBlock,-20,5,74
Block,-9,0,-21
BreakableBlock,-6,11,80
Block,12,0,225
BreakableBlock,18,11,92
Block,15,0,30
Block,3,0,54
BreakableBlock,20,13,80
BreakableBlock,12,7,40
BreakableBlock,-18,9,70
Block,18,0,132
BreakableBlock,-20,11,78
Block,0,0,15
BreakableBlock,-2,5,64
Block,33,0,147
BreakableBlock,4,5,76
Block,-18,0,111
BreakableBlock,6,5,68
BreakableBlock,2,15,38
Block,27,0,-39
Block,-24,0,222
Block,24,0,138
Block,51,0,126
BreakableBlock,14,15,54
BreakableBlock,6,15,68
BreakableBlock,-2,7,70
BreakableBlock,22,13,76
BreakableBlock,-12,5,40
BreakableBlock,-8,13,50
BreakableBlock,-8,13,78
BreakableBlock,-10,9,42
BreakableBlock,20,15,70
Block,18,0,-51
Block,12,0,-3
BreakableBlock,18,15,86
BreakableBlock,16,15,70
BreakableBlock,22,15,36
Block,-30,0,108
Block,-36,0,126
BreakableBlock,24,9,72
BreakableBlock,20,11,34
BreakableBlock,-20,13,68
BreakableBlock,-14,13,72
BreakableBlock,-14,11,84
Block,-39,0,153
BreakableBlock,18,5,56
Block,-27,0,156
BreakableBlock,22,13,30
BreakableBlock,10,9,62
BreakableBlock,10,5,62
BreakableBlock,20,9,82
BreakableBlock,-16,15,62
Block,-9,0,195
Block,12,0,-6
Block,-21,0,117
Block,54,0,168
BreakableBlock,-4,9,60
BreakableBlock,4,5,34
BreakableBlock,20,9,52
Block,15,0,183
BreakableBlock,4,7,42
BreakableBlock,16,15,74
BreakableBlock,-8,15,48
BreakableBlock,-20,15,58
Block,12,0,-30
Block,18,0,45
BreakableBlock,14,7,48
BreakableBlock,4,5,78
BreakableBlock,0,7,82
BreakableBlock,-16,5,80
Block,12,0,192
BreakableBlock,-6,7,60
Block,-42,0,180
BreakableBlock,8,3,88
Block,-6,0,78
BreakableBlock,-16,15,86
BreakableBlock,6,13,56
BreakableBlock,-4,9,74
BreakableBlock,20,13,72
Block,21,0,-12
BreakableBlock,-14,11,44
BreakableBlock,-4,7,82
Block,-3,0,69
Block,-12,0,-30
BreakableBlock,-18,3,80
BreakableBlock,22,13,78
Block,48,0,210
BreakableBlock,12,11,32
BreakableBlock,6,3,86
Block,57,0,180
BreakableBlock,-18,11,82
Block,15,0,102
BreakableBlock,0,5,32
Block,-6,0,129
BreakableBlock,18,7,72
BreakableBlock,12,5,90
BreakableBlock,-6,3,86
BreakableBlock,0,13,32
BreakableBlock,10,11,54
BreakableBlock,-16,5,92
BreakableBlock,22,3,78
BreakableBlock,8,9,32
Block,-54,0,201
BreakableBlock,-2,7,42
BreakableBlock,-8,15,36
Block,-6,0,150
BreakableBlock,-8,11,32
BreakableBlock,14,5,50
Block,-9,0,36
BreakableBlock,-22,15,42
Block,30,0,186
BreakableBlock,0,9,50
BreakableBlock,10,11,90
Block,27,0,177
BreakableBlock,12,5,64
BreakableBlock,16,5,48
BreakableBlock,-22,5,36
Block,42,0,132
BreakableBlock,20,9,44
BreakableBlock,-4,3,68
BreakableBlock,-20,9,38
BreakableBlock,2,13,56
Block,-51,0,174
BreakableBlock,2,7,68
Block,24,0,-33
BreakableBlock,-12,3,30
BreakableBlock,-4,3,84
BreakableBlock,-20,7,58
BreakableBlock,20,11,52
BreakableBlock,-8,11,46
BreakableBlock,-2,5,42
BreakableBlock,-22,15,38
BreakableBlock,0,9,72
Block,21,0,210
Block,0,0,-45
BreakableBlock,-18,7,68
BreakableBlock,-18,13,60
BreakableBlock,16,7,38
BreakableBlock,16,11,42
Block,-3,0,219
BreakableBlock,14,3,66
Block,18,0,87
Block,-45,0,144
BreakableBlock,-14,7,42
BreakableBlock,24,11,50
BreakableBlock,-14,7,90
BreakableBlock,12,5,46
BreakableBlock,4,5,122
Block,9,0,90
BreakableBlock,-22,7,62
BreakableBlock,18,13,36
BreakableBlock,-2,11,54
BreakableBlock,12,7,80
BreakableBlock,8,15,42
BreakableBlock,2,11,30
BreakableBlock,-18,9,76
BreakableBlock,-8,5,62
Block,9,0,6
BreakableBlock,0,9,32
Block,9,0,-54
BreakableBlock,-2,3,64
BreakableBlock,16,15,86
BreakableBlock,-18,13,68
Block,3,0,-39
BreakableBlock,-22,11,76
Block,57,0,129
BreakableBlock,20,15,36
BreakableBlock,20,15,68
BreakableBlock,2,15,68
BreakableBlock,-8,15,90
BreakableBlock,0,11,86
BreakableBlock,-2,7,92
BreakableBlock,-18,11,60
BreakableBlock,-18,3,78
BreakableBlock,18,3,34
BreakableBlock,-14,9,32
Block,-24,0,189
Block,6,0,-36
Block,-15,0,36
BreakableBlock,-12,7,32
Block,45,0,132
BreakableBlock,16,3,82
Block,-27,0,201
Block,18,0,222
BreakableBlock,4,5,46
BreakableBlock,-18,5,36
Block,51,0,216
BreakableBlock,-2,13,42
BreakableBlock,-12,5,38
BreakableBlock,16,13,30
BreakableBlock,22,13,64
BreakableBlock,-22,5,90
BreakableBlock,-8,3,122
BreakableBlock,20,9,80
BreakableBlock,-20,5,82
BreakableBlock,24,3,66
BreakableBlock,-8,15,64
BreakableBlock,8,13,62
BreakableBlock,-10,9,74
Block,-9,0,183
BreakableBlock,0,9,82
Block,-45,0,168
BreakableBlock,8,13,40
BreakableBlock,4,3,56
BreakableBlock,-6,11,44
Block,-3,0,33
BreakableBlock,-20,11,86
Block,45,0,129
BreakableBlock,6,11,88
BreakableBlock,4,15,58
BreakableBlock,4,9,40
BreakableBlock,20,7,38
BreakableBlock,-18,13,30
BreakableBlock,12,13,76
BreakableBlock,24,13,88
BreakableBlock,10,9,44
BreakableBlock,-10,15,88
BreakableBlock,8,11,48
Block,24,0,144
Block,-51,0,162
Block,12,0,57
BreakableBlock,4,13,66
Block,-3,0,159
BreakableBlock,-18,3,82
BreakableBlock,-8,11,50
Block,3,0,216
Block,-18,0,204
Block,-57,0,192
Block,15,0,-30
BreakableBlock,6,15,80
Block,6,0,153
BreakableBlock,8,15,82
Block,-9,0,39
BreakableBlock,-16,5,64
Block,3,0,39
BreakableBlock,-20,7,82
BreakableBlock,-22,7,86
Block,39,0,114
Block,9,0,186
BreakableBlock,24,9,80
Block,48,0,114
BreakableBlock,-2,9,48
BreakableBlock,2,13,62
Block,30,0,156
BreakableBlock,20,3,74
Block,-24,0,117
BreakableBlock,-2,7,88
Block,-6,0,222
BreakableBlock,4,13,30
Block,-12,0,186
BreakableBlock,-6,3,44
Block,54,0,141
BreakableBlock,-22,13,76
BreakableBlock,-14,5,74
Block,-33,0,180
Block,3,0,138
Block,-36,0,138
Block,0,0,6
BreakableBlock,-6,7,72
Block,18,0,75
BreakableBlock,20,7,72
BreakableBlock,-10,13,52
BreakableBlock,-20,11,32
BreakableBlock,-8,3,78
BreakableBlock,-14,15,48
BreakableBlock,20,9,92
Block,30,0,159
Block,-15,0,123
BreakableBlock,-14,13,82
Block,0,0,141
Block,-51,0,168
BreakableBlock,4,7,52
Block,-36,0,189
BreakableBlock,2,3,46
BreakableBlock,8,11,32
Block,18,0,-27
BreakableBlock,-10,15,36
BreakableBlock,-4,11,72
BreakableBlock,-18,3,30
BreakableBlock,0,7,92
BreakableBlock,-12,15,54
BreakableBlock,-18,11,58
Block,0,0,183
BreakableBlock,16,15,44
BreakableBlock,-12,13,60
BreakableBlock,8,13,76
BreakableBlock,10,9,78
BreakableBlock,-10,7,56
BreakableBlock,-8,3,56
Block,-42,0,183
BreakableBlock,16,9,60
BreakableBlock,-12,5,68
BreakableBlock,14,13,78
Block,-45,0,210
Block,-3,0,57
BreakableBlock,4,15,72
Block,-39,0,195
Block,-30,0,-45
BreakableBlock,24,13,36
BreakableBlock,22,13,66
BreakableBlock,8,5,32
Block,15,0,60
Block,48,0,123
BreakableBlock,-16,9,30
BreakableBlock,-28,5,122
BreakableBlock,2,3,30
BreakableBlock,0,13,44
BreakableBlock,4,7,34
BreakableBlock,-4,3,70
BreakableBlock,-8,3,48
BreakableBlock,4,15,48
BreakableBlock,8,3,54
Block,9,0,207
Block,-27,0,-12
BreakableBlock,22,15,52
Block,21,0,186
BreakableBlock,-20,7,60
BreakableBlock,-20,13,82
BreakableBlock,-2,3,56
BreakableBlock,-4,7,60
Block,33,0,144
BreakableBlock,-12,3,76
BreakableBlock,18,11,46
BreakableBlock,4,3,34
BreakableBlock,10,7,82
BreakableBlock,0,9,70
BreakableBlock,24,9,54
BreakableBlock,-20,3,42
BreakableBlock,-12,11,78
BreakableBlock,-20,5,78
BreakableBlock,-8,11,78
Block,-9,0,111
Block,54,0,219
BreakableBlock,-4,11,82
Block,30,0,-48
BreakableBlock,-6,9,90
BreakableBlock,-20,5,72
BreakableBlock,4,9,32
BreakableBlock,-22,13,72
BreakableBlock,2,3,38
Block,-24,0,195
Block,9,0,75
BreakableBlock,16,15,72
BreakableBlock,-22,3,70
Block,12,0,216
BreakableBlock,22,3,90
Block,-39,0,219
BreakableBlock,14,7,60
BreakableBlock,-8,11,54
BreakableBlock,16,15,46
BreakableBlock,16,11,58
BreakableBlock,10,3,62
BreakableBlock,-2,9,82
Block,-45,0,195
BreakableBlock,20,15,30
Block,3,0,-6
BreakableBlock,-22,7,34
BreakableBlock,24,3,72
BreakableBlock,14,11,40
Block,36,0,222
Block,-18,0,-6
BreakableBlock,10,3,58
Block,42,0,123
BreakableBlock,-20,15,66
BreakableBlock,4,15,82
BreakableBlock,18,15,92
Block,30,0,-51
BreakableBlock,18,11,86
Block,27,0,141
BreakableBlock,18,13,72
BreakableBlock,4,9,70
BreakableBlock,-6,3,34
Block,-30,0,135
BreakableBlock,12,9,44
Block,51,0,132
Block,-6,0,36
BreakableBlock,-10,15,72
BreakableBlock,12,15,54
Block,-9,0,-54
BreakableBlock,-20,3,44
BreakableBlock,8,9,92
BreakableBlock,18,5,42
BreakableBlock,-10,5,66
Block,-18,0,225
Block,3,0,63
BreakableBlock,-12,13,46
BreakableBlock,14,7,74
Block,6,0,183
BreakableBlock,12,7,38
BreakableBlock,-20,7,44
BreakableBlock,-2,15,54
BreakableBlock,-16,7,66
BreakableBlock,-16,7,44
BreakableBlock,-22,3,72
BreakableBlock,-2,11,72
BreakableBlock,8,9,30
Block,-3,0,129
Block,-15,0,204
Block,3,0,135
BreakableBlock,-22,15,62
BreakableBlock,-22,13,40
Block,-42,0,207
BreakableBlock,20,7,44
BreakableBlock,-22,9,60
Block,-12,0,126
Block,18,0,48
BreakableBlock,-6,3,56
BreakableBlock,-6,11,36
BreakableBlock,-12,3,66
BreakableBlock,-12,5,122
BreakableBlock,-20,15,82
Block,36,0,210
BreakableBlock,-10,5,58
BreakableBlock,-12,5,76
Block,-27,0,207
BreakableBlock,18,15,54
BreakableBlock,2,9,86
BreakableBlock,-2,11,30
BreakableBlock,0,13,30
BreakableBlock,4,3,36
BreakableBlock,-22,7,36
BreakableBlock,2,13,52
Block,48,0,189
BreakableBlock,0,15,36
BreakableBlock,12,13,60
BreakableBlock,-16,3,56
Block,-27,0,108
Block,-15,0,144
Block,18,0,66
BreakableBlock,-12,5,72
BreakableBlock,0,15,50
BreakableBlock,-2,13,32
BreakableBlock,6,11,90
Block,-27,0,120
BreakableBlock,12,11,52
Block,-12,0,90
BreakableBlock,-22,11,90
Block,18,0,63
Block,42,0,213
BreakableBlock,-10,7,50
BreakableBlock,24,13,68
BreakableBlock,-12,3,84
BreakableBlock,-22,7,92
BreakableBlock,-12,7,80
Block,-9,0,72
Block,-57,0,213
BreakableBlock,-2,15,78
BreakableBlock,0,5,48
Block,-18,0,6
BreakableBlock,-6,13,70
Block,-39,0,216
BreakableBlock,16,9,48
Block,-15,0,30
Block,6,0,51
BreakableBlock,-10,9,64
BreakableBlock,-2,13,54
Block,-21,0,126
BreakableBlock,0,13,38
Block,-18,0,114
Block,9,0,171
BreakableBlock,16,3,54
BreakableBlock,14,3,38
Block,-3,0,105
Block,45,0,213
BreakableBlock,22,9,76
Block,-3,0,-39
BreakableBlock,6,15,34
Block,-48,0,144
Block,27,0,216
BreakableBlock,18,9,54
Block,-24,0,114
Block,9,0,24
BreakableBlock,-22,11,34
Block,51,0,156
BreakableBlock,12,15,72
BreakableBlock,12,11,74
BreakableBlock,-2,5,92
BreakableBlock,-18,13,62
Block,-18,0,147
BreakableBlock,18,7,32
BreakableBlock,10,15,86
BreakableBlock,8,7,64
BreakableBlock,-6,15,92
BreakableBlock,4,3,54
BreakableBlock,-22,15,92
Block,-54,0,141
BreakableBlock,2,9,62
BreakableBlock,20,5,42
Block,-15,0,99
BreakableBlock,-18,13,70
BreakableBlock,-16,11,66
BreakableBlock,-12,9,46
BreakableBlock,12,3,38
BreakableBlock,24,13,52
BreakableBlock,4,3,82
Block,18,0,51
BreakableBlock,16,13,66
Block,-33,0,219
BreakableBlock,10,9,36
BreakableBlock,4,5,50
Block,0,0,99
Block,-3,0,147
Block,9,0,12
BreakableBlock,24,11,42
BreakableBlock,8,13,68
BreakableBlock,-22,3,90
BreakableBlock,16,3,88
Block,-33,0,183
Block,27,0,-24
BreakableBlock,8,15,90
Block,15,0,-15
BreakableBlock,24,3,70
Block,27,0,-54
BreakableBlock,18,9,82
Block,-6,0,141
BreakableBlock,-12,3,48
BreakableBlock,-22,5,52
Block,0,0,45
BreakableBlock,-12,15,38
BreakableBlock,-12,5,80
BreakableBlock,-14,13,54
BreakableBlock,-16,9,60
BreakableBlock,12,3,42
BreakableBlock,24,3,86
BreakableBlock,20,5,80
BreakableBlock,12,7,32
BreakableBlock,-12,7,64
BreakableBlock,-12,9,44
BreakableBlock,-6,5,66
BreakableBlock,2,11,72
Block,-15,0,-6
BreakableBlock,18,3,76
Block,-3,0,-45
Block,21,0,126
BreakableBlock,14,3,44
BreakableBlock,12,5,80
BreakableBlock,8,15,34
BreakableBlock,0,3,48
BreakableBlock,-20,5,80
BreakableBlock,-4,7,36
Block,6,0,48
BreakableBlock,-14,15,80
BreakableBlock,-18,13,34
BreakableBlock,6,7,56
BreakableBlock,-16,3,90
Block,15,0,33
BreakableBlock,-18,9,80
BreakableBlock,4,11,40
BreakableBlock,4,7,72
Block,12,0,-9
BreakableBlock,4,3,66
Block,9,0,-3
Block,42,0,171
BreakableBlock,-12,15,84
BreakableBlock,12,3,60
Block,-24,0,-15
BreakableBlock,20,3,88
BreakableBlock,-20,11,64
BreakableBlock,-10,15,34
Block,-51,0,126
BreakableBlock,-4,5,66
BreakableBlock,18,15,84
BreakableBlock,-10,3,82
BreakableBlock,-20,15,42
Block,0,0,213
BreakableBlock,-14,5,122
Block,27,0,144
BreakableBlock,-6,13,58
Block,48,0,138
BreakableBlock,-8,5,60
BreakableBlock,-6,15,46
BreakableBlock,4,3,46
BreakableBlock,-4,3,92
BreakableBlock,-2,9,72
BreakableBlock,-16,5,48
BreakableBlock,-2,9,88
BreakableBlock,0,5,78
BreakableBlock,-22,3,42
BreakableBlock,8,5,66
Block,30,0,180
BreakableBlock,-6,3,92
Block,27,0,117
BreakableBlock,-4,13,30
Block,6,0,141
BreakableBlock,6,9,58
Block,-9,0,147
BreakableBlock,-14,5,122
Block,-24,0,225
BreakableBlock,8,13,74
BreakableBlock,-26,5,122
BreakableBlock,6,3,68
BreakableBlock,2,15,86
BreakableBlock,-18,11,70
Block,15,0,198
BreakableBlock,8,13,58
BreakableBlock,6,13,60
Block,15,0,3
BreakableBlock,-12,15,82
BreakableBlock,-10,13,72
Block,33,0,-27
BreakableBlock,2,13,42
BreakableBlock,8,11,86
BreakableBlock,20,7,54
Block,48,0,150
Block,-24,0,132
BreakableBlock,-2,5,72
Block,-30,0,144
BreakableBlock,8,3,52
Block,-18,0,207
BreakableBlock,-10,3,66
BreakableBlock,-8,13,58
BreakableBlock,-18,15,32
BreakableBlock,-8,11,66
BreakableBlock,0,7,74
Block,-6,0,3
BreakableBlock,-4,5,122
Block,15,0,207
BreakableBlock,16,11,62
BreakableBlock,-20,5,92
BreakableBlock,0,13,42
Block,6,0,-54
BreakableBlock,-8,13,90
Block,-12,0,147
BreakableBlock,16,13,64
BreakableBlock,10,11,32
BreakableBlock,22,5,54
BreakableBlock,24,7,68
BreakableBlock,10,3,46
BreakableBlock,-16,9,86
BreakableBlock,10,5,64
Block,27,0,138
BreakableBlock,-10,3,62
Block,-12,0,-48
Block,33,0,108
BreakableBlock,12,15,40
Block,6,0,27
BreakableBlock,2,13,46
BreakableBlock,18,15,64
BreakableBlock,16,7,48
BreakableBlock,12,9,68
Block,48,0,174
BreakableBlock,-16,11,72
Block,-54,0,162
BreakableBlock,12,9,66
Block,24,0,168
BreakableBlock,0,15,80
BreakableBlock,-20,5,88
Block,45,0,153
BreakableBlock,14,15,52
BreakableBlock,22,15,60
Block,-21,0,120
BreakableBlock,0,5,38
BreakableBlock,24,15,30
BreakableBlock,10,9,46
BreakableBlock,-6,3,66
Block,18,0,183
BreakableBlock,24,3,76
BreakableBlock,12,9,62
BreakableBlock,20,13,56
BreakableBlock,-4,11,36
BreakableBlock,16,7,88
BreakableBlock,-20,9,32
BreakableBlock,-10,13,84
BreakableBlock,-12,9,84
BreakableBlock,-22,9,66
BreakableBlock,-6,13,80
BreakableBlock,12,13,50
Block,9,0,39
Block,-15,0,84
Block,-9,0,204
Block,-21,0,123
BreakableBlock,-18,3,54
BreakableBlock,12,7,70
BreakableBlock,16,13,90
BreakableBlock,18,15,82
BreakableBlock,18,3,30
Block,-54,0,138
BreakableBlock,-10,11,30
BreakableBlock,-2,7,46
Block,36,0,213
BreakableBlock,20,7,36
BreakableBlock,14,11,64
Block,-15,0,135
BreakableBlock,-2,15,42
BreakableBlock,6,11,36
BreakableBlock,2,13,82
BreakableBlock,24,7,58
Block,-12,0,189
BreakableBlock,22,11,92
BreakableBlock,24,9,34
Block,9,0,87
BreakableBlock,-6,11,52
BreakableBlock,-4,15,50
BreakableBlock,-20,5,58
Block,54,0,153
BreakableBlock,24,13,56
BreakableBlock,-18,7,30
Block,42,0,141
BreakableBlock,-22,13,32
BreakableBlock,2,3,66
BreakableBlock,22,3,80
BreakableBlock,-8,3,50
Block,6,0,123
Block,-48,0,141
BreakableBlock,-6,13,30
Block,15,0,120
Block,-27,0,-18
BreakableBlock,-12,9,90
Block,-39,0,123
BreakableBlock,-4,3,60
BreakableBlock,-16,9,72
BreakableBlock,22,11,38
Block,-15,0,-15
BreakableBlock,0,3,86
BreakableBlock,-10,3,54
BreakableBlock,0,13,66
BreakableBlock,6,3,76
BreakableBlock,-20,9,74
BreakableBlock,22,7,54
BreakableBlock,-20,7,56
Block,-51,0,150
BreakableBlock,-8,5,32
BreakableBlock,20,15,92
BreakableBlock,16,9,62
BreakableBlock,24,9,58
BreakableBlock,4,13,92
BreakableBlock,18,15,78
BreakableBlock,16,7,56
BreakableBlock,24,7,70
Block,15,0,57
BreakableBlock,22,15,30
BreakableBlock,-22,7,48
BreakableBlock,-2,3,46
BreakableBlock,2,7,84
Block,-9,0,117
BreakableBlock,-10,13,62
Block,-24,0,153
BreakableBlock,-2,15,30
BreakableBlock,-14,7,62
BreakableBlock,-14,3,54
Block,-15,0,39
Block,-18,0,-42
Block,-18,0,3
BreakableBlock,-20,3,78
BreakableBlock,14,9,86
Block,54,0,189
Block,-51,0,120
BreakableBlock,4,15,80
BreakableBlock,-12,7,34
BreakableBlock,4,13,78
BreakableBlock,6,13,44
BreakableBlock,-12,9,48
BreakableBlock,12,5,42
BreakableBlock,24,5,50
BreakableBlock,0,15,60
Block,27,0,126
Block,-39,0,141
Block,-6,0,15
BreakableBlock,-22,5,56
BreakableBlock,10,15,82
BreakableBlock,14,13,50
BreakableBlock,-10,13,86
Block,27,0,-6
Block,12,0,123
BreakableBlock,-2,7,32
BreakableBlock,-12,11,60
Block,12,0,-24
Block,-3,0,111
Block,-3,0,51
Block,-3,0,168
BreakableBlock,2,5,56
BreakableBlock,22,13,56
BreakableBlock,14,5,78
Block,0,0,210
BreakableBlock,22,3,92
BreakableBlock,22,3,54
Block,24,0,129
Block,0,0,-30
BreakableBlock,16,3,70
Block,-3,0,-21
BreakableBlock,22,3,62
BreakableBlock,8,11,46
BreakableBlock,20,11,58
BreakableBlock,2,3,56
BreakableBlock,-10,3,40
Block,3,0,210
Block,39,0,222
BreakableBlock,0,15,56
BreakableBlock,24,5,90
BreakableBlock,20,7,52
BreakableBlock,12,9,80
Block,39,0,171
BreakableBlock,2,9,32
Block,6,0,-27
BreakableBlock,16,11,72
BreakableBlock,-12,3,88
BreakableBlock,-8,3,88
BreakableBlock,-2,9,78
BreakableBlock,16,15,78
BreakableBlock,4,9,86
BreakableBlock,2,9,46
Block,48,0,159
BreakableBlock,6,5,92
BreakableBlock,18,3,74
BreakableBlock,-12,11,40
BreakableBlock,22,15,34
BreakableBlock,24,13,38
BreakableBlock,-10,13,44
Block,33,0,-12
BreakableBlock,-22,11,44
Block,54,0,162
BreakableBlock,-30,5,122
BreakableBlock,-8,5,92
BreakableBlock,12,3,58
BreakableBlock,-4,11,44
Block,9,0,117
BreakableBlock,6,3,50
BreakableBlock,10,15,64
BreakableBlock,-4,13,82
BreakableBlock,-20,9,52
BreakableBlock,18,9,46
BreakableBlock,8,5,80
Block,6,0,138
BreakableBlock,0,11,46
BreakableBlock,-4,3,66
BreakableBlock,6,7,48
BreakableBlock,-14,3,60
BreakableBlock,-2,11,76
Block,-12,0,219
BreakableBlock,22,13,44
Block,30,0,201
BreakableBlock,4,3,38
Block,9,0,183
BreakableBlock,-8,15,76
Block,45,0,123
BreakableBlock,10,11,86
Block,33,0,120
BreakableBlock,20,13,76
BreakableBlock,-10,5,42
BreakableBlock,-6,7,84
BreakableBlock,-22,13,50
BreakableBlock,0,9,86
Block,-15,0,3
Block,57,0,177
Block,9,0,144
Block,30,0,162
Block,-15,0,150
BreakableBlock,-12,15,60
Block,-15,0,42
BreakableBlock,22,9,60
Block,0,0,-36
Block,-3,0,-6
BreakableBlock,10,11,44
BreakableBlock,10,7,32
Block,6,0,126
BreakableBlock,-8,3,38
BreakableBlock,14,13,32
BreakableBlock,-4,7,58
Block,-27,0,129
BreakableBlock,-12,3,32
Block,27,0,-9
BreakableBlock,-18,11,50
Block,-39,0,117
BreakableBlock,-2,5,74
BreakableBlock,-16,11,44
BreakableBlock,6,7,30
BreakableBlock,6,11,72
BreakableBlock,24,3,54
BreakableBlock,-22,3,58
BreakableBlock,-20,7,64
BreakableBlock,-22,15,68
Block,24,0,-27
Block,-9,0,69
BreakableBlock,2,3,40
BreakableBlock,-6,13,54
BreakableBlock,-2,9,50
BreakableBlock,4,9,74
Block,-15,0,-9
BreakableBlock,16,13,52
Block,48,0,153
BreakableBlock,-18,9,42
Block,12,0,60
Block,-24,0,159
BreakableBlock,-4,9,48
BreakableBlock,0,11,56
BreakableBlock,20,13,38
Block,0,0,216
BreakableBlock,-18,5,72
Block,-12,0,93
BreakableBlock,-18,5,38
BreakableBlock,10,11,78
BreakableBlock,-8,7,68
BreakableBlock,-18,5,60
Block,3,0,180
Block,-15,0,-39
Block,48,0,147
Block,9,0,135
BreakableBlock,12,13,36
BreakableBlock,-16,11,58
BreakableBlock,2,15,48
BreakableBlock,6,15,88
Block,-27,0,111
Block,57,0,216
BreakableBlock,20,11,90
BreakableBlock,-10,7,46
Block,30,0,204
BreakableBlock,22,11,42
BreakableBlock,-14,11,42
BreakableBlock,-2,15,86
Block,45,0,111
Block,-51,0,210
Block,-33,0,108
BreakableBlock,-14,15,62
BreakableBlock,10,13,66
BreakableBlock,16,5,56
BreakableBlock,12,13,32
BreakableBlock,22,11,74
BreakableBlock,-16,15,58
BreakableBlock,12,9,74
Block,51,0,195
BreakableBlock,-6,5,44
Block,24,0,204
BreakableBlock,-6,15,80
BreakableBlock,12,7,76
BreakableBlock,-6,9,72
Block,-15,0,87
BreakableBlock,8,15,30
Block,9,0,108
Block,57,0,132
BreakableBlock,-12,13,74
Block,-27,0,141
BreakableBlock,20,13,70
BreakableBlock,0,5,40
BreakableBlock,6,7,54
BreakableBlock,-16,11,60
BreakableBlock,22,9,78
Block,-6,0,105
Block,39,0,216
BreakableBlock,-4,15,64
BreakableBlock,16,9,30
BreakableBlock,-18,13,76
BreakableBlock,12,3,64
Block,-48,0,198
BreakableBlock,-2,3,38
Block,0,0,156
BreakableBlock,22,9,90
BreakableBlock,0,3,50
BreakableBlock,4,5,66
Block,-3,0,213
BreakableBlock,16,13,80
BreakableBlock,20,13,44
Block,-54,0,135
BreakableBlock,14,9,32
BreakableBlock,-6,9,50
Block,-3,0,-30
BreakableBlock,8,11,58
Block,45,0,117
BreakableBlock,-4,7,64
BreakableBlock,18,11,38
BreakableBlock,22,13,88
BreakableBlock,-12,11,76
Block,-9,0,0
BreakableBlock,18,3,58
BreakableBlock,8,11,92
Block,48,0,222
BreakableBlock,-10,5,40
BreakableBlock,-8,5,40
Block,-18,0,-39
Block,-42,0,192
BreakableBlock,-12,9,52
BreakableBlock,0,11,30
BreakableBlock,-18,11,46
BreakableBlock,2,15,80
BreakableBlock,-20,13,72
Block,9,0,147
BreakableBlock,12,7,68
BreakableBlock,24,7,60
BreakableBlock,-22,7,80
BreakableBlock,-12,9,34
BreakableBlock,8,5,74
Block,6,0,81
BreakableBlock,6,7,66
BreakableBlock,-10,15,86
Block,18,0,-9
BreakableBlock,-4,11,40
BreakableBlock,8,11,90
BreakableBlock,-4,11,84
Block,-33,0,-15
BreakableBlock,10,15,74
BreakableBlock,0,15,54
BreakableBlock,4,3,58
BreakableBlock,8,11,50
Block,-3,0,114
BreakableBlock,-20,7,42
BreakableBlock,18,15,38
BreakableBlock,-10,7,44
BreakableBlock,20,9,56
BreakableBlock,20,11,56
Block,-21,0,-54
BreakableBlock,10,15,50
Block,-48,0,225
BreakableBlock,24,9,32
Block,45,0,156
Block,51,0,219
BreakableBlock,-14,7,40
BreakableBlock,-16,15,42
BreakableBlock,-12,15,92
Block,-27,0,180
BreakableBlock,20,15,32
BreakableBlock,22,5,76
BreakableBlock,8,11,64
BreakableBlock,14,15,64
BreakableBlock,0,9,90
BreakableBlock,2,3,62
BreakableBlock,18,3,36
BreakableBlock,10,5,52
BreakableBlock,-16,15,54
Block,12,0,186
Block,-12,0,-12
BreakableBlock,4,15,76
BreakableBlock,-16,7,70
BreakableBlock,8,7,44
BreakableBlock,22,5,84
Block,-15,0,69
BreakableBlock,0,9,40
BreakableBlock,4,15,92
BreakableBlock,6,13,64
Block,36,0,192
BreakableBlock,2,13,58
BreakableBlock,-8,13,40
Block,18,0,96
Block,-57,0,153
Block,-21,0,-39
Block,36,0,120
BreakableBlock,4,3,30
BreakableBlock,-6,3,90
BreakableBlock,22,15,92
BreakableBlock,-16,3,46
Block,18,0,111
BreakableBlock,8,5,72
BreakableBlock,-2,7,44
BreakableBlock,16,9,34
BreakableBlock,-12,9,64
BreakableBlock,-2,13,90
Block,-42,0,219
BreakableBlock,18,15,46
BreakableBlock,14,7,38
BreakableBlock,-18,3,122
BreakableBlock,-12,3,80
BreakableBlock,-4,13,46
BreakableBlock,-10,13,82
BreakableBlock,-6,5,60
BreakableBlock,6,3,74
BreakableBlock,22,15,88
BreakableBlock,-16,7,40
BreakableBlock,-8,7,54
BreakableBlock,14,5,62
BreakableBlock,-20,3,52
BreakableBlock,-16,7,34
BreakableBlock,-20,3,88
BreakableBlock,-4,5,84
BreakableBlock,-4,3,62
BreakableBlock,22,15,82
BreakableBlock,-16,7,50
BreakableBlock,4,3,32
BreakableBlock,0,11,62
Block,54,0,225
BreakableBlock,2,5,38
BreakableBlock,14,13,66
BreakableBlock,-2,7,84
Block,-12,0,99
BreakableBlock,-8,3,72
Block,24,0,165
BreakableBlock,-14,11,92
BreakableBlock,0,15,58
BreakableBlock,2,7,70
BreakableBlock,2,7,80
BreakableBlock,-4,5,60
BreakableBlock,-10,13,48
BreakableBlock,8,15,66
BreakableBlock,10,13,76
Block,0,0,165
BreakableBlock,20,15,38
Block,6,0,6
Block,36,0,201
BreakableBlock,14,13,62
Block,48,0,156
BreakableBlock,18,11,68
BreakableBlock,16,7,64
BreakableBlock,2,5,90
Block,15,0,117
BreakableBlock,-22,7,64
BreakableBlock,10,9,86
BreakableBlock,22,5,78
Block,30,0,-30
Block,15,0,9
BreakableBlock,0,11,38
BreakableBlock,16,5,92
BreakableBlock,-8,9,90
BreakableBlock,-22,13,36
BreakableBlock,-22,5,32
Block,48,0,132
Block,-3,0,-3
Block,-45,0,177
BreakableBlock,-14,11,86
Block,6,0,159
BreakableBlock,-18,9,46
BreakableBlock,-20,15,52
BreakableBlock,-22,11,30
Block,-9,0,198
Block,-12,0,54
BreakableBlock,-6,7,40
Block,-15,0,-42
BreakableBlock,2,11,92
Block,18,0,-42
Block,12,0,168
BreakableBlock,-14,3,56
BreakableBlock,-10,3,58
BreakableBlock,-10,7,78
BreakableBlock,-18,9,52
BreakableBlock,8,3,36
BreakableBlock,10,15,48
BreakableBlock,0,5,30
Block,-24,0,216
BreakableBlock,-8,9,42
BreakableBlock,-4,13,54
Block,9,0,48
BreakableBlock,2,3,44
BreakableBlock,24,13,60
BreakableBlock,0,5,86
BreakableBlock,-6,7,76
BreakableBlock,14,7,82
BreakableBlock,-12,11,92
Block,48,0,207
BreakableBlock,-16,3,76
BreakableBlock,18,3,38
Block,3,0,-21
Block,-36,0,120
Block,-18,0,150
BreakableBlock,-8,9,74
BreakableBlock,2,13,54
BreakableBlock,-14,9,60
Block,18,0,24
BreakableBlock,12,5,48
BreakableBlock,8,3,72
BreakableBlock,-6,5,32
BreakableBlock,-14,15,56
BreakableBlock,-20,13,50
Block,3,0,177
Block,33,0,129
BreakableBlock,-20,15,60
BreakableBlock,12,7,62
BreakableBlock,-12,5,66
Block,24,0,156
BreakableBlock,-20,3,34
BreakableBlock,10,13,92
Block,39,0,201
BreakableBlock,2,5,122
BreakableBlock,-6,5,70
BreakableBlock,24,9,40
BreakableBlock,0,3,30
Block,33,0,-33
BreakableBlock,8,9,58
BreakableBlock,-22,13,70
BreakableBlock,-8,9,56
BreakableBlock,14,11,54
BreakableBlock,14,11,78
BreakableBlock,4,7,44
Block,21,0,138
BreakableBlock,8,3,48
BreakableBlock,10,3,78
Block,15,0,-54
BreakableBlock,12,11,72
BreakableBlock,10,3,52
BreakableBlock,-4,11,30
BreakableBlock,-10,5,84
BreakableBlock,16,11,68
BreakableBlock,-6,11,58
BreakableBlock,-2,3,32
BreakableBlock,-18,13,56
BreakableBlock,-16,7,62
Block,54,0,201
BreakableBlock,10,5,46
Block,-45,0,108
Block,0,0,72
BreakableBlock,-14,9,70
BreakableBlock,-2,11,78
Block,3,0,-33
BreakableBlock,-12,11,44
BreakableBlock,8,9,68
BreakableBlock,-8,9,88
BreakableBlock,-8,11,36
BreakableBlock,4,7,56
BreakableBlock,-8,9,58
BreakableBlock,22,9,88
BreakableBlock,20,9,40
BreakableBlock,-18,5,50
Block,-15,0,198
BreakableBlock,18,5,74
BreakableBlock,24,3,36
BreakableBlock,-18,13,80
Block,12,0,39
Block,-9,0,57
BreakableBlock,12,15,34
BreakableBlock,12,9,76
BreakableBlock,-2,11,38
Block,-18,0,201
BreakableBlock,2,5,82
BreakableBlock,-22,9,34
Block,9,0,27
BreakableBlock,14,7,44
Block,-42,0,141
Block,12,0,180
BreakableBlock,0,13,60
Block,21,0,162
Block,-48,0,123
BreakableBlock,-6,11,42
BreakableBlock,12,13,44
BreakableBlock,-16,3,86
Block,-12,0,216
BreakableBlock,24,9,90
BreakableBlock,-10,7,72
Block,-15,0,72
Block,-57,0,141
BreakableBlock,-18,13,78
BreakableBlock,2,9,54
BreakableBlock,6,7,42
BreakableBlock,-10,13,76
BreakableBlock,-10,9,88
BreakableBlock,10,5,32
BreakableBlock,-6,15,34
BreakableBlock,-16,3,68
Block,0,0,219
Block,27,0,120
Block,-3,0,96
Block,51,0,204
Block,-12,0,48
BreakableBlock,-14,9,36
BreakableBlock,14,9,42
BreakableBlock,-8,7,30
Block,-18,0,168
BreakableBlock,-4,11,86
BreakableBlock,-22,7,30
BreakableBlock,10,9,72
Block,33,0,150
Block,-27,0,117
BreakableBlock,4,5,72
BreakableBlock,22,9,48
Block,15,0,195
BreakableBlock,8,3,40
BreakableBlock,14,3,64
Block,-27,0,-9
Block,-15,0,168
BreakableBlock,-8,5,82
Block,-42,0,216
BreakableBlock,-22,13,80
BreakableBlock,2,15,74
BreakableBlock,16,15,66
BreakableBlock,6,13,82
BreakableBlock,6,11,38
BreakableBlock,-16,15,80
Block,12,0,36
Block,-36,0,114
Block,-45,0,153
BreakableBlock,-20,5,42
Block,3,0,45
BreakableBlock,-16,13,68
BreakableBlock,-16,9,44
BreakableBlock,20,15,72
BreakableBlock,-18,9,92
Block,9,0,51
BreakableBlock,0,11,52
BreakableBlock,-2,13,58
BreakableBlock,0,15,34
BreakableBlock,4,3,74
BreakableBlock,-16,9,74
BreakableBlock,-12,3,78
BreakableBlock,20,7,48
Block,-12,0,141
Block,-12,0,168
BreakableBlock,18,3,40
BreakableBlock,16,9,38
Block,-9,0,12
BreakableBlock,-22,3,74
BreakableBlock,24,5,74
Block,36,0,183
Block,12,0,51
BreakableBlock,18,13,48
BreakableBlock,24,15,44
Block,51,0,198
BreakableBlock,20,9,36
BreakableBlock,20,15,66
BreakableBlock,-8,9,84
BreakableBlock,-16,11,92
Block,9,0,99
Block,39,0,138
BreakableBlock,16,11,76
Block,18,0,90
BreakableBlock,-12,15,52
BreakableBlock,-6,7,30
BreakableBlock,-8,3,42
BreakableBlock,-18,9,84
Block,42,0,183
BreakableBlock,-18,5,32
BreakableBlock,-16,3,78
Block,-45,0,138
Block,-3,0,84
BreakableBlock,-6,3,76
Block,57,0,168
Block,54,0,204
BreakableBlock,8,13,90
BreakableBlock,-14,5,62
BreakableBlock,-16,15,72
BreakableBlock,-20,9,66
BreakableBlock,0,3,122
Block,-15,0,63
BreakableBlock,-14,5,36
Block,-54,0,213
BreakableBlock,-12,7,38
Block,0,0,-54
Block,12,0,144
BreakableBlock,18,15,62
BreakableBlock,8,15,72
BreakableBlock,-2,3,68
Block,-21,0,147
Block,18,0,165
BreakableBlock,24,7,56
BreakableBlock,14,13,34
Block,12,0,-27
BreakableBlock,24,7,88
BreakableBlock,8,11,74
Block,-57,0,183
BreakableBlock,2,11,86
BreakableBlock,-16,9,90
BreakableBlock,-12,11,32
Block,6,0,15
BreakableBlock,-6,15,78
BreakableBlock,-18,9,72
BreakableBlock,-14,7,46
Block,-36,0,153
BreakableBlock,-12,15,78
BreakableBlock,12,7,84
BreakableBlock,18,11,48
BreakableBlock,2,13,48
BreakableBlock,16,5,78
BreakableBlock,-8,13,48
Block,-9,0,150
BreakableBlock,20,9,48
BreakableBlock,14,9,90
Block,57,0,165
BreakableBlock,6,11,86
Block,-12,0,9
BreakableBlock,-2,5,56
BreakableBlock,-8,11,92
Block,12,0,105
BreakableBlock,12,3,68
Block,-15,0,-21
BreakableBlock,-4,13,44
Block,24,0,207
Block,-3,0,210
BreakableBlock,10,9,40
Block,-6,0,63
BreakableBlock,24,5,42
Block,27,0,-36
BreakableBlock,-10,13,90
Block,-30,0,141
BreakableBlock,18,7,88
BreakableBlock,22,9,40
BreakableBlock,-2,11,32
Block,-18,0,48
BreakableBlock,0,9,52
BreakableBlock,-18,11,64
BreakableBlock,12,9,52
Block,18,0,186
Block,12,0,12
Block,-3,0,174
BreakableBlock,16,7,46
BreakableBlock,-22,11,86
Block,-45,0,186
BreakableBlock,-12,7,42
BreakableBlock,0,7,40
BreakableBlock,10,13,58
BreakableBlock,2,3,78
BreakableBlock,22,5,42
Block,0,0,9
BreakableBlock,12,5,32
Block,12,0,-33
BreakableBlock,2,5,36
BreakableBlock,24,5,54
BreakableBlock,0,11,76
BreakableBlock,-4,7,92
Block,-9,0,114
BreakableBlock,-20,15,46
BreakableBlock,20,11,46
BreakableBlock,2,13,70
BreakableBlock,18,15,42
Block,-12,0,39
Block,42,0,216
BreakableBlock,-2,5,122
Block,-6,0,-21
Block,-3,0,66
Block,-51,0,219
Block,-6,0,9
Block,-30,0,207
BreakableBlock,18,9,84
BreakableBlock,2,11,76
BreakableBlock,-10,11,72
Block,-9,0,225
BreakableBlock,16,5,54
BreakableBlock,-20,5,64
BreakableBlock,22,13,54
Block,24,0,-12
Block,-30,0,156
Block,33,0,174
Block,9,0,-39
BreakableBlock,8,11,44
BreakableBlock,22,7,88
Block,21,0,-42
Block,-24,0,147
BreakableBlock,-16,7,86
BreakableBlock,24,13,34
BreakableBlock,-8,11,70
Block,-12,0,12
BreakableBlock,-20,5,46
Block,39,0,132
BreakableBlock,-18,15,70
Block,-15,0,-30
BreakableBlock,8,3,80
BreakableBlock,8,13,80
BreakableBlock,22,7,62
BreakableBlock,18,13,92
Block,-48,0,135
BreakableBlock,22,7,56
BreakableBlock,0,3,74
BreakableBlock,-14,13,64
BreakableBlock,-28,3,122
BreakableBlock,4,9,64
BreakableBlock,-22,7,46
BreakableBlock,4,15,86
BreakableBlock,-20,9,88
BreakableBlock,14,5,88
BreakableBlock,-8,15,50
Block,12,0,126
Block,-9,0,63
BreakableBlock,-4,13,62
BreakableBlock,0,3,70
Block,-48,0,189
BreakableBlock,18,3,82
BreakableBlock,-22,7,78
BreakableBlock,-6,15,36
BreakableBlock,20,11,32
BreakableBlock,6,7,62
BreakableBlock,14,7,68
BreakableBlock,-22,13,84
BreakableBlock,2,3,76
BreakableBlock,20,15,64
Block,-54,0,132
BreakableBlock,8,15,60
BreakableBlock,14,3,70
BreakableBlock,20,3,80
BreakableBlock,-12,5,44
Block,9,0,153
BreakableBlock,2,9,34
Block,51,0,171
BreakableBlock,-22,7,90
BreakableBlock,14,13,60
Block,-18,0,54
Block,-18,0,84
BreakableBlock,2,7,66
Block,0,0,-42
BreakableBlock,-20,13,38
Block,-18,0,222
BreakableBlock,-22,11,32
BreakableBlock,-4,11,38
BreakableBlock,8,5,54
BreakableBlock,16,13,82
BreakableBlock,-20,9,48
BreakableBlock,-4,15,86
Block,3,0,18
BreakableBlock,-20,7,70
BreakableBlock,-22,5,40
Block,-18,0,27
BreakableBlock,6,3,90
BreakableBlock,6,11,58
BreakableBlock,22,9,44
Block,18,0,42
BreakableBlock,12,9,54
BreakableBlock,-10,11,56
BreakableBlock,-14,15,54
BreakableBlock,-22,11,50
Block,-18,0,63
BreakableBlock,20,11,70
BreakableBlock,-14,7,92
BreakableBlock,-14,15,52
Block,3,0,84
Block,-15,0,18
BreakableBlock,4,9,50
Block,-54,0,204
Block,-12,0,60
Block,-18,0,108
BreakableBlock,-8,11,80
BreakableBlock,4,3,62
Block,-57,0,216
Block,30,0,-36
BreakableBlock,-8,7,36
Block,-6,0,108
BreakableBlock,8,13,46
BreakableBlock,24,5,84
BreakableBlock,-12,9,92
BreakableBlock,22,13,36
Block,-15,0,57
BreakableBlock,-18,7,66
BreakableBlock,24,13,62
BreakableBlock,-12,13,56
BreakableBlock,14,9,60
BreakableBlock,-16,11,68
Block,9,0,120
BreakableBlock,2,11,34
BreakableBlock,2,11,52
BreakableBlock,-8,5,70
BreakableBlock,8,5,78
BreakableBlock,-18,7,80
BreakableBlock,-14,5,50
BreakableBlock,6,5,86
BreakableBlock,4,15,66
BreakableBlock,-6,13,56
BreakableBlock,-4,13,32
Block,3,0,129
BreakableBlock,-22,15,36
BreakableBlock,8,13,44
Block,15,0,144
BreakableBlock,-14,15,82
BreakableBlock,14,13,86
BreakableBlock,-8,5,36
BreakableBlock,-4,5,74
Block,0,0,111
Block,-39,0,111
Block,21,0,183
BreakableBlock,22,15,54
BreakableBlock,16,11,50
Block,-18,0,135
Block,9,0,192
BreakableBlock,8,9,54
BreakableBlock,0,3,66
BreakableBlock,18,9,52
BreakableBlock,-12,7,92
BreakableBlock,16,13,54
BreakableBlock,6,5,80
BreakableBlock,22,13,48
BreakableBlock,-22,7,42
BreakableBlock,12,3,44
BreakableBlock,6,11,52
Block,-48,0,132
BreakableBlock,-16,5,72
Block,-48,0,153
BreakableBlock,-22,13,66
Block,9,0,174
Block,18,0,-54
BreakableBlock,-2,15,68
BreakableBlock,8,5,50
BreakableBlock,-8,5,84
BreakableBlock,-10,15,74
BreakableBlock,4,15,50
BreakableBlock,-6,5,42
BreakableBlock,6,15,32
BreakableBlock,-14,3,84
BreakableBlock,6,15,64
Block,24,0,189
Block,-39,0,210
BreakableBlock,0,3,60
BreakableBlock,18,15,76
Block,12,0,93
BreakableBlock,2,5,92
BreakableBlock,8,13,92
BreakableBlock,2,9,74
Block,6,0,-48
Block,27,0,-42
BreakableBlock,2,13,86
Block,-6,0,-51
Block,-6,0,216
Block,-12,0,162
Block,27,0,-15
BreakableBlock,-12,7,88
Block,30,0,210
BreakableBlock,14,5,84
Block,-33,0,-54
BreakableBlock,2,11,38
Block,12,0,66
BreakableBlock,22,11,54
BreakableBlock,20,9,88
BreakableBlock,-2,7,72
Block,0,0,81
BreakableBlock,22,7,66
Block,0,0,126
Block,36,0,153
Block,27,0,219
Block,27,0,195
Block,3,0,-12
BreakableBlock,6,3,38
BreakableBlock,24,9,76
BreakableBlock,-16,13,54
BreakableBlock,-18,15,58
Block,-27,0,165
Block,-18,0,183
Block,51,0,180
Block,-18,0,36
BreakableBlock,-4,9,66
BreakableBlock,-12,7,78
BreakableBlock,-8,5,122
Block,-15,0,-48
BreakableBlock,22,9,74
Block,30,0,138
Block,-3,0,171
BreakableBlock,18,9,60
BreakableBlock,22,11,56
BreakableBlock,16,9,42
BreakableBlock,8,11,42
BreakableBlock,24,9,82
BreakableBlock,12,3,122
BreakableBlock,2,7,58
Block,39,0,198
BreakableBlock,-12,11,80
BreakableBlock,-20,11,90
BreakableBlock,14,9,80
BreakableBlock,22,13,40
Block,54,0,156
BreakableBlock,-2,15,56
BreakableBlock,2,15,92
BreakableBlock,-12,11,88
Block,-24,0,165
BreakableBlock,12,11,92
BreakableBlock,-6,11,56
BreakableBlock,2,13,66
BreakableBlock,10,3,34
BreakableBlock,-22,15,72
Block,-15,0,-12
BreakableBlock,10,15,52
Block,3,0,42
BreakableBlock,12,13,68
Block,15,0,129
BreakableBlock,-8,11,30
BreakableBlock,-12,11,42
Block,6,0,147
BreakableBlock,-16,13,46
BreakableBlock,8,13,56
BreakableBlock,20,7,80
BreakableBlock,16,9,68
BreakableBlock,14,5,68
Block,36,0,216
Block,-48,0,129
BreakableBlock,-4,7,84
Block,-6,0,198
Block,12,0,117
BreakableBlock,-16,15,88
BreakableBlock,16,9,52
BreakableBlock,18,5,50
BreakableBlock,-2,3,60
Block,48,0,135
BreakableBlock,16,5,74
BreakableBlock,10,11,66
BreakableBlock,16,3,52
BreakableBlock,-20,11,62
BreakableBlock,2,3,36
BreakableBlock,24,15,92
Block,3,0,-54
BreakableBlock,18,3,70
BreakableBlock,-6,13,50
BreakableBlock,10,5,70
BreakableBlock,0,5,82
BreakableBlock,8,3,42
BreakableBlock,22,3,44
BreakableBlock,4,9,78
BreakableBlock,18,5,92
BreakableBlock,-20,13,80
Block,30,0,192
BreakableBlock,16,3,84
BreakableBlock,-18,9,62
BreakableBlock,20,15,74
BreakableBlock,-18,9,64
BreakableBlock,-2,7,68
BreakableBlock,-20,11,44
BreakableBlock,24,5,48
BreakableBlock,12,15,74
Block,9,0,225
BreakableBlock,-4,9,82
BreakableBlock,-16,11,56
BreakableBlock,-14,15,92
BreakableBlock,-14,5,64
BreakableBlock,16,3,64
BreakableBlock,16,11,84
BreakableBlock,8,3,78
BreakableBlock,-16,13,50
BreakableBlock,2,15,66
Block,-6,0,138
BreakableBlock,2,3,92
Block,6,0,222
Block,9,0,-15
BreakableBlock,4,3,70
Block,-18,0,123
Block,-21,0,213
BreakableBlock,12,5,54
Block,15,0,51
Block,-18,0,96
BreakableBlock,24,3,42
BreakableBlock,-14,3,52
BreakableBlock,-12,7,76
BreakableBlock,6,7,82
Block,33,0,216
BreakableBlock,20,15,48
BreakableBlock,22,5,52
Block,21,0,-51
Block,39,0,207
Block,3,0,222
BreakableBlock,14,7,40
Block,-21,0,216
Block,39,0,159
BreakableBlock,16,11,90
Block,-12,0,3
Block,57,0,123
BreakableBlock,-8,7,92
BreakableBlock,2,11,56
Block,54,0,198
Block,30,0,174
BreakableBlock,-18,11,44
BreakableBlock,-16,5,62
Block,-21,0,165
BreakableBlock,-4,15,74
BreakableBlock,8,3,38
Block,15,0,123
Block,0,0,114
BreakableBlock,6,15,66
BreakableBlock,-4,9,90
BreakableBlock,0,15,30
BreakableBlock,10,3,72
BreakableBlock,20,11,84
BreakableBlock,-2,13,38
Block,-33,0,-36
BreakableBlock,16,5,82
Block,18,0,216
BreakableBlock,16,13,60
BreakableBlock,-12,15,74
Block,-54,0,120
BreakableBlock,-12,9,60
BreakableBlock,10,11,52
BreakableBlock,22,15,72
Block,42,0,129
BreakableBlock,-10,11,86
BreakableBlock,8,7,88
BreakableBlock,10,5,40
BreakableBlock,20,11,38
BreakableBlock,-6,3,78
BreakableBlock,-4,3,78
Block,21,0,-15
BreakableBlock,4,11,90
BreakableBlock,16,7,30
Block,3,0,120
Block,-15,0,21
BreakableBlock,2,9,84
Block,-36,0,192
Block,-36,0,222
BreakableBlock,6,9,72
BreakableBlock,2,15,76
BreakableBlock,0,3,82
BreakableBlock,-20,13,42
BreakableBlock,8,5,62
BreakableBlock,-14,3,38
BreakableBlock,2,3,74
BreakableBlock,24,3,92
BreakableBlock,6,7,72
BreakableBlock,6,15,46
BreakableBlock,12,3,30
BreakableBlock,4,5,74
Block,-57,0,150
BreakableBlock,16,5,44
BreakableBlock,0,7,54
BreakableBlock,-16,3,82
BreakableBlock,8,13,84
BreakableBlock,-14,13,74
BreakableBlock,14,15,92
Block,-12,0,69
BreakableBlock,8,15,76
Block,54,0,129
Block,-21,0,219
BreakableBlock,24,7,40
Block,-21,0,-51
BreakableBlock,-22,5,54
BreakableBlock,-6,5,92
BreakableBlock,4,13,82
BreakableBlock,-12,13,30
BreakableBlock,-20,5,60
BreakableBlock,-10,7,88
BreakableBlock,-22,9,88
BreakableBlock,-22,11,84
BreakableBlock,24,5,70
BreakableBlock,4,11,50
Block,-45,0,159
BreakableBlock,-2,15,36
BreakableBlock,-16,13,30
Block,-9,0,168
Block,-3,0,225
Block,15,0,165
BreakableBlock,-4,7,68
BreakableBlock,-10,5,54
BreakableBlock,-12,11,82
BreakableBlock,2,9,88
Block,-39,0,198
Block,36,0,129
BreakableBlock,18,5,48
BreakableBlock,-22,9,46
BreakableBlock,-18,7,72
Block,-21,0,-15
Block,-18,0,153
BreakableBlock,4,9,84
BreakableBlock,4,7,84
BreakableBlock,-22,11,88
BreakableBlock,-18,5,90
BreakableBlock,10,15,32
BreakableBlock,20,7,30
BreakableBlock,-16,9,66
BreakableBlock,-10,7,52
BreakableBlock,12,13,72
BreakableBlock,-22,9,80
BreakableBlock,-16,15,70
BreakableBlock,-4,11,60
Block,24,0,192
BreakableBlock,20,5,62
Block,15,0,219
Block,15,0,18
BreakableBlock,0,5,62
BreakableBlock,-22,7,82
BreakableBlock,-18,9,44
BreakableBlock,22,7,50
BreakableBlock,18,13,58
BreakableBlock,-12,7,48
BreakableBlock,2,7,60
BreakableBlock,2,15,46
BreakableBlock,2,13,36
BreakableBlock,-2,13,76
BreakableBlock,0,15,66
BreakableBlock,-14,9,34
BreakableBlock,-2,3,58
BreakableBlock,-4,9,70
BreakableBlock,0,3,68
BreakableBlock,6,15,52
BreakableBlock,-6,5,38
BreakableBlock,-18,9,78
Block,-24,0,213
Block,-24,0,123
BreakableBlock,-22,11,48
BreakableBlock,2,7,50
BreakableBlock,-4,5,92
Block,-36,0,168
BreakableBlock,-16,15,92
Block,6,0,102
BreakableBlock,14,15,32
Block,48,0,225
BreakableBlock,10,3,76
BreakableBlock,2,9,68
BreakableBlock,-12,9,66
BreakableBlock,-12,13,36
Block,0,0,39
Block,3,0,198
BreakableBlock,-18,5,80
BreakableBlock,6,7,88
BreakableBlock,-16,3,40
Block,-12,0,-39
BreakableBlock,16,15,64
BreakableBlock,14,15,82
BreakableBlock,-12,7,60
BreakableBlock,12,11,54
Block,15,0,69
BreakableBlock,8,15,68
BreakableBlock,24,7,86
BreakableBlock,20,9,90
BreakableBlock,-22,3,34
BreakableBlock,10,3,54
BreakableBlock,-10,9,50
BreakableBlock,-14,5,76
Block,-48,0,171
BreakableBlock,-2,5,66
BreakableBlock,-16,9,52
BreakableBlock,18,5,84
BreakableBlock,6,15,86
Block,48,0,168
BreakableBlock,-16,3,92
BreakableBlock,12,9,92
BreakableBlock,12,15,62
BreakableBlock,12,11,70
BreakableBlock,-18,11,54
Block,6,0,90
BreakableBlock,-6,9,86
BreakableBlock,-16,5,30
Block,-45,0,141
BreakableBlock,-6,13,90
BreakableBlock,-20,3,82
BreakableBlock,14,7,46
BreakableBlock,24,7,38
BreakableBlock,10,3,40
BreakableBlock,-4,11,56
Block,15,0,180
BreakableBlock,8,7,80
BreakableBlock,-20,3,80
BreakableBlock,-14,15,40
BreakableBlock,-2,5,90
Block,18,0,18
Block,-30,0,132
BreakableBlock,10,9,32
Block,-6,0,99
BreakableBlock,-4,13,38
BreakableBlock,-6,7,90
Block,-51,0,159
Block,9,0,210
Block,30,0,153
Block,-54,0,147
Block,-15,0,216
BreakableBlock,-16,15,34
BreakableBlock,-4,9,30
BreakableBlock,-6,5,52
BreakableBlock,22,7,34
BreakableBlock,-16,11,46
Block,-6,0,51
Block,48,0,186
BreakableBlock,-20,3,72
BreakableBlock,-22,5,44
Block,-12,0,135
BreakableBlock,-6,13,66
BreakableBlock,16,7,34
BreakableBlock,-16,13,86
BreakableBlock,20,5,30
Block,27,0,186
Block,-12,0,51
BreakableBlock,-16,13,92
BreakableBlock,-24,5,122
BreakableBlock,-14,9,86
BreakableBlock,-16,5,68
BreakableBlock,-10,11,44
BreakableBlock,-16,7,36
BreakableBlock,-4,5,62
BreakableBlock,24,3,82
BreakableBlock,-12,3,70
BreakableBlock,16,11,82
Block,33,0,192
BreakableBlock,14,11,58
BreakableBlock,-12,7,54
BreakableBlock,-2,7,66
BreakableBlock,14,15,62
BreakableBlock,-2,3,82
Block,-24,0,-18
BreakableBlock,-16,3,36
BreakableBlock,24,11,90
BreakableBlock,0,15,76
Block,36,0,138
BreakableBlock,-10,15,84
Block,-33,0,-30
BreakableBlock,16,11,54
BreakableBlock,6,9,80
Block,9,0,177
Block,6,0,57
BreakableBlock,8,15,46
BreakableBlock,0,11,48
Block,21,0,-54
Block,15,0,174
BreakableBlock,0,15,78
Block,-45,0,189
Block,36,0,198
BreakableBlock,-8,11,90
BreakableBlock,18,15,30
BreakableBlock,4,3,48
BreakableBlock,-14,7,76
BreakableBlock,14,11,60
BreakableBlock,-14,9,72
BreakableBlock,-22,5,66
BreakableBlock,4,11,74
Block,-27,0,162
Block,-12,0,45
BreakableBlock,20,11,80
BreakableBlock,14,3,48
Block,-15,0,-27
BreakableBlock,0,5,74
BreakableBlock,-8,15,80
Block,18,0,-36
BreakableBlock,-8,15,70
Block,-18,0,117
BreakableBlock,-10,13,42
BreakableBlock,6,3,52
BreakableBlock,12,5,78
BreakableBlock,10,7,60
BreakableBlock,6,3,78
Block,-36,0,111
BreakableBlock,8,3,122
BreakableBlock,22,15,38
BreakableBlock,22,5,70
BreakableBlock,10,15,76
BreakableBlock,-22,5,46
BreakableBlock,4,5,88
BreakableBlock,0,13,74
BreakableBlock,22,15,46
BreakableBlock,-10,15,38
BreakableBlock,0,13,64
BreakableBlock,20,5,64
Block,-36,0,162
BreakableBlock,6,15,70
BreakableBlock,8,7,82
Block,18,0,57
BreakableBlock,20,13,78
BreakableBlock,0,13,68
BreakableBlock,4,9,66
BreakableBlock,6,7,36
Block,33,0,204
BreakableBlock,-14,3,62
BreakableBlock,-12,3,50
BreakableBlock,-14,3,46
Block,-45,0,165
Block,-15,0,195
BreakableBlock,14,5,90
BreakableBlock,8,11,84
BreakableBlock,-16,9,64
BreakableBlock,-22,7,58
BreakableBlock,-10,5,90
BreakableBlock,8,5,42
BreakableBlock,24,9,48
BreakableBlock,2,11,60
BreakableBlock,2,11,80
BreakableBlock,-26,5,122
Block,-33,0,-21
BreakableBlock,-2,5,50
Block,-57,0,174
Block,57,0,222
BreakableBlock,-16,9,78
Block,30,0,111
BreakableBlock,-2,3,50
BreakableBlock,-4,5,48
BreakableBlock,2,13,40
BreakableBlock,-6,3,50
BreakableBlock,10,13,60
BreakableBlock,0,15,90
BreakableBlock,14,5,30
BreakableBlock,-12,13,92
BreakableBlock,14,7,92
Block,-6,0,54
BreakableBlock,8,9,70
Block,0,0,-18
BreakableBlock,-16,7,30
BreakableBlock,-22,11,62
Block,-24,0,-12
Block,-36,0,219
BreakableBlock,-14,7,64
BreakableBlock,14,11,82
Block,12,0,198
BreakableBlock,-6,15,48
Block,-30,0,213
BreakableBlock,14,15,46
Block,15,0,-33
BreakableBlock,-12,7,58
Block,27,0,159
Block,30,0,-15
BreakableBlock,-20,7,92
BreakableBlock,-14,9,56
Block,54,0,117
BreakableBlock,-8,15,40
BreakableBlock,-22,7,40
BreakableBlock,18,3,50
BreakableBlock,20,7,86
Block,3,0,60
BreakableBlock,-22,7,56
Block,-3,0,78
Block,18,0,126
BreakableBlock,10,13,52
BreakableBlock,-4,15,82
BreakableBlock,4,11,72
BreakableBlock,-2,3,88
BreakableBlock,-2,5,62
Block,-57,0,180
Block,-42,0,186
BreakableBlock,20,3,38
Block,-36,0,147
BreakableBlock,-20,15,78
BreakableBlock,-10,13,88
Block,33,0,-15
BreakableBlock,4,5,60
Block,-45,0,171
BreakableBlock,-6,15,62
BreakableBlock,-6,9,52
Block,15,0,162
Block,-30,0,204
Block,-3,0,87
BreakableBlock,2,15,84
Block,-3,0,0
BreakableBlock,-8,13,42
BreakableBlock,-4,3,90
BreakableBlock,-10,9,44
Block,27,0,-45
Block,-3,0,135
BreakableBlock,-6,7,48
Block,-30,0,117
Block,33,0,162
BreakableBlock,-2,15,74
BreakableBlock,2,11,64
BreakableBlock,18,15,70
BreakableBlock,2,3,68
BreakableBlock,6,11,64
Block,-24,0,-42
Block,3,0,78
Block,-57,0,225
Block,3,0,-48
BreakableBlock,16,7,44
Block,-33,0,213
BreakableBlock,6,15,72
Block,24,0,150
BreakableBlock,20,9,38
BreakableBlock,0,11,70
BreakableBlock,22,9,64
Block,15,0,114
Block,-9,0,3
Block,-30,0,-30
Block,-48,0,222
BreakableBlock,14,13,36
Block,-48,0,204
BreakableBlock,-22,5,42
BreakableBlock,24,11,88
BreakableBlock,4,9,82
BreakableBlock,-2,11,40
BreakableBlock,-16,13,34
Block,-45,0,129
BreakableBlock,8,5,90
BreakableBlock,-4,5,40
Block,48,0,120
BreakableBlock,14,11,62
BreakableBlock,-2,9,58
BreakableBlock,4,9,58
Block,12,0,90
BreakableBlock,2,11,58
BreakableBlock,14,5,56
BreakableBlock,24,13,92
BreakableBlock,-4,15,38
BreakableBlock,20,7,84
Block,-18,0,-9
BreakableBlock,-4,7,32
BreakableBlock,14,13,72
BreakableBlock,-12,9,80
BreakableBlock,16,9,90
BreakableBlock,-20,11,38
Block,18,0,162
Block,-33,0,174
Block,45,0,186
BreakableBlock,-10,9,48
BreakableBlock,-20,9,34
BreakableBlock,2,7,46
Block,18,0,123
Block,-18,0,159
BreakableBlock,-12,11,84
BreakableBlock,-22,3,88
BreakableBlock,-20,11,84
BreakableBlock,12,13,86
BreakableBlock,-18,15,78
Block,-9,0,-27
BreakableBlock,10,7,64
BreakableBlock,-22,11,36
Block,33,0,213
BreakableBlock,4,13,64
BreakableBlock,22,5,80
BreakableBlock,16,11,92
Block,-18,0,-3
BreakableBlock,16,3,38
BreakableBlock,-14,13,70
Block,6,0,201
Block,-21,0,144
Block,-45,0,120
BreakableBlock,-22,3,86
BreakableBlock,-18,11,86
Block,45,0,144
BreakableBlock,0,13,52
BreakableBlock,-8,7,66
BreakableBlock,8,15,36
BreakableBlock,-22,13,78
BreakableBlock,-8,3,86
BreakableBlock,-4,15,56
Block,-9,0,66
BreakableBlock,-2,11,52
BreakableBlock,2,7,42
BreakableBlock,-14,5,82
BreakableBlock,24,7,54
BreakableBlock,-18,3,92
BreakableBlock,6,13,48
Block,15,0,168
Block,6,0,-15
Block,30,0,-9
Block,45,0,201
BreakableBlock,6,7,50
Block,6,0,21
BreakableBlock,22,5,72
BreakableBlock,-2,3,30
Block,45,0,162
BreakableBlock,-6,5,72
BreakableBlock,18,13,52
Block,-6,0,30
BreakableBlock,-18,15,62
Block,54,0,108
BreakableBlock,22,9,42
Block,30,0,-18
BreakableBlock,-20,13,44
BreakableBlock,-18,15,50
BreakableBlock,18,5,76
BreakableBlock,8,11,56
BreakableBlock,-4,3,58
BreakableBlock,-16,7,32
BreakableBlock,14,11,80
Block,3,0,192
Block,51,0,129
BreakableBlock,4,9,44
BreakableBlock,-8,5,86
Block,-21,0,153
BreakableBlock,18,15,66
Block,-39,0,207
BreakableBlock,10,9,58
Block,42,0,147
BreakableBlock,22,5,86
BreakableBlock,16,3,62
Block,-36,0,159
Block,-54,0,144
Block,-36,0,144
BreakableBlock,6,7,58
Block,-21,0,-6
BreakableBlock,-16,5,54
BreakableBlock,-2,9,46
Block,51,0,108
BreakableBlock,-4,7,62
BreakableBlock,20,7,50
BreakableBlock,-6,5,58
Block,12,0,-42
BreakableBlock,12,7,56
BreakableBlock,22,7,90
BreakableBlock,-6,7,44
BreakableBlock,24,5,58
BreakableBlock,16,15,32
BreakableBlock,2,5,86
BreakableBlock,-18,9,74
BreakableBlock,10,13,38
BreakableBlock,2,5,46
BreakableBlock,18,7,40
BreakableBlock,-20,3,60
BreakableBlock,8,5,52
Block,-48,0,111
BreakableBlock,6,3,32
BreakableBlock,-20,15,92
BreakableBlock,-8,15,52
Block,-3,0,186
BreakableBlock,-22,13,56
Block,57,0,144
BreakableBlock,-18,5,74
BreakableBlock,-2,11,62
BreakableBlock,8,5,88
BreakableBlock,8,3,70
BreakableBlock,0,13,80
Block,-57,0,156
BreakableBlock,-18,11,74
BreakableBlock,-14,3,76
BreakableBlock,18,9,70
BreakableBlock,2,7,32
BreakableBlock,6,7,78
Block,9,0,126
BreakableBlock,-18,11,36
BreakableBlock,2,11,40
BreakableBlock,-32,3,122
BreakableBlock,14,13,58
BreakableBlock,10,5,86
BreakableBlock,-4,15,30
BreakableBlock,-22,11,40
BreakableBlock,20,9,84
BreakableBlock,2,13,76
BreakableBlock,-4,3,80
Block,54,0,165
BreakableBlock,16,13,36
BreakableBlock,24,3,44
BreakableBlock,-6,5,122
Block,24,0,147
BreakableBlock,12,3,32
BreakableBlock,-22,9,64
BreakableBlock,2,9,72
BreakableBlock,-6,5,86
BreakableBlock,14,9,84
Block,36,0,186
BreakableBlock,-22,15,86
BreakableBlock,12,5,60
BreakableBlock,-2,7,34
BreakableBlock,24,11,34
BreakableBlock,12,15,84
BreakableBlock,10,15,34
Block,54,0,138
Block,36,0,180
BreakableBlock,-14,3,72
Block,57,0,171
BreakableBlock,16,9,72
BreakableBlock,22,3,30
Block,51,0,168
BreakableBlock,0,15,64
Block,9,0,216
BreakableBlock,-12,11,90
BreakableBlock,12,13,52
BreakableBlock,-8,7,86
BreakableBlock,-16,9,58
BreakableBlock,-22,15,88
BreakableBlock,-8,5,74
BreakableBlock,-8,9,32
Block,30,0,144
Block,24,0,177
BreakableBlock,24,5,56
Block,36,0,114
BreakableBlock,-8,13,38
Block,0,0,57
Block,-3,0,72
BreakableBlock,-4,9,56
BreakableBlock,-12,9,68
BreakableBlock,14,7,56
BreakableBlock,-8,7,62
BreakableBlock,2,15,36
Block,-48,0,183
Block,-6,0,201
BreakableBlock,-22,7,66
BreakableBlock,-12,9,86
BreakableBlock,-10,9,52
Block,-6,0,165
BreakableBlock,16,9,50
BreakableBlock,14,7,80
Block,12,0,135
BreakableBlock,16,13,32
BreakableBlock,-20,9,86
BreakableBlock,-10,11,66
Block,-12,0,180
Block,9,0,-12
BreakableBlock,-8,9,46
Block,18,0,138
BreakableBlock,12,7,48
BreakableBlock,20,7,90
BreakableBlock,4,3,42
BreakableBlock,16,9,36
BreakableBlock,-14,11,88
BreakableBlock,-8,11,62
BreakableBlock,-20,11,80
BreakableBlock,12,11,50
BreakableBlock,2,7,72
BreakableBlock,16,3,32
BreakableBlock,-6,11,66
BreakableBlock,-20,3,68
BreakableBlock,-6,3,64
Block,30,0,-54
BreakableBlock,-22,3,54
BreakableBlock,-18,3,42
BreakableBlock,-20,5,32
BreakableBlock,22,15,68
BreakableBlock,16,7,54
Block,-12,0,6
BreakableBlock,16,15,36
Block,9,0,96
BreakableBlock,-14,3,74
BreakableBlock,24,5,36
Block,21,0,216
BreakableBlock,-2,13,78
Block,15,0,222
BreakableBlock,8,7,68
Block,-21,0,138
BreakableBlock,-10,7,68
BreakableBlock,-16,13,60
BreakableBlock,16,13,40
Block,0,0,198
BreakableBlock,-10,7,32
Block,45,0,126
BreakableBlock,24,5,30
BreakableBlock,10,13,62
BreakableBlock,6,11,70
Block,-30,0,-36
BreakableBlock,-10,3,86
BreakableBlock,-20,7,80
BreakableBlock,0,15,88
BreakableBlock,-22,9,44
BreakableBlock,2,11,44
BreakableBlock,18,3,72
BreakableBlock,0,7,84
Block,18,0,-30
BreakableBlock,0,7,32
Block,-6,0,72
BreakableBlock,-6,9,58
Block,15,0,81
BreakableBlock,-10,7,70
BreakableBlock,20,13,48
Block,-21,0,180
BreakableBlock,2,5,62
BreakableBlock,-12,15,76
Block,-30,0,210
BreakableBlock,20,7,56
BreakableBlock,-20,11,54
BreakableBlock,-4,5,90
BreakableBlock,18,7,54
Block,-3,0,120
BreakableBlock,-14,5,34
Block,12,0,33
BreakableBlock,16,3,34
Block,-39,0,171
BreakableBlock,4,15,54
BreakableBlock,-16,3,80
Block,18,0,201
Block,-12,0,159
BreakableBlock,4,5,92
BreakableBlock,-22,9,32
BreakableBlock,-12,13,52
BreakableBlock,10,7,76
BreakableBlock,14,3,40
Block,-30,0,168
BreakableBlock,16,7,78
BreakableBlock,24,7,84
BreakableBlock,-20,3,32
BreakableBlock,-22,9,62
BreakableBlock,-16,7,78
Block,-3,0,18
Block,-15,0,111
BreakableBlock,14,13,56
BreakableBlock,-12,9,36
BreakableBlock,4,7,36
BreakableBlock,8,3,66
BreakableBlock,24,11,62
Block,-30,0,201
Block,-27,0,123
BreakableBlock,24,15,46
Block,24,0,174
Block,-18,0,180
Block,45,0,192
BreakableBlock,18,7,90
BreakableBlock,-16,5,58
BreakableBlock,12,7,34
BreakableBlock,-16,3,52
BreakableBlock,-2,7,52
BreakableBlock,-4,15,54
Block,30,0,168
BreakableBlock,20,11,64
Block,-30,0,-51
BreakableBlock,-20,3,58
BreakableBlock,-8,9,40
BreakableBlock,-14,15,32
BreakableBlock,16,9,76
BreakableBlock,-2,9,54
BreakableBlock,22,5,36
BreakableBlock,14,9,56
BreakableBlock,-16,11,42
BreakableBlock,-4,9,78
BreakableBlock,12,15,86
BreakableBlock,6,11,40
BreakableBlock,-2,7,50
BreakableBlock,-4,13,50
Block,0,0,189
BreakableBlock,10,5,58
Block,-45,0,111
Block,-54,0,168
Block,-12,0,201
BreakableBlock,-16,15,52
Block,-6,0,45
BreakableBlock,-2,7,58
BreakableBlock,10,5,48
Block,-15,0,177
BreakableBlock,16,13,58
Block,-6,0,-33
BreakableBlock,10,13,30
Block,-39,0,225
Block,-24,0,171
Block,-27,0,-24
BreakableBlock,-22,13,64
BreakableBlock,16,15,56
BreakableBlock,-14,13,56
BreakableBlock,16,13,62
Block,-18,0,210
BreakableBlock,-16,9,34
BreakableBlock,-12,5,32
BreakableBlock,-16,13,80
BreakableBlock,4,11,44
BreakableBlock,-20,15,88
Block,-33,0,114
BreakableBlock,-4,3,122
BreakableBlock,-18,9,90
BreakableBlock,-20,3,40
BreakableBlock,20,15,56
BreakableBlock,-4,5,78
BreakableBlock,-6,5,64
BreakableBlock,16,15,58
BreakableBlock,14,13,70
Block,54,0,222
BreakableBlock,4,7,82
BreakableBlock,-18,11,88
BreakableBlock,-8,13,74
BreakableBlock,14,5,82
Block,-21,0,-9
BreakableBlock,2,15,82
Block,9,0,162
BreakableBlock,4,9,60
BreakableBlock,-8,3,58
BreakableBlock,0,5,84
BreakableBlock,4,9,56
BreakableBlock,-16,11,78
BreakableBlock,-10,5,62
BreakableBlock,-6,7,64
BreakableBlock,-6,11,82
Block,-9,0,-33
BreakableBlock,-4,7,52
BreakableBlock,18,11,44
BreakableBlock,4,9,52
BreakableBlock,6,3,92
BreakableBlock,10,11,88
BreakableBlock,12,5,74
Block,12,0,9
BreakableBlock,-20,5,122
Block,15,0,147
BreakableBlock,-8,11,44
Block,21,0,-24
BreakableBlock,-8,5,54
BreakableBlock,-8,7,48
BreakableBlock,4,7,86
Block,51,0,120
BreakableBlock,20,3,82
Block,21,0,207
Block,33,0,207
Block,-30,0,165
BreakableBlock,2,9,36
BreakableBlock,-12,5,48
BreakableBlock,-18,15,54
BreakableBlock,14,13,48
Block,12,0,120
Block,-12,0,177
Block,39,0,192
Block,39,0,141
BreakableBlock,24,5,34
Block,15,0,186
Block,12,0,-39
BreakableBlock,-14,11,40
BreakableBlock,6,3,70
BreakableBlock,-10,5,74
Block,3,0,-9
BreakableBlock,2,5,58
BreakableBlock,4,15,34
BreakableBlock,0,7,72
BreakableBlock,-8,7,38
BreakableBlock,-16,13,90
Block,30,0,189
BreakableBlock,-6,7,66
Block,18,0,177
Block,27,0,111
Block,-51,0,207
BreakableBlock,24,9,92
Block,15,0,45
BreakableBlock,22,5,66
Block,-3,0,-54
BreakableBlock,-16,9,56
Block,-3,0,9
Block,-15,0,126
Block,-6,0,204
BreakableBlock,-20,13,40
BreakableBlock,4,11,80
BreakableBlock,-20,13,30
Block,30,0,132
BreakableBlock,-8,5,52
BreakableBlock,4,7,68
BreakableBlock,-18,5,56
BreakableBlock,-22,5,92
BreakableBlock,-8,11,58
BreakableBlock,18,15,88
Block,-6,0,225
Block,-21,0,177
BreakableBlock,-8,5,56
BreakableBlock,0,5,46
Block,-12,0,213
Block,-54,0,189
Block,6,0,-39
BreakableBlock,18,9,58
BreakableBlock,0,7,68
BreakableBlock,-12,7,56
BreakableBlock,24,3,58
BreakableBlock,-2,9,70
BreakableBlock,22,13,38
BreakableBlock,0,3,90
BreakableBlock,24,13,86
Block,-30,0,114
BreakableBlock,8,7,66
BreakableBlock,-20,3,30
BreakableBlock,14,15,68
Block,15,0,216
BreakableBlock,4,9,30
BreakableBlock,10,3,80
Block,57,0,108
Block,6,0,30
BreakableBlock,6,15,38
BreakableBlock,-16,15,50
BreakableBlock,-2,7,48
BreakableBlock,8,11,80
BreakableBlock,-18,5,92
BreakableBlock,12,15,70
BreakableBlock,20,7,74
BreakableBlock,-8,15,30
Block,18,0,-21
Block,21,0,114
Block,18,0,-48
BreakableBlock,14,7,36
Block,12,0,201
BreakableBlock,20,11,42
BreakableBlock,20,11,40
BreakableBlock,-2,9,74
BreakableBlock,12,15,60
BreakableBlock,-12,13,64
BreakableBlock,-18,5,48
BreakableBlock,-8,9,72
BreakableBlock,20,11,30
BreakableBlock,-10,9,54
BreakableBlock,-22,5,72
BreakableBlock,-22,15,82
Block,45,0,147
BreakableBlock,18,9,56
BreakableBlock,4,7,76
BreakableBlock,-16,11,30
BreakableBlock,4,13,46
Block,-12,0,66
BreakableBlock,-18,7,82
Block,36,0,225
BreakableBlock,-8,11,40
BreakableBlock,22,11,70
Block,-6,0,27
BreakableBlock,0,7,46
Block,24,0,219
BreakableBlock,-22,3,40
BreakableBlock,-20,7,72
BreakableBlock,4,13,74
BreakableBlock,12,7,82
BreakableBlock,14,3,60
Block,-54,0,222
BreakableBlock,-8,7,60
Block,-27,0,153
Block,-9,0,9
Block,-6,0,84
BreakableBlock,0,9,74
BreakableBlock,12,15,48
Block,3,0,102
Block,18,0,180
BreakableBlock,18,9,80
BreakableBlock,18,5,36
BreakableBlock,4,7,48
BreakableBlock,-2,7,76
BreakableBlock,22,7,60
BreakableBlock,12,5,50
BreakableBlock,4,9,38
BreakableBlock,-10,13,78
BreakableBlock,16,7,50
BreakableBlock,6,7,38
BreakableBlock,0,11,68
Block,0,0,-12
BreakableBlock,-4,5,56
BreakableBlock,-2,13,56
BreakableBlock,6,9,82
BreakableBlock,-12,7,68
BreakableBlock,-14,9,48
Block,-24,0,108
BreakableBlock,-8,11,68
BreakableBlock,2,5,52
Block,-30,0,120
BreakableBlock,18,13,74
BreakableBlock,-2,7,40
Block,-9,0,126
BreakableBlock,22,13,92
BreakableBlock,-10,7,66
BreakableBlock,24,5,64
BreakableBlock,-12,3,122
BreakableBlock,-14,5,30
BreakableBlock,2,13,72
BreakableBlock,6,9,70
BreakableBlock,4,15,36
BreakableBlock,-18,5,42
BreakableBlock,-4,5,76
BreakableBlock,-16,11,82
BreakableBlock,-4,3,46
BreakableBlock,4,13,86
BreakableBlock,-4,5,82
BreakableBlock,6,5,74
BreakableBlock,22,7,84
Block,18,0,-15
BreakableBlock,-14,7,86
Block,-27,0,168
Block,9,0,0
BreakableBlock,8,5,46
BreakableBlock,10,5,56
Block,24,0,117
Block,45,0,171
BreakableBlock,20,15,52
BreakableBlock,8,11,60
BreakableBlock,4,9,54
Block,-57,0,120
BreakableBlock,-22,13,60
Block,-12,0,-9
BreakableBlock,-10,7,30
BreakableBlock,4,15,38
BreakableBlock,12,11,88
Block,33,0,111
BreakableBlock,2,3,42
BreakableBlock,24,13,84
BreakableBlock,16,15,54
Block,-21,0,-21
BreakableBlock,-24,5,122
Block,-33,0,129
Block,-51,0,129
Block,-9,0,222
BreakableBlock,-14,13,88
BreakableBlock,20,5,58
BreakableBlock,-16,9,40
BreakableBlock,4,11,42
Block,-24,0,126
BreakableBlock,6,13,52
BreakableBlock,-12,9,54
BreakableBlock,-16,7,46
BreakableBlock,18,13,60
Block,9,0,42
BreakableBlock,20,3,40
Block,-36,0,123
BreakableBlock,-8,15,56
BreakableBlock,10,7,46
BreakableBlock,-8,13,84
Block,6,0,165
Block,57,0,192
BreakableBlock,6,13,72
BreakableBlock,2,5,80
Block,6,0,24
BreakableBlock,16,3,78
BreakableBlock,-14,15,34
BreakableBlock,-8,9,62
BreakableBlock,14,13,46
BreakableBlock,-14,15,72
BreakableBlock,-2,11,64
BreakableBlock,14,13,40
BreakableBlock,0,5,90
BreakableBlock,-20,7,84
BreakableBlock,-14,3,58
Block,-24,0,198
BreakableBlock,-4,9,86
BreakableBlock,0,11,36
Block,27,0,210
BreakableBlock,4,11,38
BreakableBlock,-4,3,82
Block,3,0,12
BreakableBlock,-8,7,90
BreakableBlock,-8,13,80
BreakableBlock,-8,11,86
BreakableBlock,24,11,66
BreakableBlock,10,13,70
BreakableBlock,16,15,42
BreakableBlock,10,13,32
BreakableBlock,6,3,56
BreakableBlock,-14,11,46
BreakableBlock,10,3,38
BreakableBlock,14,5,58
BreakableBlock,16,15,60
BreakableBlock,-14,13,34
BreakableBlock,-6,9,30
BreakableBlock,-8,15,78
Block,-21,0,183
BreakableBlock,-16,15,84
Block,0,0,60
BreakableBlock,-8,15,54
BreakableBlock,-16,3,72
BreakableBlock,-2,9,38
BreakableBlock,-2,11,44
BreakableBlock,6,9,74
BreakableBlock,24,11,32
BreakableBlock,-34,5,122
BreakableBlock,-20,5,76
BreakableBlock,-6,13,62
Block,-54,0,129
Block,18,0,84
BreakableBlock,0,11,78
BreakableBlock,-14,11,60
BreakableBlock,12,5,70
BreakableBlock,-12,15,56
BreakableBlock,-8,9,60
Block,3,0,33
BreakableBlock,-2,11,66
Block,-30,0,-54
BreakableBlock,-18,9,32
Block,9,0,69
Block,18,0,9
Block,42,0,159
Block,3,0,69
Block,0,0,117
Block,18,0,156
BreakableBlock,2,7,62
BreakableBlock,4,11,60
BreakableBlock,6,9,68
Block,-42,0,210
BreakableBlock,-18,3,72
BreakableBlock,-20,13,74
Block,3,0,36
BreakableBlock,0,9,48
Block,54,0,180
Block,15,0,135
Block,12,0,45
BreakableBlock,-12,11,66
BreakableBlock,-10,3,74
BreakableBlock,16,5,80
BreakableBlock,-16,3,88
BreakableBlock,6,9,50
BreakableBlock,4,15,42
BreakableBlock,-18,15,74
BreakableBlock,-4,13,92
BreakableBlock,-8,7,80
BreakableBlock,-20,9,58
BreakableBlock,-4,15,68
Block,-12,0,42
BreakableBlock,-10,11,60
BreakableBlock,10,13,34
Block,57,0,156
BreakableBlock,-20,7,76
Block,-57,0,159
BreakableBlock,-8,7,50
BreakableBlock,-10,5,60
BreakableBlock,-2,9,44
BreakableBlock,12,11,44
BreakableBlock,-20,9,76
BreakableBlock,-12,9,82
BreakableBlock,24,7,46
BreakableBlock,-4,9,46
Block,12,0,81
BreakableBlock,0,3,72
Block,33,0,159
BreakableBlock,-22,13,52
Block,-51,0,108
Block,33,0,153
BreakableBlock,12,11,36
BreakableBlock,-14,9,82
Block,39,0,204
BreakableBlock,-14,15,88
BreakableBlock,22,7,52
BreakableBlock,22,3,84
Block,15,0,111
BreakableBlock,8,7,50
BreakableBlock,-4,13,88
BreakableBlock,24,9,86
BreakableBlock,24,15,42
BreakableBlock,8,13,64
Block,-36,0,198
BreakableBlock,-4,5,70
BreakableBlock,-2,13,44
BreakableBlock,0,5,64
Block,-36,0,210
Block,0,0,150
BreakableBlock,20,13,92
Block,48,0,162
BreakableBlock,-10,5,80
BreakableBlock,-22,9,74
BreakableBlock,24,3,90
BreakableBlock,22,11,58
BreakableBlock,4,7,32
BreakableBlock,6,3,80
Block,-18,0,-36
BreakableBlock,-2,11,56
BreakableBlock,6,7,64
BreakableBlock,-22,15,50
BreakableBlock,-14,13,48
BreakableBlock,12,7,42
BreakableBlock,20,15,60
BreakableBlock,6,3,42
BreakableBlock,20,13,64
BreakableBlock,4,7,66
BreakableBlock,18,5,80
Block,9,0,72
Block,21,0,222
BreakableBlock,-2,9,32
BreakableBlock,6,13,40
Block,-6,0,0
Block,33,0,123
Block,57,0,135
Block,-57,0,147
Block,12,0,24
BreakableBlock,-2,15,90
Block,-21,0,207
Block,18,0,219
BreakableBlock,-18,15,90
BreakableBlock,6,7,80
BreakableBlock,-6,9,88
BreakableBlock,6,7,70
BreakableBlock,14,11,70
Block,6,0,-9
Block,6,0,189
Block,45,0,135
BreakableBlock,-6,7,74
BreakableBlock,16,9,44
BreakableBlock,18,11,76
BreakableBlock,0,15,62
Block,-51,0,192
BreakableBlock,6,11,82
BreakableBlock,24,15,32
Block,-27,0,-30
BreakableBlock,-4,11,68
Block,-42,0,129
BreakableBlock,-34,5,122
BreakableBlock,-18,15,38
BreakableBlock,24,11,56
Block,-27,0,192
BreakableBlock,18,13,50
BreakableBlock,-8,7,76
Block,-18,0,78
BreakableBlock,12,3,48
Block,33,0,165
Block,12,0,-45
BreakableBlock,-4,13,52
BreakableBlock,-4,11,70
Block,33,0,189
BreakableBlock,12,11,34
BreakableBlock,16,9,66
BreakableBlock,16,11,66
BreakableBlock,-16,9,92
BreakableBlock,24,7,90
BreakableBlock,10,11,72
Block,-27,0,225
BreakableBlock,20,7,66
BreakableBlock,-4,13,64
BreakableBlock,-8,5,50
BreakableBlock,-10,5,38
Block,-42,0,123
BreakableBlock,18,9,36
BreakableBlock,0,15,38
BreakableBlock,-4,5,36
BreakableBlock,-22,9,82
BreakableBlock,4,3,90
Block,-27,0,222
Block,-3,0,183
BreakableBlock,-14,9,66
Block,6,0,-42
BreakableBlock,8,13,50
BreakableBlock,18,15,68
BreakableBlock,8,11,52
Block,-30,0,-9
BreakableBlock,-12,11,64
BreakableBlock,-20,7,54
BreakableBlock,4,13,58
Block,-33,0,201
BreakableBlock,6,9,48
Block,-3,0,153
Block,48,0,144
BreakableBlock,14,13,68
BreakableBlock,-14,11,36
Block,12,0,0
BreakableBlock,-20,13,76
Block,-48,0,219
Block,30,0,219
BreakableBlock,10,15,78
BreakableBlock,-4,7,46
Block,-33,0,132
BreakableBlock,16,11,70
Block,15,0,39
Block,51,0,201
BreakableBlock,12,3,52
BreakableBlock,-12,5,62
Block,54,0,111
BreakableBlock,24,3,64
Block,-42,0,165
BreakableBlock,6,7,34
Block,27,0,-27
BreakableBlock,12,15,32
Block,9,0,219
Block,18,0,135
BreakableBlock,-20,11,88
BreakableBlock,24,5,62
BreakableBlock,-14,7,80
BreakableBlock,-16,7,80
Block,21,0,120
BreakableBlock,10,11,34
Block,-48,0,180
BreakableBlock,14,9,88
Block,15,0,-6
Block,6,0,-51
BreakableBlock,-4,13,84
BreakableBlock,2,5,32
BreakableBlock,-18,7,36
Block,-9,0,48
BreakableBlock,8,11,70
BreakableBlock,0,13,76
BreakableBlock,-2,5,52
Block,21,0,-39
BreakableBlock,-6,13,76
BreakableBlock,8,13,88
BreakableBlock,6,13,74
Block,0,0,-33
BreakableBlock,4,13,54
BreakableBlock,4,15,64
Block,-12,0,72
BreakableBlock,-22,3,80
Block,-6,0,-15
BreakableBlock,-8,7,82
Block,24,0,183
BreakableBlock,16,13,86
Block,18,0,-6
BreakableBlock,14,3,80
BreakableBlock,14,7,86
BreakableBlock,8,5,64
BreakableBlock,14,11,42
Block,18,0,39
BreakableBlock,20,11,92
BreakableBlock,2,13,64
BreakableBlock,0,9,78
BreakableBlock,-4,15,92
BreakableBlock,-22,9,70
BreakableBlock,12,15,52
BreakableBlock,16,11,86
BreakableBlock,-22,7,52
BreakableBlock,-12,11,68
BreakableBlock,0,15,44
BreakableBlock,-20,9,70
Block,-6,0,210
BreakableBlock,8,7,34
Block,-48,0,114
BreakableBlock,-16,13,58
BreakableBlock,-8,5,72
BreakableBlock,4,13,72
BreakableBlock,6,15,74
BreakableBlock,-6,7,56
BreakableBlock,-14,13,40
BreakableBlock,-16,7,38
BreakableBlock,-22,7,74
BreakableBlock,-2,5,40
Block,39,0,147
Block,-36,0,213
Block,-27,0,213
BreakableBlock,-6,3,36
BreakableBlock,10,11,42
BreakableBlock,-16,13,72
BreakableBlock,-6,15,76
BreakableBlock,8,5,34
Block,-33,0,138
BreakableBlock,16,5,88
BreakableBlock,-22,7,68
BreakableBlock,16,3,36
Block,-39,0,126
BreakableBlock,16,7,70
BreakableBlock,24,13,32
BreakableBlock,0,9,54
BreakableBlock,6,3,72
Block,-21,0,210
BreakableBlock,-20,9,64
BreakableBlock,2,9,52
BreakableBlock,18,9,62
BreakableBlock,24,15,54
BreakableBlock,-22,9,76
BreakableBlock,-2,9,62
BreakableBlock,6,3,66
Block,12,0,-21
BreakableBlock,-18,5,86
Block,45,0,189
BreakableBlock,22,15,84
Block,51,0,144
Block,-21,0,135
Block,27,0,153
BreakableBlock,-16,13,84
BreakableBlock,2,15,56
Block,-15,0,165
Block,24,0,-48
Block,-18,0,126
BreakableBlock,-6,15,54
BreakableBlock,12,11,30
Block,6,0,-33
BreakableBlock,-22,11,70
BreakableBlock,10,11,46
Block,-42,0,138
BreakableBlock,16,13,56
BreakableBlock,-6,11,84
Block,33,0,-51
BreakableBlock,6,5,44
BreakableBlock,-10,13,80
Block,-6,0,75
BreakableBlock,16,13,44
BreakableBlock,12,9,70
Block,6,0,-3
BreakableBlock,-8,11,84
Block,30,0,207
BreakableBlock,22,11,52
BreakableBlock,18,13,44
BreakableBlock,-16,5,82
BreakableBlock,-4,3,50
BreakableBlock,22,7,64
Block,-18,0,-54
Block,51,0,150
BreakableBlock,-14,7,72
BreakableBlock,-20,3,62
Block,24,0,-15
BreakableBlock,-6,13,36
BreakableBlock,-4,11,62
BreakableBlock,18,7,74
BreakableBlock,8,9,50
