Block,-60,1,22,4.71,0,0,300,300,300
Block,-17,1,81,4.71,0,0,300,300,300
Block,-20,1,449.5,4.71,0,0,300,300,300
Block,51,1,213.5,4.71,0,0,300,300,300
Block,-33,1,75,4.71,0,0,300,300,300
Block,69,1,216.5,4.71,0,0,300,300,300
Block,62,-13,449.5,4.71,0,0,300,300,300
Block,-8,1,238,4.71,0,0,300,300,300
Block,10,-13,414,4.71,0,0,300,300,300
Block,-26,1,482,4.71,0,0,300,300,300
Block,-33,1,-49,4.71,0,0,300,300,300
Tree,-55.94,20.18,108.94,0,4.97,0,28.48,64.35,28.48
Block,51,1,142.5,4.71,0,0,300,300,300
Block,7,-13,420,4.71,0,0,300,300,300
Block,-10,1,163.5,4.71,0,0,300,300,300
Block,4,1,75,4.71,0,0,300,300,300
Block,-41,1,443.5,4.71,0,0,300,300,300
Block,1,1,81,4.71,0,0,300,300,300
Block,2,1,131,4.71,0,0,300,300,300
Block,25,1,13,4.71,0,0,300,300,300
Block,42,1,137,4.71,0,0,300,300,300
Block,19,1,249.5,4.71,0,0,300,300,300
Block,-48,1,1,4.71,0,0,300,300,300
Block,-5,1,273.5,4.71,0,0,300,300,300
Block,22,-13,375.5,4.71,0,0,300,300,300
Block,47,-13,434.5,4.71,0,0,300,300,300
Block,-57,1,-37.5,4.71,0,0,300,300,300
Block,-5,1,-28.5,4.71,0,0,300,300,300
Block,22,-13,422.5,4.71,0,0,300,300,300
Block,-35,1,437.5,4.71,0,0,300,300,300
Block,-42,1,-40,4.71,0,0,300,300,300
Block,-53,1,502.5,4.71,0,0,300,300,300
Block,22,-13,476,4.71,0,0,300,300,300
Block,-5,1,246.5,4.71,0,0,300,300,300
Block,28,1,344.5,4.71,0,0,300,300,300
Block,72,1,213.5,4.71,0,0,300,300,300
Block,-32,1,393,4.71,0,0,300,300,300
Block,22,1,31,4.71,0,0,300,300,300
Block,26,1,116,4.71,0,0,300,300,300
Block,-33,1,-46,4.71,0,0,300,300,300
Block,28,-13,491,4.71,0,0,300,300,300
Block,63,1,119,4.71,0,0,300,300,300
Block,4,1,-40,4.71,0,0,300,300,300
Block,63,1,166.5,4.71,0,0,300,300,300
Block,-63,1,33.5,4.71,0,0,300,300,300
Block,-8,-13,387,4.71,0,0,300,300,300
Block,35,-13,431.5,4.71,0,0,300,300,300
Block,-42,1,16,4.71,0,0,300,300,300
Block,-17,1,-28.5,4.71,0,0,300,300,300
Block,-5,1,13,4.71,0,0,300,300,300
Block,59,-13,375.5,4.71,0,0,300,300,300
Block,23,1,157.5,4.71,0,0,300,300,300
Block,-14,1,428.5,4.71,0,0,300,300,300
Block,28,1,264.5,4.71,0,0,300,300,300
Block,5,1,116,4.71,0,0,300,300,300
Block,41,-13,411,4.71,0,0,300,300,300
Block,69,1,190,4.71,0,0,300,300,300
Block,59,-13,399,4.71,0,0,300,300,300
Block,7,-13,434.5,4.71,0,0,300,300,300
Block,-47,1,476,4.71,0,0,300,300,300
Block,-14,1,33.5,4.71,0,0,300,300,300
Block,44,-13,467,4.71,0,0,300,300,300
Block,60,1,151.5,4.71,0,0,300,300,300
Block,23,1,107,4.71,0,0,300,300,300
Block,-47,1,443.5,4.71,0,0,300,300,300
Block,39,1,181,4.71,0,0,300,300,300
Block,-53,1,384.5,4.71,0,0,300,300,300
Block,-27,1,4,4.71,0,0,300,300,300
Block,-2,-13,455.5,4.71,0,0,300,300,300
Block,50,-13,464,4.71,0,0,300,300,300
Block,44,-13,414,4.71,0,0,300,300,300
Block,-2,1,63.5,4.71,0,0,300,300,300
Block,-30,1,-13.5,4.71,0,0,300,300,300
Block,42,1,92.5,4.71,0,0,300,300,300
Block,74,-13,387,4.71,0,0,300,300,300
Block,22,-13,396,4.71,0,0,300,300,300
Block,13,1,87,4.71,0,0,300,300,300
Block,22,-13,482,4.71,0,0,300,300,300
Block,-1,1,219.5,4.71,0,0,300,300,300
Block,22,-13,455.5,4.71,0,0,300,300,300
Block,-50,1,387,4.71,0,0,300,300,300
Block,-14,1,-4.5,4.71,0,0,300,300,300
Block,13,1,282,4.71,0,0,300,300,300
Block,23,1,181,4.71,0,0,300,300,300
Block,51,1,199,4.71,0,0,300,300,300
Block,60,1,225.5,4.71,0,0,300,300,300
Block,10,-13,440.5,4.71,0,0,300,300,300
Block,-21,1,81,4.71,0,0,300,300,300
Block,-8,-13,508.5,4.71,0,0,300,300,300
Block,-42,1,48.5,4.71,0,0,300,300,300
Block,-23,1,408,4.71,0,0,300,300,300
Block,7,-13,411,4.71,0,0,300,300,300
Block,-32,1,496.5,4.71,0,0,300,300,300
Block,51,1,175,4.71,0,0,300,300,300
Block,54,1,148.5,4.71,0,0,300,300,300
Grass,34.55,0.27,178.77,0,0,0,11,11,11
Block,-8,-13,411,4.71,0,0,300,300,300
Block,25,1,285,4.71,0,0,300,300,300
Block,-60,1,33.5,4.71,0,0,300,300,300
Block,1,1,-37.5,4.71,0,0,300,300,300
Block,72,1,219.5,4.71,0,0,300,300,300
Block,48,1,142.5,4.71,0,0,300,300,300
Block,16,-13,390,4.71,0,0,300,300,300
Block,-14,1,63.5,4.71,0,0,300,300,300
Block,-57,1,-4.5,4.71,0,0,300,300,300
Block,-5,1,-7.5,4.71,0,0,300,300,300
Block,-38,1,482,4.71,0,0,300,300,300
Block,-5,-13,458,4.71,0,0,300,300,300
Block,4,-13,414,4.71,0,0,300,300,300
Block,77,-13,449.5,4.71,0,0,300,300,300
Block,-42,1,25,4.71,0,0,300,300,300
Block,-50,1,461,4.71,0,0,300,300,300
Block,-8,-13,431.5,4.71,0,0,300,300,300
Block,-38,1,384.5,4.71,0,0,300,300,300
Block,-42,1,-19.5,4.71,0,0,300,300,300
Block,45,1,125,4.71,0,0,300,300,300
Block,50,-13,496.5,4.71,0,0,300,300,300
Block,28,1,326.5,4.71,0,0,300,300,300
Block,-5,1,42.5,4.71,0,0,300,300,300
Block,16,1,371,4.71,0,0,300,300,300
Block,35,-13,417,4.71,0,0,300,300,300
Block,36,1,139.5,4.71,0,0,300,300,300
Block,-63,1,66.5,4.71,0,0,300,300,300
Block,28,-13,502.5,4.71,0,0,300,300,300
Block,28,-13,396,4.71,0,0,300,300,300
Block,77,-13,470,4.71,0,0,300,300,300
Block,30,1,163.5,4.71,0,0,300,300,300
Block,54,1,160.5,4.71,0,0,300,300,300
Block,56,-13,458,4.71,0,0,300,300,300
Block,60,1,145.5,4.71,0,0,300,300,300
Tree,-71.99,20.18,49.05,0,4.97,0,28.48,64.35,28.48
Block,-29,1,396,4.71,0,0,300,300,300
Block,66,1,101.5,4.71,0,0,300,300,300
Block,7,-13,387,4.71,0,0,300,300,300
Block,56,-13,417,4.71,0,0,300,300,300
Block,-45,1,45.5,4.71,0,0,300,300,300
Block,-47,1,417,4.71,0,0,300,300,300
Block,39,1,107,4.71,0,0,300,300,300
Block,35,-13,405,4.71,0,0,300,300,300
Block,-60,1,-22.5,4.71,0,0,300,300,300
Block,42,1,107,4.71,0,0,300,300,300
Block,-56,1,378.5,4.71,0,0,300,300,300
Block,-45,1,-13.5,4.71,0,0,300,300,300
Block,-26,1,505.5,4.71,0,0,300,300,300
Block,62,-13,375.5,4.71,0,0,300,300,300
Block,16,1,-28.5,4.71,0,0,300,300,300
Block,54,1,166.5,4.71,0,0,300,300,300
Block,-29,1,428.5,4.71,0,0,300,300,300
Block,-35,1,443.5,4.71,0,0,300,300,300
Block,-11,1,90,4.71,0,0,300,300,300
Block,-17,1,384.5,4.71,0,0,300,300,300
Block,51,1,110,4.71,0,0,300,300,300
Block,56,-13,422.5,4.71,0,0,300,300,300
Block,31,1,335.5,4.71,0,0,300,300,300
Block,-14,1,22,4.71,0,0,300,300,300
Block,-5,1,84,4.71,0,0,300,300,300
Block,-20,1,402,4.71,0,0,300,300,300
Block,22,1,84,4.71,0,0,300,300,300
Block,-51,1,-10.5,4.71,0,0,300,300,300
Block,-5,-13,511.5,4.71,0,0,300,300,300
Block,10,-13,449.5,4.71,0,0,300,300,300
Block,-5,1,63.5,4.71,0,0,300,300,300
Block,-1,1,137,4.71,0,0,300,300,300
Block,68,-13,473,4.71,0,0,300,300,300
Block,-8,1,338.5,4.71,0,0,300,300,300
Block,19,1,359,4.71,0,0,300,300,300
Grass,51.55,-2.73,434.77,0,0,0,11,11,11
Block,41,-13,405,4.71,0,0,300,300,300
Block,13,1,16,4.71,0,0,300,300,300
Block,-8,1,249.5,4.71,0,0,300,300,300
Block,-2,1,4,4.71,0,0,300,300,300
Block,-21,1,16,4.71,0,0,300,300,300
Block,-50,1,440.5,4.71,0,0,300,300,300
Block,47,-13,411,4.71,0,0,300,300,300
Block,10,-13,378.5,4.71,0,0,300,300,300
Block,-30,1,78,4.71,0,0,300,300,300
Block,-33,1,1,4.71,0,0,300,300,300
Block,-33,1,-19.5,4.71,0,0,300,300,300
Block,-33,1,7,4.71,0,0,300,300,300
Block,-38,1,508.5,4.71,0,0,300,300,300
Block,71,-13,482,4.71,0,0,300,300,300
Block,11,1,190,4.71,0,0,300,300,300
Block,-53,1,399,4.71,0,0,300,300,300
Block,68,-13,378.5,4.71,0,0,300,300,300
Block,-11,-13,464,4.71,0,0,300,300,300
Block,-38,1,405,4.71,0,0,300,300,300
Block,-32,1,384.5,4.71,0,0,300,300,300
Block,-23,1,378.5,4.71,0,0,300,300,300
Block,53,-13,431.5,4.71,0,0,300,300,300
Block,47,-13,402,4.71,0,0,300,300,300
Block,4,1,362,4.71,0,0,300,300,300
Block,-51,1,90,4.71,0,0,300,300,300
Block,-33,1,-25.5,4.71,0,0,300,300,300
Block,-45,1,-25.5,4.71,0,0,300,300,300
Block,1,-13,422.5,4.71,0,0,300,300,300
Block,-27,1,54.5,4.71,0,0,300,300,300
Block,53,-13,428.5,4.71,0,0,300,300,300
Block,77,-13,420,4.71,0,0,300,300,300
Block,23,1,145.5,4.71,0,0,300,300,300
Block,-20,1,493.5,4.71,0,0,300,300,300
Block,-27,1,66.5,4.71,0,0,300,300,300
Block,-50,1,458,4.71,0,0,300,300,300
Block,62,-13,455.5,4.71,0,0,300,300,300
Block,25,-13,511.5,4.71,0,0,300,300,300
Block,-33,1,90,4.71,0,0,300,300,300
Block,50,-13,470,4.71,0,0,300,300,300
Block,-16,1,222.5,4.71,0,0,300,300,300
Block,25,1,317.5,4.71,0,0,300,300,300
Block,4,1,-22.5,4.71,0,0,300,300,300
Block,-14,1,-49,4.71,0,0,300,300,300
Block,-57,1,-2,4.71,0,0,300,300,300
Block,-38,1,488,4.71,0,0,300,300,300
Block,38,-13,428.5,4.71,0,0,300,300,300
Block,4,-13,452.5,4.71,0,0,300,300,300
Block,-50,1,449.5,4.71,0,0,300,300,300
Block,28,1,368,4.71,0,0,300,300,300
Block,69,1,119,4.71,0,0,300,300,300
Block,-17,1,-7.5,4.71,0,0,300,300,300
Block,-4,1,228.5,4.71,0,0,300,300,300
Block,10,-13,425.5,4.71,0,0,300,300,300
Block,10,-13,461,4.71,0,0,300,300,300
Block,16,-13,491,4.71,0,0,300,300,300
Block,23,1,196,4.71,0,0,300,300,300
Block,-50,1,408,4.71,0,0,300,300,300
Block,25,1,10,4.71,0,0,300,300,300
Block,-2,1,276.5,4.71,0,0,300,300,300
Block,-2,-13,467,4.71,0,0,300,300,300
Block,-23,1,414,4.71,0,0,300,300,300
Block,4,-13,470,4.71,0,0,300,300,300
Block,66,1,231.5,4.71,0,0,300,300,300
Block,22,-13,393,4.71,0,0,300,300,300
Block,13,-13,467,4.71,0,0,300,300,300
Block,59,-13,488,4.71,0,0,300,300,300
Block,31,-13,396,4.71,0,0,300,300,300
Block,25,-13,396,4.71,0,0,300,300,300
Block,10,-13,417,4.71,0,0,300,300,300
Grass,-1.45,-2.73,495.77,0,0,0,11,11,11
Block,-54,1,45.5,4.71,0,0,300,300,300
Block,-24,1,48.5,4.71,0,0,300,300,300
Block,-7,1,213.5,4.71,0,0,300,300,300
Block,-29,1,505.5,4.71,0,0,300,300,300
Block,-48,1,13,4.71,0,0,300,300,300
Block,69,1,98.5,4.71,0,0,300,300,300
Block,66,1,98.5,4.71,0,0,300,300,300
Block,-42,1,-37.5,4.71,0,0,300,300,300
Block,48,1,128,4.71,0,0,300,300,300
Block,1,-13,396,4.71,0,0,300,300,300
Block,-45,1,10,4.71,0,0,300,300,300
Block,-60,1,57.5,4.71,0,0,300,300,300
Block,-63,1,72,4.71,0,0,300,300,300
Block,1,1,371,4.71,0,0,300,300,300
Block,-11,1,48.5,4.71,0,0,300,300,300
Block,22,1,-46,4.71,0,0,300,300,300
Block,22,1,255.5,4.71,0,0,300,300,300
Block,13,1,10,4.71,0,0,300,300,300
Block,28,-13,452.5,4.71,0,0,300,300,300
Block,41,-13,393,4.71,0,0,300,300,300
Block,7,1,294,4.71,0,0,300,300,300
Block,7,-13,511.5,4.71,0,0,300,300,300
Block,59,-13,405,4.71,0,0,300,300,300
Block,-44,1,431.5,4.71,0,0,300,300,300
Block,-2,-13,434.5,4.71,0,0,300,300,300
Block,22,1,323.5,4.71,0,0,300,300,300
Block,23,1,122,4.71,0,0,300,300,300
Block,16,1,-7.5,4.71,0,0,300,300,300
Block,7,1,261.5,4.71,0,0,300,300,300
Block,7,-13,414,4.71,0,0,300,300,300
Block,-8,1,4,4.71,0,0,300,300,300
Block,-17,1,-31.5,4.71,0,0,300,300,300
Block,77,-13,508.5,4.71,0,0,300,300,300
Block,-41,1,387,4.71,0,0,300,300,300
Block,4,1,350,4.71,0,0,300,300,300
Block,-8,1,362,4.71,0,0,300,300,300
Block,50,-13,458,4.71,0,0,300,300,300
Block,-42,1,-16.5,4.71,0,0,300,300,300
Block,16,1,-25.5,4.71,0,0,300,300,300
Block,-8,1,306,4.71,0,0,300,300,300
Block,59,-13,393,4.71,0,0,300,300,300
Block,57,1,122,4.71,0,0,300,300,300
Block,53,-13,402,4.71,0,0,300,300,300
Block,25,-13,514.5,4.71,0,0,300,300,300
Block,16,1,267.5,4.71,0,0,300,300,300
Block,10,1,-28.5,4.71,0,0,300,300,300
Block,-10,1,205,4.71,0,0,300,300,300
Block,57,1,151.5,4.71,0,0,300,300,300
Block,-54,1,33.5,4.71,0,0,300,300,300
Block,28,1,291,4.71,0,0,300,300,300
Block,-13,1,181,4.71,0,0,300,300,300
Block,4,-13,493.5,4.71,0,0,300,300,300
Block,-24,1,-40,4.71,0,0,300,300,300
Block,19,1,-13.5,4.71,0,0,300,300,300
Block,-30,1,13,4.71,0,0,300,300,300
Block,16,1,362,4.71,0,0,300,300,300
Block,17,1,193,4.71,0,0,300,300,300
Block,-1,1,131,4.71,0,0,300,300,300
Block,1,1,-7.5,4.71,0,0,300,300,300
Block,48,1,184,4.71,0,0,300,300,300
Block,30,1,205,4.71,0,0,300,300,300
Tree,-56,13,456,0,0,0,28.48,64.35,28.48
Block,-5,-13,378.5,4.71,0,0,300,300,300
Block,16,1,300,4.71,0,0,300,300,300
Block,10,-13,381.5,4.71,0,0,300,300,300
Block,38,-13,408,4.71,0,0,300,300,300
Block,25,1,45.5,4.71,0,0,300,300,300
Block,-5,-13,505.5,4.71,0,0,300,300,300
Block,13,1,-49,4.71,0,0,300,300,300
Block,-7,1,142.5,4.71,0,0,300,300,300
Block,35,-13,496.5,4.71,0,0,300,300,300
Block,10,1,33.5,4.71,0,0,300,300,300
Block,57,1,137,4.71,0,0,300,300,300
Block,-11,-13,493.5,4.71,0,0,300,300,300
Grass,-52.45,6.27,49.77,0,0,0,11,11,11
Block,51,1,202,4.71,0,0,300,300,300
Block,7,-13,402,4.71,0,0,300,300,300
Block,-8,1,335.5,4.71,0,0,300,300,300
Block,23,1,216.5,4.71,0,0,300,300,300
Block,4,1,90,4.71,0,0,300,300,300
Block,-26,1,378.5,4.71,0,0,300,300,300
Block,-4,1,216.5,4.71,0,0,300,300,300
Block,-5,-13,425.5,4.71,0,0,300,300,300
Block,-57,1,-43,4.71,0,0,300,300,300
Block,-5,1,75,4.71,0,0,300,300,300
Block,22,1,-49,4.71,0,0,300,300,300
Block,11,1,139.5,4.71,0,0,300,300,300
Block,5,1,199,4.71,0,0,300,300,300
Block,-45,1,51.5,4.71,0,0,300,300,300
Block,-29,1,485,4.71,0,0,300,300,300
Block,-2,-13,422.5,4.71,0,0,300,300,300
Block,25,1,279,4.71,0,0,300,300,300
Block,-57,1,66.5,4.71,0,0,300,300,300
Block,10,1,252.5,4.71,0,0,300,300,300
Block,17,1,134,4.71,0,0,300,300,300
Block,4,1,13,4.71,0,0,300,300,300
Block,-24,1,66.5,4.71,0,0,300,300,300
Block,-45,1,78,4.71,0,0,300,300,300
Block,-42,1,-7.5,4.71,0,0,300,300,300
Block,-60,1,10,4.71,0,0,300,300,300
Block,-14,1,473,4.71,0,0,300,300,300
Block,-30,1,42.5,4.71,0,0,300,300,300
Block,66,1,134,4.71,0,0,300,300,300
Block,-1,1,125,4.71,0,0,300,300,300
Block,-26,1,449.5,4.71,0,0,300,300,300
Block,-26,1,476,4.71,0,0,300,300,300
Block,-53,1,408,4.71,0,0,300,300,300
Block,-7,1,119,4.71,0,0,300,300,300
Block,19,1,-22.5,4.71,0,0,300,300,300
Block,-11,-13,485,4.71,0,0,300,300,300
Block,59,-13,443.5,4.71,0,0,300,300,300
Block,5,1,157.5,4.71,0,0,300,300,300
Block,-48,1,19,4.71,0,0,300,300,300
Block,20,1,228.5,4.71,0,0,300,300,300
Block,28,1,312,4.71,0,0,300,300,300
Block,-16,1,219.5,4.71,0,0,300,300,300
Block,-63,1,36.5,4.71,0,0,300,300,300
Block,-10,1,222.5,4.71,0,0,300,300,300
Block,-30,1,48.5,4.71,0,0,300,300,300
Block,-35,1,455.5,4.71,0,0,300,300,300
Block,25,1,81,4.71,0,0,300,300,300
Block,7,1,-40,4.71,0,0,300,300,300
Block,-2,-13,464,4.71,0,0,300,300,300
Block,54,1,151.5,4.71,0,0,300,300,300
Block,28,1,362,4.71,0,0,300,300,300
Block,22,1,252.5,4.71,0,0,300,300,300
Block,16,1,241,4.71,0,0,300,300,300
Block,44,-13,437.5,4.71,0,0,300,300,300
Block,42,1,119,4.71,0,0,300,300,300
Block,31,-13,446.5,4.71,0,0,300,300,300
Block,35,-13,467,4.71,0,0,300,300,300
Block,-2,1,255.5,4.71,0,0,300,300,300
Block,-16,1,213.5,4.71,0,0,300,300,300
Block,13,1,-19.5,4.71,0,0,300,300,300
Block,-36,1,-10.5,4.71,0,0,300,300,300
Block,69,1,222.5,4.71,0,0,300,300,300
Block,1,1,341.5,4.71,0,0,300,300,300
Block,-10,1,125,4.71,0,0,300,300,300
Block,-24,1,-4.5,4.71,0,0,300,300,300
Block,45,1,139.5,4.71,0,0,300,300,300
Block,-24,1,81,4.71,0,0,300,300,300
Block,-35,1,514.5,4.71,0,0,300,300,300
Block,33,1,104,4.71,0,0,300,300,300
Block,-8,1,-28.5,4.71,0,0,300,300,300
Block,66,1,210.5,4.71,0,0,300,300,300
Block,-51,1,-49,4.71,0,0,300,300,300
Block,-8,1,347.5,4.71,0,0,300,300,300
Block,-8,1,353,4.71,0,0,300,300,300
Block,25,1,1,4.71,0,0,300,300,300
Block,-2,1,297,4.71,0,0,300,300,300
Block,-57,1,78,4.71,0,0,300,300,300
Block,-27,1,48.5,4.71,0,0,300,300,300
Block,-20,1,399,4.71,0,0,300,300,300
Block,-54,1,-25.5,4.71,0,0,300,300,300
Block,48,1,104,4.71,0,0,300,300,300
Block,-2,1,264.5,4.71,0,0,300,300,300
Block,60,1,187,4.71,0,0,300,300,300
Block,13,1,252.5,4.71,0,0,300,300,300
Block,-57,1,39.5,4.71,0,0,300,300,300
Block,-54,1,-31.5,4.71,0,0,300,300,300
Block,39,1,228.5,4.71,0,0,300,300,300
Block,-48,1,39.5,4.71,0,0,300,300,300
Block,45,1,187,4.71,0,0,300,300,300
Block,-60,1,81,4.71,0,0,300,300,300
Block,4,1,60.5,4.71,0,0,300,300,300
Block,53,-13,476,4.71,0,0,300,300,300
Block,-2,1,-4.5,4.71,0,0,300,300,300
Block,1,-13,455.5,4.71,0,0,300,300,300
Block,-32,1,488,4.71,0,0,300,300,300
Block,8,1,166.5,4.71,0,0,300,300,300
Block,-7,1,175,4.71,0,0,300,300,300
Block,77,-13,476,4.71,0,0,300,300,300
Block,-5,1,371,4.71,0,0,300,300,300
Block,4,1,-34.5,4.71,0,0,300,300,300
Block,30,1,104,4.71,0,0,300,300,300
Block,22,1,69,4.71,0,0,300,300,300
Block,65,-13,455.5,4.71,0,0,300,300,300
Block,8,1,92.5,4.71,0,0,300,300,300
Block,44,-13,499.5,4.71,0,0,300,300,300
Block,-11,1,36.5,4.71,0,0,300,300,300
Block,-16,1,148.5,4.71,0,0,300,300,300
Block,-2,1,28,4.71,0,0,300,300,300
Block,10,1,28,4.71,0,0,300,300,300
Block,20,1,181,4.71,0,0,300,300,300
Block,39,1,175,4.71,0,0,300,300,300
Block,-35,1,467,4.71,0,0,300,300,300
Block,-2,1,-13.5,4.71,0,0,300,300,300
Block,-29,1,502.5,4.71,0,0,300,300,300
Block,35,-13,511.5,4.71,0,0,300,300,300
Block,56,-13,381.5,4.71,0,0,300,300,300
Block,56,-13,396,4.71,0,0,300,300,300
Block,4,1,320.5,4.71,0,0,300,300,300
Block,20,1,202,4.71,0,0,300,300,300
Block,-27,1,36.5,4.71,0,0,300,300,300
Tree,31,13,457,0,0,0,28.48,64.35,28.48
Block,4,1,-2,4.71,0,0,300,300,300
Block,-54,1,66.5,4.71,0,0,300,300,300
Block,4,1,-31.5,4.71,0,0,300,300,300
Block,68,-13,485,4.71,0,0,300,300,300
Block,19,1,326.5,4.71,0,0,300,300,300
Block,-21,1,-46,4.71,0,0,300,300,300
Block,20,1,172.5,4.71,0,0,300,300,300
Block,62,-13,405,4.71,0,0,300,300,300
Block,4,1,10,4.71,0,0,300,300,300
Block,-50,1,422.5,4.71,0,0,300,300,300
Block,-1,1,208,4.71,0,0,300,300,300
Block,5,1,166.5,4.71,0,0,300,300,300
Block,25,-13,449.5,4.71,0,0,300,300,300
Block,-2,-13,470,4.71,0,0,300,300,300
Block,-23,1,508.5,4.71,0,0,300,300,300
Block,41,-13,414,4.71,0,0,300,300,300
Block,-11,1,279,4.71,0,0,300,300,300
Block,16,1,36.5,4.71,0,0,300,300,300
Block,54,1,145.5,4.71,0,0,300,300,300
Block,60,1,208,4.71,0,0,300,300,300
Block,26,1,190,4.71,0,0,300,300,300
Block,10,-13,496.5,4.71,0,0,300,300,300
Block,-63,1,-34.5,4.71,0,0,300,300,300
Block,4,1,258.5,4.71,0,0,300,300,300
Block,-16,1,92.5,4.71,0,0,300,300,300
Block,-2,-13,502.5,4.71,0,0,300,300,300
Block,28,1,252.5,4.71,0,0,300,300,300
Block,23,1,139.5,4.71,0,0,300,300,300
Block,1,-13,375.5,4.71,0,0,300,300,300
Block,19,1,45.5,4.71,0,0,300,300,300
Block,-48,1,-7.5,4.71,0,0,300,300,300
Block,-26,1,455.5,4.71,0,0,300,300,300
Block,-17,1,-40,4.71,0,0,300,300,300
Block,31,-13,405,4.71,0,0,300,300,300
Block,53,-13,422.5,4.71,0,0,300,300,300
Block,-32,1,431.5,4.71,0,0,300,300,300
Block,74,-13,399,4.71,0,0,300,300,300
Block,-8,1,314.5,4.71,0,0,300,300,300
Block,-32,1,381.5,4.71,0,0,300,300,300
Block,-29,1,417,4.71,0,0,300,300,300
Block,63,1,216.5,4.71,0,0,300,300,300
Block,51,1,219.5,4.71,0,0,300,300,300
Block,7,1,347.5,4.71,0,0,300,300,300
Block,-21,1,-34.5,4.71,0,0,300,300,300
Block,-36,1,-16.5,4.71,0,0,300,300,300
Block,13,-13,428.5,4.71,0,0,300,300,300
Block,66,1,137,4.71,0,0,300,300,300
Block,71,-13,408,4.71,0,0,300,300,300
Block,10,1,-46,4.71,0,0,300,300,300
Block,-5,-13,434.5,4.71,0,0,300,300,300
Block,-60,1,-40,4.71,0,0,300,300,300
Block,-41,1,425.5,4.71,0,0,300,300,300
Block,14,1,199,4.71,0,0,300,300,300
Block,25,1,270.5,4.71,0,0,300,300,300
Block,1,1,-31.5,4.71,0,0,300,300,300
Block,10,1,-25.5,4.71,0,0,300,300,300
Block,10,1,-13.5,4.71,0,0,300,300,300
Block,-29,1,491,4.71,0,0,300,300,300
Block,-44,1,422.5,4.71,0,0,300,300,300
Block,35,-13,473,4.71,0,0,300,300,300
Block,13,1,356,4.71,0,0,300,300,300
Block,50,-13,505.5,4.71,0,0,300,300,300
Block,-24,1,-28.5,4.71,0,0,300,300,300
Block,28,1,232,4.71,0,0,300,300,300
Block,-48,1,66.5,4.71,0,0,300,300,300
Block,-7,1,134,4.71,0,0,300,300,300
Block,-50,1,502.5,4.71,0,0,300,300,300
Block,-11,1,297,4.71,0,0,300,300,300
Block,19,-13,464,4.71,0,0,300,300,300
Block,13,1,-28.5,4.71,0,0,300,300,300
Block,17,1,160.5,4.71,0,0,300,300,300
Block,2,1,190,4.71,0,0,300,300,300
Block,38,-13,473,4.71,0,0,300,300,300
Block,-33,1,25,4.71,0,0,300,300,300
Block,57,1,139.5,4.71,0,0,300,300,300
Block,-33,1,60.5,4.71,0,0,300,300,300
Block,60,1,107,4.71,0,0,300,300,300
Block,71,-13,387,4.71,0,0,300,300,300
Block,62,-13,502.5,4.71,0,0,300,300,300
Block,1,1,45.5,4.71,0,0,300,300,300
Block,16,1,261.5,4.71,0,0,300,300,300
Block,-2,-13,405,4.71,0,0,300,300,300
Block,16,-13,493.5,4.71,0,0,300,300,300
Block,53,-13,508.5,4.71,0,0,300,300,300
Block,31,-13,505.5,4.71,0,0,300,300,300
Block,11,1,148.5,4.71,0,0,300,300,300
Block,-30,1,25,4.71,0,0,300,300,300
Block,65,-13,464,4.71,0,0,300,300,300
Block,-11,-13,476,4.71,0,0,300,300,300
Block,-38,1,493.5,4.71,0,0,300,300,300
Block,45,1,210.5,4.71,0,0,300,300,300
Block,62,-13,434.5,4.71,0,0,300,300,300
Block,-39,1,87,4.71,0,0,300,300,300
Block,38,-13,464,4.71,0,0,300,300,300
Block,19,1,60.5,4.71,0,0,300,300,300
Block,7,1,371,4.71,0,0,300,300,300
Block,22,1,246.5,4.71,0,0,300,300,300
Block,-2,-13,514.5,4.71,0,0,300,300,300
Block,68,-13,470,4.71,0,0,300,300,300
Block,30,1,196,4.71,0,0,300,300,300
Block,63,1,175,4.71,0,0,300,300,300
Block,-38,1,420,4.71,0,0,300,300,300
Block,-14,1,25,4.71,0,0,300,300,300
Block,19,1,320.5,4.71,0,0,300,300,300
Block,-36,1,36.5,4.71,0,0,300,300,300
Block,-45,1,-34.5,4.71,0,0,300,300,300
Block,-16,1,134,4.71,0,0,300,300,300
Block,2,1,157.5,4.71,0,0,300,300,300
Block,-17,1,431.5,4.71,0,0,300,300,300
Block,77,-13,390,4.71,0,0,300,300,300
Block,19,-13,446.5,4.71,0,0,300,300,300
Block,42,1,101.5,4.71,0,0,300,300,300
Block,22,1,16,4.71,0,0,300,300,300
Block,-48,1,-43,4.71,0,0,300,300,300
Block,68,-13,488,4.71,0,0,300,300,300
Block,66,1,125,4.71,0,0,300,300,300
Block,-2,1,303,4.71,0,0,300,300,300
Block,28,-13,437.5,4.71,0,0,300,300,300
Block,45,1,222.5,4.71,0,0,300,300,300
Block,-5,1,7,4.71,0,0,300,300,300
Block,22,1,-43,4.71,0,0,300,300,300
Block,16,1,235,4.71,0,0,300,300,300
Block,-7,1,222.5,4.71,0,0,300,300,300
Block,1,-13,437.5,4.71,0,0,300,300,300
Block,51,1,205,4.71,0,0,300,300,300
Block,-4,1,137,4.71,0,0,300,300,300
Block,35,-13,387,4.71,0,0,300,300,300
Block,7,1,273.5,4.71,0,0,300,300,300
Block,-51,1,-43,4.71,0,0,300,300,300
Block,11,1,172.5,4.71,0,0,300,300,300
Block,-33,1,-13.5,4.71,0,0,300,300,300
Block,13,-13,511.5,4.71,0,0,300,300,300
Block,38,-13,425.5,4.71,0,0,300,300,300
Block,-21,1,1,4.71,0,0,300,300,300
Block,22,1,317.5,4.71,0,0,300,300,300
Block,-41,1,411,4.71,0,0,300,300,300
Block,-17,1,-4.5,4.71,0,0,300,300,300
Block,71,-13,458,4.71,0,0,300,300,300
Block,-1,1,228.5,4.71,0,0,300,300,300
Block,25,1,288,4.71,0,0,300,300,300
Block,-26,1,402,4.71,0,0,300,300,300
Grass,-44.45,-2.73,441.77,0,0,0,11,11,11
Block,-54,1,75,4.71,0,0,300,300,300
Block,-63,1,87,4.71,0,0,300,300,300
Block,4,-13,437.5,4.71,0,0,300,300,300
Block,74,-13,482,4.71,0,0,300,300,300
Block,20,1,113,4.71,0,0,300,300,300
Block,-47,1,496.5,4.71,0,0,300,300,300
Block,-30,1,84,4.71,0,0,300,300,300
Block,16,-13,508.5,4.71,0,0,300,300,300
Block,1,1,42.5,4.71,0,0,300,300,300
Block,19,1,39.5,4.71,0,0,300,300,300
Block,-17,1,467,4.71,0,0,300,300,300
Block,-30,1,54.5,4.71,0,0,300,300,300
Block,-14,1,75,4.71,0,0,300,300,300
Block,-11,1,300,4.71,0,0,300,300,300
Block,53,-13,440.5,4.71,0,0,300,300,300
Block,-1,1,160.5,4.71,0,0,300,300,300
Block,-33,1,13,4.71,0,0,300,300,300
Block,-35,1,511.5,4.71,0,0,300,300,300
Block,5,1,193,4.71,0,0,300,300,300
Block,1,1,249.5,4.71,0,0,300,300,300
Block,13,1,-10.5,4.71,0,0,300,300,300
Block,1,1,-40,4.71,0,0,300,300,300
Block,-13,1,199,4.71,0,0,300,300,300
Block,-4,1,119,4.71,0,0,300,300,300
Block,14,1,145.5,4.71,0,0,300,300,300
Block,-14,1,13,4.71,0,0,300,300,300
Block,-50,1,443.5,4.71,0,0,300,300,300
Block,63,1,187,4.71,0,0,300,300,300
Block,59,-13,482,4.71,0,0,300,300,300
Block,45,1,101.5,4.71,0,0,300,300,300
Block,41,-13,390,4.71,0,0,300,300,300
Block,42,1,213.5,4.71,0,0,300,300,300
Block,-42,1,75,4.71,0,0,300,300,300
Block,22,1,241,4.71,0,0,300,300,300
Block,-45,1,16,4.71,0,0,300,300,300
Block,1,1,-4.5,4.71,0,0,300,300,300
Block,48,1,205,4.71,0,0,300,300,300
Block,51,1,172.5,4.71,0,0,300,300,300
Block,51,1,231.5,4.71,0,0,300,300,300
Block,-17,1,-16.5,4.71,0,0,300,300,300
Block,2,1,151.5,4.71,0,0,300,300,300
Block,-36,1,-34.5,4.71,0,0,300,300,300
Block,39,1,160.5,4.71,0,0,300,300,300
Block,-5,1,356,4.71,0,0,300,300,300
Block,51,1,163.5,4.71,0,0,300,300,300
Block,47,-13,414,4.71,0,0,300,300,300
Block,-8,-13,505.5,4.71,0,0,300,300,300
Block,4,1,249.5,4.71,0,0,300,300,300
Block,25,-13,384.5,4.71,0,0,300,300,300
Block,13,1,291,4.71,0,0,300,300,300
Block,-30,1,51.5,4.71,0,0,300,300,300
Block,36,1,101.5,4.71,0,0,300,300,300
Block,-36,1,7,4.71,0,0,300,300,300
Block,-63,1,78,4.71,0,0,300,300,300
Block,62,-13,422.5,4.71,0,0,300,300,300
Block,19,1,341.5,4.71,0,0,300,300,300
Block,74,-13,446.5,4.71,0,0,300,300,300
Block,48,1,98.5,4.71,0,0,300,300,300
Block,71,-13,414,4.71,0,0,300,300,300
Block,69,1,95.5,4.71,0,0,300,300,300
Block,41,-13,493.5,4.71,0,0,300,300,300
Block,-16,1,119,4.71,0,0,300,300,300
Block,-51,1,4,4.71,0,0,300,300,300
Block,-53,1,417,4.71,0,0,300,300,300
Block,-50,1,428.5,4.71,0,0,300,300,300
Block,-51,1,75,4.71,0,0,300,300,300
Block,-17,1,405,4.71,0,0,300,300,300
Block,-60,1,45.5,4.71,0,0,300,300,300
Block,-5,-13,408,4.71,0,0,300,300,300
Block,-2,-13,488,4.71,0,0,300,300,300
Block,22,1,297,4.71,0,0,300,300,300
Block,-14,1,431.5,4.71,0,0,300,300,300
Block,65,-13,387,4.71,0,0,300,300,300
Block,-1,1,98.5,4.71,0,0,300,300,300
Block,39,1,196,4.71,0,0,300,300,300
Block,-2,1,-40,4.71,0,0,300,300,300
Block,50,-13,381.5,4.71,0,0,300,300,300
Block,7,-13,488,4.71,0,0,300,300,300
Block,-14,1,378.5,4.71,0,0,300,300,300
Block,-47,1,514.5,4.71,0,0,300,300,300
Block,33,1,163.5,4.71,0,0,300,300,300
Block,4,1,66.5,4.71,0,0,300,300,300
Block,-16,1,172.5,4.71,0,0,300,300,300
Block,-60,1,4,4.71,0,0,300,300,300
Block,-38,1,467,4.71,0,0,300,300,300
Block,25,-13,443.5,4.71,0,0,300,300,300
Block,-11,1,288,4.71,0,0,300,300,300
Block,-16,1,181,4.71,0,0,300,300,300
Block,-11,1,309,4.71,0,0,300,300,300
Block,39,1,225.5,4.71,0,0,300,300,300
Block,-44,1,508.5,4.71,0,0,300,300,300
Block,22,1,-10.5,4.71,0,0,300,300,300
Block,19,-13,414,4.71,0,0,300,300,300
Block,16,1,238,4.71,0,0,300,300,300
Block,-2,1,320.5,4.71,0,0,300,300,300
Block,-5,1,329.5,4.71,0,0,300,300,300
Block,-8,-13,408,4.71,0,0,300,300,300
Block,-47,1,378.5,4.71,0,0,300,300,300
Block,56,-13,399,4.71,0,0,300,300,300
Block,72,1,169.5,4.71,0,0,300,300,300
Block,41,-13,384.5,4.71,0,0,300,300,300
Block,-30,1,7,4.71,0,0,300,300,300
Block,41,-13,514.5,4.71,0,0,300,300,300
Block,-23,1,384.5,4.71,0,0,300,300,300
Block,25,1,39.5,4.71,0,0,300,300,300
Block,10,1,78,4.71,0,0,300,300,300
Block,13,1,54.5,4.71,0,0,300,300,300
Block,45,1,119,4.71,0,0,300,300,300
Block,22,-13,446.5,4.71,0,0,300,300,300
Block,25,-13,437.5,4.71,0,0,300,300,300
Block,31,1,255.5,4.71,0,0,300,300,300
Block,7,-13,482,4.71,0,0,300,300,300
Block,11,1,228.5,4.71,0,0,300,300,300
Block,-47,1,437.5,4.71,0,0,300,300,300
Block,62,-13,499.5,4.71,0,0,300,300,300
Block,-39,1,13,4.71,0,0,300,300,300
Block,-53,1,470,4.71,0,0,300,300,300
Block,65,-13,437.5,4.71,0,0,300,300,300
Block,63,1,128,4.71,0,0,300,300,300
Block,-57,1,28,4.71,0,0,300,300,300
Block,20,1,148.5,4.71,0,0,300,300,300
Block,-17,1,499.5,4.71,0,0,300,300,300
Block,51,1,125,4.71,0,0,300,300,300
Block,-48,1,4,4.71,0,0,300,300,300
Block,-8,-13,514.5,4.71,0,0,300,300,300
Block,54,1,187,4.71,0,0,300,300,300
Block,66,1,178,4.71,0,0,300,300,300
Block,22,-13,496.5,4.71,0,0,300,300,300
Block,-29,1,393,4.71,0,0,300,300,300
Block,-7,1,148.5,4.71,0,0,300,300,300
Block,59,-13,455.5,4.71,0,0,300,300,300
Block,-30,1,72,4.71,0,0,300,300,300
Block,16,-13,446.5,4.71,0,0,300,300,300
Block,-2,1,273.5,4.71,0,0,300,300,300
Block,-8,1,31,4.71,0,0,300,300,300
Block,71,-13,508.5,4.71,0,0,300,300,300
Block,19,1,-31.5,4.71,0,0,300,300,300
Block,-56,1,396,4.71,0,0,300,300,300
Block,-41,1,482,4.71,0,0,300,300,300
Block,-16,1,163.5,4.71,0,0,300,300,300
Block,65,-13,428.5,4.71,0,0,300,300,300
Block,-26,1,420,4.71,0,0,300,300,300
Block,22,1,270.5,4.71,0,0,300,300,300
Block,-5,-13,473,4.71,0,0,300,300,300
Block,-27,1,-2,4.71,0,0,300,300,300
Block,60,1,219.5,4.71,0,0,300,300,300
Block,-44,1,502.5,4.71,0,0,300,300,300
Block,22,-13,508.5,4.71,0,0,300,300,300
Block,-26,1,443.5,4.71,0,0,300,300,300
Block,8,1,213.5,4.71,0,0,300,300,300
Block,-1,1,95.5,4.71,0,0,300,300,300
Block,19,1,-43,4.71,0,0,300,300,300
Block,-45,1,-43,4.71,0,0,300,300,300
Block,68,-13,420,4.71,0,0,300,300,300
Block,-8,1,16,4.71,0,0,300,300,300
Block,60,1,113,4.71,0,0,300,300,300
Block,-17,1,-25.5,4.71,0,0,300,300,300
Block,35,-13,375.5,4.71,0,0,300,300,300
Block,13,-13,425.5,4.71,0,0,300,300,300
Block,-29,1,446.5,4.71,0,0,300,300,300
Block,-23,1,420,4.71,0,0,300,300,300
Block,-29,1,434.5,4.71,0,0,300,300,300
Block,22,1,39.5,4.71,0,0,300,300,300
Block,-32,1,449.5,4.71,0,0,300,300,300
Block,72,1,202,4.71,0,0,300,300,300
Block,16,1,282,4.71,0,0,300,300,300
Block,47,-13,390,4.71,0,0,300,300,300
Block,77,-13,384.5,4.71,0,0,300,300,300
Block,-53,1,491,4.71,0,0,300,300,300
Block,72,1,104,4.71,0,0,300,300,300
Block,66,1,122,4.71,0,0,300,300,300
Block,77,-13,405,4.71,0,0,300,300,300
Block,20,1,163.5,4.71,0,0,300,300,300
Block,31,1,359,4.71,0,0,300,300,300
Block,51,1,101.5,4.71,0,0,300,300,300
Block,-41,1,378.5,4.71,0,0,300,300,300
Block,14,1,142.5,4.71,0,0,300,300,300
Block,22,-13,437.5,4.71,0,0,300,300,300
Block,22,1,28,4.71,0,0,300,300,300
Block,65,-13,402,4.71,0,0,300,300,300
Block,-17,1,1,4.71,0,0,300,300,300
Block,-11,-13,470,4.71,0,0,300,300,300
Block,-47,1,431.5,4.71,0,0,300,300,300
Block,53,-13,378.5,4.71,0,0,300,300,300
Block,-14,1,479,4.71,0,0,300,300,300
Block,48,1,202,4.71,0,0,300,300,300
Block,-2,-13,511.5,4.71,0,0,300,300,300
Block,17,1,225.5,4.71,0,0,300,300,300
Block,7,1,-22.5,4.71,0,0,300,300,300
Block,25,-13,431.5,4.71,0,0,300,300,300
Block,59,-13,431.5,4.71,0,0,300,300,300
Block,31,1,326.5,4.71,0,0,300,300,300
Block,2,1,166.5,4.71,0,0,300,300,300
Block,7,1,16,4.71,0,0,300,300,300
Block,26,1,137,4.71,0,0,300,300,300
Block,11,1,128,4.71,0,0,300,300,300
Block,-54,1,81,4.71,0,0,300,300,300
Block,45,1,172.5,4.71,0,0,300,300,300
Block,23,1,222.5,4.71,0,0,300,300,300
Block,38,-13,467,4.71,0,0,300,300,300
Block,2,1,178,4.71,0,0,300,300,300
Block,7,1,317.5,4.71,0,0,300,300,300
Block,19,1,317.5,4.71,0,0,300,300,300
Block,68,-13,511.5,4.71,0,0,300,300,300
Block,-23,1,381.5,4.71,0,0,300,300,300
Block,-17,1,22,4.71,0,0,300,300,300
Block,-51,1,1,4.71,0,0,300,300,300
Block,-26,1,452.5,4.71,0,0,300,300,300
Block,1,1,365,4.71,0,0,300,300,300
Block,26,1,178,4.71,0,0,300,300,300
Block,20,1,190,4.71,0,0,300,300,300
Block,-8,-13,479,4.71,0,0,300,300,300
Block,-53,1,446.5,4.71,0,0,300,300,300
Block,1,-13,464,4.71,0,0,300,300,300
Block,53,-13,502.5,4.71,0,0,300,300,300
Block,53,-13,485,4.71,0,0,300,300,300
Grass,-3.45,0.27,407.77,0,0,0,11,11,11
Block,-17,1,25,4.71,0,0,300,300,300
Block,-36,1,48.5,4.71,0,0,300,300,300
Block,25,1,255.5,4.71,0,0,300,300,300
Block,17,1,187,4.71,0,0,300,300,300
Block,60,1,216.5,4.71,0,0,300,300,300
Block,7,-13,437.5,4.71,0,0,300,300,300
Block,35,-13,455.5,4.71,0,0,300,300,300
Block,-2,1,36.5,4.71,0,0,300,300,300
Block,-10,1,166.5,4.71,0,0,300,300,300
Tree,-55,13,505,0,0,0,28.48,64.35,28.48
Block,-47,1,425.5,4.71,0,0,300,300,300
Block,14,1,101.5,4.71,0,0,300,300,300
Block,-17,1,449.5,4.71,0,0,300,300,300
Block,-4,1,225.5,4.71,0,0,300,300,300
Block,-53,1,431.5,4.71,0,0,300,300,300
Block,-1,1,193,4.71,0,0,300,300,300
Block,-16,1,113,4.71,0,0,300,300,300
Block,69,1,219.5,4.71,0,0,300,300,300
Block,5,1,163.5,4.71,0,0,300,300,300
Block,-33,1,-22.5,4.71,0,0,300,300,300
Block,-1,1,231.5,4.71,0,0,300,300,300
Block,-47,1,414,4.71,0,0,300,300,300
Block,-47,1,411,4.71,0,0,300,300,300
Block,-14,1,455.5,4.71,0,0,300,300,300
Block,1,-13,461,4.71,0,0,300,300,300
Block,7,1,57.5,4.71,0,0,300,300,300
Block,-5,1,276.5,4.71,0,0,300,300,300
Block,-16,1,216.5,4.71,0,0,300,300,300
Block,10,1,365,4.71,0,0,300,300,300
Block,-30,1,28,4.71,0,0,300,300,300
Block,-45,1,-10.5,4.71,0,0,300,300,300
Block,38,-13,458,4.71,0,0,300,300,300
Block,-8,-13,488,4.71,0,0,300,300,300
Block,-5,1,78,4.71,0,0,300,300,300
Block,65,-13,505.5,4.71,0,0,300,300,300
Block,-2,1,45.5,4.71,0,0,300,300,300
Block,-2,-13,396,4.71,0,0,300,300,300
Block,-11,1,57.5,4.71,0,0,300,300,300
Block,22,-13,402,4.71,0,0,300,300,300
Grass,-55.45,6.27,83.77,0,0,0,11,11,11
Block,-42,1,54.5,4.71,0,0,300,300,300
Block,2,1,210.5,4.71,0,0,300,300,300
Block,19,1,235,4.71,0,0,300,300,300
Block,-54,1,60.5,4.71,0,0,300,300,300
Block,-47,1,422.5,4.71,0,0,300,300,300
Block,-29,1,488,4.71,0,0,300,300,300
Block,-11,-13,422.5,4.71,0,0,300,300,300
Block,39,1,104,4.71,0,0,300,300,300
Block,7,1,66.5,4.71,0,0,300,300,300
Block,35,-13,452.5,4.71,0,0,300,300,300
Block,-50,1,375.5,4.71,0,0,300,300,300
Block,45,1,216.5,4.71,0,0,300,300,300
Block,4,1,347.5,4.71,0,0,300,300,300
Block,26,1,172.5,4.71,0,0,300,300,300
Block,-2,1,338.5,4.71,0,0,300,300,300
Block,19,1,-49,4.71,0,0,300,300,300
Block,19,-13,473,4.71,0,0,300,300,300
Block,13,1,273.5,4.71,0,0,300,300,300
Block,-20,1,393,4.71,0,0,300,300,300
Block,30,1,154.5,4.71,0,0,300,300,300
Block,74,-13,470,4.71,0,0,300,300,300
Block,16,-13,411,4.71,0,0,300,300,300
Block,-2,1,25,4.71,0,0,300,300,300
Block,8,1,119,4.71,0,0,300,300,300
Block,-38,1,511.5,4.71,0,0,300,300,300
Block,16,-13,467,4.71,0,0,300,300,300
Block,26,1,225.5,4.71,0,0,300,300,300
Block,62,-13,387,4.71,0,0,300,300,300
Block,54,1,92.5,4.71,0,0,300,300,300
Block,45,1,178,4.71,0,0,300,300,300
Block,4,-13,408,4.71,0,0,300,300,300
Block,14,1,128,4.71,0,0,300,300,300
Block,-8,1,288,4.71,0,0,300,300,300
Block,-33,1,72,4.71,0,0,300,300,300
Block,59,-13,496.5,4.71,0,0,300,300,300
Block,25,1,332.5,4.71,0,0,300,300,300
Block,13,-13,458,4.71,0,0,300,300,300
Block,-30,1,-16.5,4.71,0,0,300,300,300
Block,17,1,116,4.71,0,0,300,300,300
Block,-7,1,216.5,4.71,0,0,300,300,300
Block,1,-13,381.5,4.71,0,0,300,300,300
Block,-57,1,81,4.71,0,0,300,300,300
Block,5,1,131,4.71,0,0,300,300,300
Block,-13,1,184,4.71,0,0,300,300,300
Block,17,1,101.5,4.71,0,0,300,300,300
Block,62,-13,443.5,4.71,0,0,300,300,300
Block,-60,1,-28.5,4.71,0,0,300,300,300
Block,13,-13,496.5,4.71,0,0,300,300,300
Block,-35,1,449.5,4.71,0,0,300,300,300
Block,-16,1,210.5,4.71,0,0,300,300,300
Block,2,1,205,4.71,0,0,300,300,300
Block,74,-13,393,4.71,0,0,300,300,300
Block,-2,1,323.5,4.71,0,0,300,300,300
Block,19,1,87,4.71,0,0,300,300,300
Block,-35,1,402,4.71,0,0,300,300,300
Block,-16,1,98.5,4.71,0,0,300,300,300
Block,16,1,332.5,4.71,0,0,300,300,300
Block,-45,1,25,4.71,0,0,300,300,300
Block,-44,1,417,4.71,0,0,300,300,300
Block,7,1,10,4.71,0,0,300,300,300
Block,16,1,69,4.71,0,0,300,300,300
Block,16,1,42.5,4.71,0,0,300,300,300
Block,47,-13,470,4.71,0,0,300,300,300
Block,36,1,125,4.71,0,0,300,300,300
Block,44,-13,443.5,4.71,0,0,300,300,300
Block,5,1,231.5,4.71,0,0,300,300,300
Block,25,1,294,4.71,0,0,300,300,300
Block,-5,-13,461,4.71,0,0,300,300,300
Block,10,1,317.5,4.71,0,0,300,300,300
Block,39,1,205,4.71,0,0,300,300,300
Block,-51,1,48.5,4.71,0,0,300,300,300
Block,36,1,142.5,4.71,0,0,300,300,300
Block,14,1,172.5,4.71,0,0,300,300,300
Block,66,1,205,4.71,0,0,300,300,300
Block,51,1,154.5,4.71,0,0,300,300,300
Block,5,1,92.5,4.71,0,0,300,300,300
Block,20,1,222.5,4.71,0,0,300,300,300
Block,-8,-13,470,4.71,0,0,300,300,300
Block,11,1,142.5,4.71,0,0,300,300,300
Block,-17,1,45.5,4.71,0,0,300,300,300
Block,-47,1,508.5,4.71,0,0,300,300,300
Block,-47,1,446.5,4.71,0,0,300,300,300
Block,10,-13,452.5,4.71,0,0,300,300,300
Block,-2,1,353,4.71,0,0,300,300,300
Block,22,1,7,4.71,0,0,300,300,300
Block,-8,1,51.5,4.71,0,0,300,300,300
Block,-56,1,437.5,4.71,0,0,300,300,300
Block,-54,1,4,4.71,0,0,300,300,300
Block,25,-13,502.5,4.71,0,0,300,300,300
Block,56,-13,502.5,4.71,0,0,300,300,300
Block,72,1,205,4.71,0,0,300,300,300
Block,-5,1,288,4.71,0,0,300,300,300
Block,8,1,222.5,4.71,0,0,300,300,300
Block,-2,-13,440.5,4.71,0,0,300,300,300
Block,53,-13,443.5,4.71,0,0,300,300,300
Block,66,1,193,4.71,0,0,300,300,300
Block,4,-13,399,4.71,0,0,300,300,300
Block,68,-13,387,4.71,0,0,300,300,300
Block,-35,1,405,4.71,0,0,300,300,300
Block,42,1,160.5,4.71,0,0,300,300,300
Block,-17,1,57.5,4.71,0,0,300,300,300
Block,-53,1,452.5,4.71,0,0,300,300,300
Block,-1,1,216.5,4.71,0,0,300,300,300
Block,19,-13,422.5,4.71,0,0,300,300,300
Block,74,-13,408,4.71,0,0,300,300,300
Block,-24,1,10,4.71,0,0,300,300,300
Block,22,-13,461,4.71,0,0,300,300,300
Block,30,1,92.5,4.71,0,0,300,300,300
Block,-13,1,216.5,4.71,0,0,300,300,300
Block,50,-13,502.5,4.71,0,0,300,300,300
Block,-17,1,396,4.71,0,0,300,300,300
Block,-51,1,-25.5,4.71,0,0,300,300,300
Block,10,1,347.5,4.71,0,0,300,300,300
Block,5,1,202,4.71,0,0,300,300,300
Block,-36,1,60.5,4.71,0,0,300,300,300
Block,-5,-13,420,4.71,0,0,300,300,300
Block,22,1,243.5,4.71,0,0,300,300,300
Block,10,1,267.5,4.71,0,0,300,300,300
Block,35,-13,449.5,4.71,0,0,300,300,300
Block,-4,1,184,4.71,0,0,300,300,300
Block,4,1,332.5,4.71,0,0,300,300,300
Block,28,1,338.5,4.71,0,0,300,300,300
Block,-45,1,-31.5,4.71,0,0,300,300,300
Block,68,-13,393,4.71,0,0,300,300,300
Block,-21,1,45.5,4.71,0,0,300,300,300
Block,50,-13,449.5,4.71,0,0,300,300,300
Block,13,1,-7.5,4.71,0,0,300,300,300
Block,-33,1,81,4.71,0,0,300,300,300
Block,14,1,160.5,4.71,0,0,300,300,300
Block,31,-13,428.5,4.71,0,0,300,300,300
Block,-5,-13,443.5,4.71,0,0,300,300,300
Block,19,1,338.5,4.71,0,0,300,300,300
Block,-39,1,-46,4.71,0,0,300,300,300
Block,17,1,210.5,4.71,0,0,300,300,300
Grass,30.55,0.27,197.77,0,0,0,11,11,11
Block,53,-13,446.5,4.71,0,0,300,300,300
Block,20,1,193,4.71,0,0,300,300,300
Tree,58.24,20.18,32.79,0,1.05,0,28.48,64.35,28.48
Block,25,1,356,4.71,0,0,300,300,300
Block,-36,1,78,4.71,0,0,300,300,300
Block,33,1,101.5,4.71,0,0,300,300,300
Block,19,1,241,4.71,0,0,300,300,300
Block,1,1,4,4.71,0,0,300,300,300
Block,-38,1,437.5,4.71,0,0,300,300,300
Block,10,1,362,4.71,0,0,300,300,300
Block,1,1,359,4.71,0,0,300,300,300
Block,69,1,163.5,4.71,0,0,300,300,300
Block,4,1,309,4.71,0,0,300,300,300
Block,25,1,335.5,4.71,0,0,300,300,300
Block,7,-13,479,4.71,0,0,300,300,300
Block,74,-13,476,4.71,0,0,300,300,300
Block,65,-13,467,4.71,0,0,300,300,300
Block,4,1,359,4.71,0,0,300,300,300
Block,10,-13,443.5,4.71,0,0,300,300,300
Block,77,-13,496.5,4.71,0,0,300,300,300
Block,20,1,225.5,4.71,0,0,300,300,300
Block,8,1,145.5,4.71,0,0,300,300,300
Block,13,1,335.5,4.71,0,0,300,300,300
Block,42,1,196,4.71,0,0,300,300,300
Block,-11,-13,393,4.71,0,0,300,300,300
Block,56,-13,411,4.71,0,0,300,300,300
Block,17,1,110,4.71,0,0,300,300,300
Block,-14,1,57.5,4.71,0,0,300,300,300
Block,77,-13,437.5,4.71,0,0,300,300,300
Block,-2,1,7,4.71,0,0,300,300,300
Block,63,1,139.5,4.71,0,0,300,300,300
Block,71,-13,514.5,4.71,0,0,300,300,300
Block,4,1,57.5,4.71,0,0,300,300,300
Block,-26,1,488,4.71,0,0,300,300,300
Block,38,-13,491,4.71,0,0,300,300,300
Block,2,1,216.5,4.71,0,0,300,300,300
Block,-7,1,210.5,4.71,0,0,300,300,300
Block,28,1,249.5,4.71,0,0,300,300,300
Block,-16,1,193,4.71,0,0,300,300,300
Block,62,-13,378.5,4.71,0,0,300,300,300
Block,7,1,28,4.71,0,0,300,300,300
Block,26,1,175,4.71,0,0,300,300,300
Block,7,1,-31.5,4.71,0,0,300,300,300
Block,-45,1,36.5,4.71,0,0,300,300,300
Block,-20,1,458,4.71,0,0,300,300,300
Block,4,1,356,4.71,0,0,300,300,300
Grass,-58.45,6.27,106.77,0,0,0,11,11,11
Block,62,-13,479,4.71,0,0,300,300,300
Block,-45,1,-46,4.71,0,0,300,300,300
Block,13,-13,464,4.71,0,0,300,300,300
Block,59,-13,425.5,4.71,0,0,300,300,300
Block,-42,1,-34.5,4.71,0,0,300,300,300
Block,71,-13,443.5,4.71,0,0,300,300,300
Block,-2,1,33.5,4.71,0,0,300,300,300
Block,-42,1,-2,4.71,0,0,300,300,300
Block,-47,1,473,4.71,0,0,300,300,300
Block,-11,1,69,4.71,0,0,300,300,300
Block,-36,1,84,4.71,0,0,300,300,300
Block,-38,1,502.5,4.71,0,0,300,300,300
Block,1,1,69,4.71,0,0,300,300,300
Block,-57,1,4,4.71,0,0,300,300,300
Block,-24,1,51.5,4.71,0,0,300,300,300
Block,31,-13,473,4.71,0,0,300,300,300
Block,-21,1,-13.5,4.71,0,0,300,300,300
Block,13,1,48.5,4.71,0,0,300,300,300
Block,-36,1,4,4.71,0,0,300,300,300
Block,68,-13,452.5,4.71,0,0,300,300,300
Block,10,1,338.5,4.71,0,0,300,300,300
Block,28,1,261.5,4.71,0,0,300,300,300
Block,28,-13,375.5,4.71,0,0,300,300,300
Block,57,1,163.5,4.71,0,0,300,300,300
Block,19,-13,434.5,4.71,0,0,300,300,300
Block,10,1,39.5,4.71,0,0,300,300,300
Block,-50,1,405,4.71,0,0,300,300,300
Block,-44,1,455.5,4.71,0,0,300,300,300
Block,-21,1,42.5,4.71,0,0,300,300,300
Block,36,1,172.5,4.71,0,0,300,300,300
Block,-17,1,33.5,4.71,0,0,300,300,300
Block,41,-13,502.5,4.71,0,0,300,300,300
Block,1,-13,482,4.71,0,0,300,300,300
Tree,-60.88,20.18,391.86,0,4.97,0,28.48,64.35,28.48
Block,-56,1,414,4.71,0,0,300,300,300
Block,-63,1,22,4.71,0,0,300,300,300
Block,13,1,332.5,4.71,0,0,300,300,300
Block,38,-13,387,4.71,0,0,300,300,300
Block,19,1,-19.5,4.71,0,0,300,300,300
Block,66,1,190,4.71,0,0,300,300,300
Block,-1,1,110,4.71,0,0,300,300,300
Block,-56,1,514.5,4.71,0,0,300,300,300
Block,-11,1,51.5,4.71,0,0,300,300,300
Block,1,1,22,4.71,0,0,300,300,300
Block,7,1,-46,4.71,0,0,300,300,300
Block,25,1,28,4.71,0,0,300,300,300
Block,-8,-13,511.5,4.71,0,0,300,300,300
Block,-11,1,7,4.71,0,0,300,300,300
Block,4,1,-4.5,4.71,0,0,300,300,300
Block,4,-13,375.5,4.71,0,0,300,300,300
Block,10,1,72,4.71,0,0,300,300,300
Block,7,-13,496.5,4.71,0,0,300,300,300
Block,28,-13,479,4.71,0,0,300,300,300
Block,-14,1,496.5,4.71,0,0,300,300,300
Block,-60,1,7,4.71,0,0,300,300,300
Block,-38,1,408,4.71,0,0,300,300,300
Block,63,1,172.5,4.71,0,0,300,300,300
Block,-11,1,-4.5,4.71,0,0,300,300,300
Block,28,-13,428.5,4.71,0,0,300,300,300
Block,-53,1,458,4.71,0,0,300,300,300
Block,-23,1,387,4.71,0,0,300,300,300
Block,71,-13,449.5,4.71,0,0,300,300,300
Block,-11,1,42.5,4.71,0,0,300,300,300
Block,-20,1,514.5,4.71,0,0,300,300,300
Block,-17,1,78,4.71,0,0,300,300,300
Block,-8,-13,482,4.71,0,0,300,300,300
Block,-17,1,476,4.71,0,0,300,300,300
Block,-17,1,54.5,4.71,0,0,300,300,300
Block,-4,1,92.5,4.71,0,0,300,300,300
Block,13,1,264.5,4.71,0,0,300,300,300
Block,-11,-13,402,4.71,0,0,300,300,300
Block,-13,1,178,4.71,0,0,300,300,300
Block,-44,1,470,4.71,0,0,300,300,300
Block,42,1,116,4.71,0,0,300,300,300
Block,-5,-13,402,4.71,0,0,300,300,300
Block,-54,1,48.5,4.71,0,0,300,300,300
Block,-41,1,417,4.71,0,0,300,300,300
Block,1,1,16,4.71,0,0,300,300,300
Block,19,1,314.5,4.71,0,0,300,300,300
Block,48,1,169.5,4.71,0,0,300,300,300
Block,-56,1,488,4.71,0,0,300,300,300
Block,4,1,371,4.71,0,0,300,300,300
Block,68,-13,425.5,4.71,0,0,300,300,300
Block,4,1,-46,4.71,0,0,300,300,300
Block,1,1,19,4.71,0,0,300,300,300
Block,20,1,116,4.71,0,0,300,300,300
Block,50,-13,387,4.71,0,0,300,300,300
Block,2,1,95.5,4.71,0,0,300,300,300
Block,68,-13,491,4.71,0,0,300,300,300
Block,-53,1,414,4.71,0,0,300,300,300
Block,-32,1,446.5,4.71,0,0,300,300,300
Block,-29,1,479,4.71,0,0,300,300,300
Block,-5,1,90,4.71,0,0,300,300,300
Block,-21,1,-22.5,4.71,0,0,300,300,300
Block,-29,1,449.5,4.71,0,0,300,300,300
Block,-57,1,1,4.71,0,0,300,300,300
Block,25,1,-2,4.71,0,0,300,300,300
Block,11,1,154.5,4.71,0,0,300,300,300
Block,25,-13,446.5,4.71,0,0,300,300,300
Block,-30,1,1,4.71,0,0,300,300,300
Block,28,-13,455.5,4.71,0,0,300,300,300
Block,-24,1,-13.5,4.71,0,0,300,300,300
Block,10,-13,488,4.71,0,0,300,300,300
Block,10,1,-34.5,4.71,0,0,300,300,300
Block,7,1,300,4.71,0,0,300,300,300
Block,-42,1,1,4.71,0,0,300,300,300
Block,-23,1,473,4.71,0,0,300,300,300
Block,72,1,190,4.71,0,0,300,300,300
Block,41,-13,476,4.71,0,0,300,300,300
Block,1,1,320.5,4.71,0,0,300,300,300
Block,-48,1,72,4.71,0,0,300,300,300
Block,44,-13,428.5,4.71,0,0,300,300,300
Block,25,1,75,4.71,0,0,300,300,300
Block,-5,-13,422.5,4.71,0,0,300,300,300
Block,-63,1,-37.5,4.71,0,0,300,300,300
Block,17,1,145.5,4.71,0,0,300,300,300
Block,-20,1,452.5,4.71,0,0,300,300,300
Block,65,-13,434.5,4.71,0,0,300,300,300
Block,13,1,25,4.71,0,0,300,300,300
Block,-23,1,485,4.71,0,0,300,300,300
Block,42,1,134,4.71,0,0,300,300,300
Block,10,1,-19.5,4.71,0,0,300,300,300
Block,71,-13,491,4.71,0,0,300,300,300
Block,-24,1,36.5,4.71,0,0,300,300,300
Block,-17,1,452.5,4.71,0,0,300,300,300
Block,16,1,4,4.71,0,0,300,300,300
Block,65,-13,390,4.71,0,0,300,300,300
Block,-53,1,461,4.71,0,0,300,300,300
Block,5,1,208,4.71,0,0,300,300,300
Block,66,1,148.5,4.71,0,0,300,300,300
Block,42,1,205,4.71,0,0,300,300,300
Block,35,-13,393,4.71,0,0,300,300,300
Block,26,1,122,4.71,0,0,300,300,300
Block,16,1,10,4.71,0,0,300,300,300
Block,-23,1,399,4.71,0,0,300,300,300
Block,-57,1,10,4.71,0,0,300,300,300
Block,25,-13,402,4.71,0,0,300,300,300
Block,4,-13,461,4.71,0,0,300,300,300
Block,-60,1,-46,4.71,0,0,300,300,300
Block,14,1,178,4.71,0,0,300,300,300
Block,-41,1,473,4.71,0,0,300,300,300
Block,-36,1,81,4.71,0,0,300,300,300
Block,71,-13,452.5,4.71,0,0,300,300,300
Block,-13,1,122,4.71,0,0,300,300,300
Block,-44,1,505.5,4.71,0,0,300,300,300
Block,-13,1,101.5,4.71,0,0,300,300,300
Block,71,-13,470,4.71,0,0,300,300,300
Block,13,1,-25.5,4.71,0,0,300,300,300
Block,44,-13,485,4.71,0,0,300,300,300
Block,25,1,36.5,4.71,0,0,300,300,300
Block,1,1,-2,4.71,0,0,300,300,300
Block,5,1,142.5,4.71,0,0,300,300,300
Block,22,1,-28.5,4.71,0,0,300,300,300
Block,56,-13,449.5,4.71,0,0,300,300,300
Block,23,1,199,4.71,0,0,300,300,300
Block,74,-13,437.5,4.71,0,0,300,300,300
Block,38,-13,381.5,4.71,0,0,300,300,300
Block,-23,1,491,4.71,0,0,300,300,300
Block,-2,1,267.5,4.71,0,0,300,300,300
Block,-20,1,422.5,4.71,0,0,300,300,300
Block,22,1,25,4.71,0,0,300,300,300
Block,-60,1,63.5,4.71,0,0,300,300,300
Block,56,-13,511.5,4.71,0,0,300,300,300
Block,23,1,116,4.71,0,0,300,300,300
Block,-17,1,390,4.71,0,0,300,300,300
Block,51,1,98.5,4.71,0,0,300,300,300
Block,-23,1,511.5,4.71,0,0,300,300,300
Block,65,-13,408,4.71,0,0,300,300,300
Block,-11,-13,488,4.71,0,0,300,300,300
Block,63,1,92.5,4.71,0,0,300,300,300
Block,31,1,291,4.71,0,0,300,300,300
Block,1,1,282,4.71,0,0,300,300,300
Block,-38,1,387,4.71,0,0,300,300,300
Block,25,-13,390,4.71,0,0,300,300,300
Block,-54,1,16,4.71,0,0,300,300,300
Block,28,1,297,4.71,0,0,300,300,300
Block,-36,1,28,4.71,0,0,300,300,300
Block,-8,1,359,4.71,0,0,300,300,300
Block,42,1,222.5,4.71,0,0,300,300,300
Block,20,1,107,4.71,0,0,300,300,300
Block,65,-13,482,4.71,0,0,300,300,300
Block,31,1,341.5,4.71,0,0,300,300,300
Block,69,1,101.5,4.71,0,0,300,300,300
Block,-14,1,51.5,4.71,0,0,300,300,300
Block,-63,1,16,4.71,0,0,300,300,300
Block,-56,1,443.5,4.71,0,0,300,300,300
Block,-14,1,-10.5,4.71,0,0,300,300,300
Block,-8,1,42.5,4.71,0,0,300,300,300
Block,10,1,368,4.71,0,0,300,300,300
Block,62,-13,493.5,4.71,0,0,300,300,300
Block,-23,1,425.5,4.71,0,0,300,300,300
Block,57,1,104,4.71,0,0,300,300,300
Block,-27,1,13,4.71,0,0,300,300,300
Block,-10,1,154.5,4.71,0,0,300,300,300
Block,19,1,300,4.71,0,0,300,300,300
Block,22,1,75,4.71,0,0,300,300,300
Block,20,1,210.5,4.71,0,0,300,300,300
Block,-14,1,425.5,4.71,0,0,300,300,300
Block,-36,1,-13.5,4.71,0,0,300,300,300
Block,66,1,202,4.71,0,0,300,300,300
Block,25,1,353,4.71,0,0,300,300,300
Block,-38,1,428.5,4.71,0,0,300,300,300
Block,56,-13,431.5,4.71,0,0,300,300,300
Block,-51,1,13,4.71,0,0,300,300,300
Block,36,1,228.5,4.71,0,0,300,300,300
Block,-17,1,411,4.71,0,0,300,300,300
Block,19,1,78,4.71,0,0,300,300,300
Block,-45,1,87,4.71,0,0,300,300,300
Block,-50,1,488,4.71,0,0,300,300,300
Block,-11,1,60.5,4.71,0,0,300,300,300
Block,23,1,137,4.71,0,0,300,300,300
Block,25,-13,440.5,4.71,0,0,300,300,300
Block,-16,1,145.5,4.71,0,0,300,300,300
Block,65,-13,470,4.71,0,0,300,300,300
Block,68,-13,399,4.71,0,0,300,300,300
Block,-10,1,104,4.71,0,0,300,300,300
Block,23,1,110,4.71,0,0,300,300,300
Block,45,1,137,4.71,0,0,300,300,300
Block,-17,1,60.5,4.71,0,0,300,300,300
Block,-33,1,31,4.71,0,0,300,300,300
Block,31,1,323.5,4.71,0,0,300,300,300
Block,31,-13,411,4.71,0,0,300,300,300
Block,-8,-13,428.5,4.71,0,0,300,300,300
Block,39,1,216.5,4.71,0,0,300,300,300
Block,47,-13,493.5,4.71,0,0,300,300,300
Block,2,1,122,4.71,0,0,300,300,300
Block,-2,1,371,4.71,0,0,300,300,300
Block,45,1,98.5,4.71,0,0,300,300,300
Block,10,1,238,4.71,0,0,300,300,300
Block,13,1,365,4.71,0,0,300,300,300
Block,60,1,205,4.71,0,0,300,300,300
Block,-63,1,39.5,4.71,0,0,300,300,300
Block,59,-13,420,4.71,0,0,300,300,300
Block,-36,1,57.5,4.71,0,0,300,300,300
Block,51,1,222.5,4.71,0,0,300,300,300
Block,19,1,54.5,4.71,0,0,300,300,300
Block,57,1,202,4.71,0,0,300,300,300
Block,50,-13,443.5,4.71,0,0,300,300,300
Block,-16,1,175,4.71,0,0,300,300,300
Block,-33,1,57.5,4.71,0,0,300,300,300
Block,1,-13,446.5,4.71,0,0,300,300,300
Block,-13,1,104,4.71,0,0,300,300,300
Block,-53,1,493.5,4.71,0,0,300,300,300
Block,-20,1,482,4.71,0,0,300,300,300
Block,-56,1,387,4.71,0,0,300,300,300
Tree,20,13,504.14,0,0,0,28.48,64.35,28.48
Block,1,-13,452.5,4.71,0,0,300,300,300
Block,-14,1,54.5,4.71,0,0,300,300,300
Block,-23,1,470,4.71,0,0,300,300,300
Block,-5,-13,449.5,4.71,0,0,300,300,300
Block,28,-13,511.5,4.71,0,0,300,300,300
Block,-47,1,467,4.71,0,0,300,300,300
Block,31,1,238,4.71,0,0,300,300,300
Block,51,1,210.5,4.71,0,0,300,300,300
Block,50,-13,437.5,4.71,0,0,300,300,300
Block,-8,-13,399,4.71,0,0,300,300,300
Block,53,-13,491,4.71,0,0,300,300,300
Block,-10,1,131,4.71,0,0,300,300,300
Block,-2,-13,461,4.71,0,0,300,300,300
Block,-14,1,66.5,4.71,0,0,300,300,300
Block,44,-13,470,4.71,0,0,300,300,300
Block,-26,1,390,4.71,0,0,300,300,300
Block,11,1,134,4.71,0,0,300,300,300
Block,-11,-13,405,4.71,0,0,300,300,300
Block,10,1,241,4.71,0,0,300,300,300
Block,-33,1,39.5,4.71,0,0,300,300,300
Block,16,-13,387,4.71,0,0,300,300,300
Block,-35,1,505.5,4.71,0,0,300,300,300
Block,1,-13,425.5,4.71,0,0,300,300,300
Block,-5,1,347.5,4.71,0,0,300,300,300
Block,-35,1,393,4.71,0,0,300,300,300
Block,11,1,208,4.71,0,0,300,300,300
Block,8,1,101.5,4.71,0,0,300,300,300
Block,-11,1,335.5,4.71,0,0,300,300,300
Block,4,1,276.5,4.71,0,0,300,300,300
Block,-27,1,1,4.71,0,0,300,300,300
Block,68,-13,405,4.71,0,0,300,300,300
Block,-11,1,243.5,4.71,0,0,300,300,300
Block,-41,1,399,4.71,0,0,300,300,300
Block,69,1,142.5,4.71,0,0,300,300,300
Block,74,-13,405,4.71,0,0,300,300,300
Block,60,1,148.5,4.71,0,0,300,300,300
Block,33,1,154.5,4.71,0,0,300,300,300
Block,44,-13,440.5,4.71,0,0,300,300,300
Block,-5,1,252.5,4.71,0,0,300,300,300
Block,-39,1,-13.5,4.71,0,0,300,300,300
Block,-26,1,387,4.71,0,0,300,300,300
Block,-14,1,1,4.71,0,0,300,300,300
Block,-51,1,45.5,4.71,0,0,300,300,300
Block,28,-13,378.5,4.71,0,0,300,300,300
Block,22,1,78,4.71,0,0,300,300,300
Block,10,1,81,4.71,0,0,300,300,300
Block,11,1,163.5,4.71,0,0,300,300,300
Block,74,-13,390,4.71,0,0,300,300,300
Block,14,1,163.5,4.71,0,0,300,300,300
Block,47,-13,467,4.71,0,0,300,300,300
Block,13,1,-40,4.71,0,0,300,300,300
Block,17,1,137,4.71,0,0,300,300,300
Block,2,1,172.5,4.71,0,0,300,300,300
Block,1,1,326.5,4.71,0,0,300,300,300
Block,-45,1,63.5,4.71,0,0,300,300,300
Block,20,1,119,4.71,0,0,300,300,300
Block,16,1,48.5,4.71,0,0,300,300,300
Block,-29,1,431.5,4.71,0,0,300,300,300
Block,16,-13,422.5,4.71,0,0,300,300,300
Block,-8,-13,464,4.71,0,0,300,300,300
Block,54,1,199,4.71,0,0,300,300,300
Block,-14,1,-28.5,4.71,0,0,300,300,300
Block,71,-13,411,4.71,0,0,300,300,300
Block,1,1,33.5,4.71,0,0,300,300,300
Block,13,-13,422.5,4.71,0,0,300,300,300
Block,-57,1,75,4.71,0,0,300,300,300
Block,51,1,216.5,4.71,0,0,300,300,300
Block,-1,1,148.5,4.71,0,0,300,300,300
Block,-17,1,375.5,4.71,0,0,300,300,300
Block,54,1,95.5,4.71,0,0,300,300,300
Block,-56,1,405,4.71,0,0,300,300,300
Block,11,1,104,4.71,0,0,300,300,300
Block,22,1,335.5,4.71,0,0,300,300,300
Block,-38,1,505.5,4.71,0,0,300,300,300
Block,13,1,261.5,4.71,0,0,300,300,300
Block,20,1,101.5,4.71,0,0,300,300,300
Block,71,-13,505.5,4.71,0,0,300,300,300
Block,45,1,219.5,4.71,0,0,300,300,300
Block,1,-13,390,4.71,0,0,300,300,300
Block,-51,1,51.5,4.71,0,0,300,300,300
Block,14,1,181,4.71,0,0,300,300,300
Block,56,-13,414,4.71,0,0,300,300,300
Block,28,1,314.5,4.71,0,0,300,300,300
Block,-2,-13,390,4.71,0,0,300,300,300
Block,-14,1,443.5,4.71,0,0,300,300,300
Block,-10,1,98.5,4.71,0,0,300,300,300
Block,69,1,166.5,4.71,0,0,300,300,300
Block,14,1,202,4.71,0,0,300,300,300
Block,-48,1,36.5,4.71,0,0,300,300,300
Block,-48,1,78,4.71,0,0,300,300,300
Block,-41,1,488,4.71,0,0,300,300,300
Block,56,-13,408,4.71,0,0,300,300,300
Block,-45,1,-37.5,4.71,0,0,300,300,300
Block,-60,1,-31.5,4.71,0,0,300,300,300
Block,-36,1,-22.5,4.71,0,0,300,300,300
Block,16,-13,396,4.71,0,0,300,300,300
Block,-30,1,66.5,4.71,0,0,300,300,300
Block,4,1,33.5,4.71,0,0,300,300,300
Block,-14,1,434.5,4.71,0,0,300,300,300
Block,28,-13,411,4.71,0,0,300,300,300
Block,-20,1,470,4.71,0,0,300,300,300
Block,35,-13,491,4.71,0,0,300,300,300
Block,17,1,202,4.71,0,0,300,300,300
Block,25,-13,408,4.71,0,0,300,300,300
Block,47,-13,431.5,4.71,0,0,300,300,300
Block,-38,1,496.5,4.71,0,0,300,300,300
Block,-51,1,-19.5,4.71,0,0,300,300,300
Block,-20,1,408,4.71,0,0,300,300,300
Block,30,1,172.5,4.71,0,0,300,300,300
Block,39,1,210.5,4.71,0,0,300,300,300
Block,-36,1,16,4.71,0,0,300,300,300
Block,-8,1,45.5,4.71,0,0,300,300,300
Block,39,1,213.5,4.71,0,0,300,300,300
Block,4,1,291,4.71,0,0,300,300,300
Block,-54,1,10,4.71,0,0,300,300,300
Block,-21,1,87,4.71,0,0,300,300,300
Block,-42,1,4,4.71,0,0,300,300,300
Block,-8,1,-2,4.71,0,0,300,300,300
Block,65,-13,488,4.71,0,0,300,300,300
Block,-2,1,291,4.71,0,0,300,300,300
Block,28,-13,431.5,4.71,0,0,300,300,300
Block,-17,1,422.5,4.71,0,0,300,300,300
Block,56,-13,425.5,4.71,0,0,300,300,300
Block,1,1,84,4.71,0,0,300,300,300
Block,16,1,320.5,4.71,0,0,300,300,300
Block,10,-13,464,4.71,0,0,300,300,300
Block,-7,1,225.5,4.71,0,0,300,300,300
Block,69,1,116,4.71,0,0,300,300,300
Block,-33,1,78,4.71,0,0,300,300,300
Block,-1,1,101.5,4.71,0,0,300,300,300
Block,-32,1,402,4.71,0,0,300,300,300
Block,-24,1,31,4.71,0,0,300,300,300
Block,-44,1,464,4.71,0,0,300,300,300
Block,-11,1,347.5,4.71,0,0,300,300,300
Block,1,1,273.5,4.71,0,0,300,300,300
Block,-11,1,28,4.71,0,0,300,300,300
Block,39,1,101.5,4.71,0,0,300,300,300
Block,-53,1,485,4.71,0,0,300,300,300
Block,19,1,309,4.71,0,0,300,300,300
Block,25,-13,508.5,4.71,0,0,300,300,300
Block,-13,1,142.5,4.71,0,0,300,300,300
Block,4,-13,396,4.71,0,0,300,300,300
Block,-36,1,25,4.71,0,0,300,300,300
Block,-50,1,476,4.71,0,0,300,300,300
Block,13,1,338.5,4.71,0,0,300,300,300
Block,4,-13,446.5,4.71,0,0,300,300,300
Block,-29,1,493.5,4.71,0,0,300,300,300
Block,56,-13,476,4.71,0,0,300,300,300
Block,30,1,122,4.71,0,0,300,300,300
Block,-7,1,92.5,4.71,0,0,300,300,300
Block,72,1,128,4.71,0,0,300,300,300
Block,63,1,157.5,4.71,0,0,300,300,300
Block,41,-13,485,4.71,0,0,300,300,300
Block,38,-13,479,4.71,0,0,300,300,300
Block,-14,1,514.5,4.71,0,0,300,300,300
Block,10,1,291,4.71,0,0,300,300,300
Block,71,-13,390,4.71,0,0,300,300,300
Block,-51,1,-2,4.71,0,0,300,300,300
Block,50,-13,420,4.71,0,0,300,300,300
Block,22,-13,449.5,4.71,0,0,300,300,300
Block,44,-13,482,4.71,0,0,300,300,300
Block,69,1,181,4.71,0,0,300,300,300
Block,-2,1,57.5,4.71,0,0,300,300,300
Block,28,-13,499.5,4.71,0,0,300,300,300
Block,-8,1,332.5,4.71,0,0,300,300,300
Block,-17,1,514.5,4.71,0,0,300,300,300
Block,22,-13,378.5,4.71,0,0,300,300,300
Block,28,-13,405,4.71,0,0,300,300,300
Block,-17,1,69,4.71,0,0,300,300,300
Block,10,-13,384.5,4.71,0,0,300,300,300
Block,57,1,219.5,4.71,0,0,300,300,300
Block,-10,1,202,4.71,0,0,300,300,300
Block,-36,1,10,4.71,0,0,300,300,300
Block,14,1,196,4.71,0,0,300,300,300
Block,-4,1,187,4.71,0,0,300,300,300
Block,66,1,184,4.71,0,0,300,300,300
Block,-2,1,10,4.71,0,0,300,300,300
Block,-56,1,458,4.71,0,0,300,300,300
Block,-39,1,-25.5,4.71,0,0,300,300,300
Block,10,-13,458,4.71,0,0,300,300,300
Block,10,-13,479,4.71,0,0,300,300,300
Block,57,1,154.5,4.71,0,0,300,300,300
Block,-10,1,137,4.71,0,0,300,300,300
Block,-42,1,90,4.71,0,0,300,300,300
Block,16,1,-19.5,4.71,0,0,300,300,300
Block,-21,1,28,4.71,0,0,300,300,300
Block,2,1,208,4.71,0,0,300,300,300
Block,10,-13,411,4.71,0,0,300,300,300
Block,-44,1,493.5,4.71,0,0,300,300,300
Block,4,1,317.5,4.71,0,0,300,300,300
Block,25,1,33.5,4.71,0,0,300,300,300
Block,-63,1,-49,4.71,0,0,300,300,300
Block,10,1,63.5,4.71,0,0,300,300,300
Block,72,1,228.5,4.71,0,0,300,300,300
Block,19,-13,399,4.71,0,0,300,300,300
Block,44,-13,375.5,4.71,0,0,300,300,300
Block,77,-13,375.5,4.71,0,0,300,300,300
Block,-60,1,48.5,4.71,0,0,300,300,300
Block,-33,1,-37.5,4.71,0,0,300,300,300
Block,-20,1,431.5,4.71,0,0,300,300,300
Block,54,1,178,4.71,0,0,300,300,300
Block,-8,1,81,4.71,0,0,300,300,300
Block,68,-13,431.5,4.71,0,0,300,300,300
Block,-50,1,399,4.71,0,0,300,300,300
Block,28,1,243.5,4.71,0,0,300,300,300
Block,11,1,202,4.71,0,0,300,300,300
Block,-20,1,502.5,4.71,0,0,300,300,300
Block,26,1,199,4.71,0,0,300,300,300
Block,4,-13,514.5,4.71,0,0,300,300,300
Grass,-74.45,-2.73,448.77,0,0,0,11,11,11
Block,-54,1,-22.5,4.71,0,0,300,300,300
Block,-56,1,425.5,4.71,0,0,300,300,300
Block,8,1,178,4.71,0,0,300,300,300
Block,-5,1,306,4.71,0,0,300,300,300
Block,66,1,157.5,4.71,0,0,300,300,300
Block,-44,1,479,4.71,0,0,300,300,300
Block,-5,-13,470,4.71,0,0,300,300,300
Block,22,1,60.5,4.71,0,0,300,300,300
Block,-53,1,479,4.71,0,0,300,300,300
Block,13,1,359,4.71,0,0,300,300,300
Block,-21,1,-2,4.71,0,0,300,300,300
Block,25,1,297,4.71,0,0,300,300,300
Block,65,-13,414,4.71,0,0,300,300,300
Block,74,-13,396,4.71,0,0,300,300,300
Block,-2,1,232,4.71,0,0,300,300,300
Block,-45,1,-16.5,4.71,0,0,300,300,300
Block,-47,1,491,4.71,0,0,300,300,300
Block,-4,1,219.5,4.71,0,0,300,300,300
Block,-7,1,219.5,4.71,0,0,300,300,300
Block,-14,1,493.5,4.71,0,0,300,300,300
Block,-60,1,66.5,4.71,0,0,300,300,300
Block,-36,1,69,4.71,0,0,300,300,300
Block,62,-13,476,4.71,0,0,300,300,300
Block,19,1,285,4.71,0,0,300,300,300
Block,28,-13,496.5,4.71,0,0,300,300,300
Block,-41,1,390,4.71,0,0,300,300,300
Block,-32,1,505.5,4.71,0,0,300,300,300
Block,-41,1,476,4.71,0,0,300,300,300
Block,26,1,95.5,4.71,0,0,300,300,300
Block,-7,1,196,4.71,0,0,300,300,300
Block,-8,1,-16.5,4.71,0,0,300,300,300
Block,50,-13,399,4.71,0,0,300,300,300
Block,-44,1,476,4.71,0,0,300,300,300
Block,-36,1,45.5,4.71,0,0,300,300,300
Block,-35,1,508.5,4.71,0,0,300,300,300
Block,-39,1,36.5,4.71,0,0,300,300,300
Block,39,1,122,4.71,0,0,300,300,300
Block,-57,1,25,4.71,0,0,300,300,300
Block,-48,1,63.5,4.71,0,0,300,300,300
Block,-1,1,205,4.71,0,0,300,300,300
Block,-20,1,417,4.71,0,0,300,300,300
Block,31,-13,402,4.71,0,0,300,300,300
Block,1,-13,440.5,4.71,0,0,300,300,300
Block,-1,1,113,4.71,0,0,300,300,300
Block,28,-13,514.5,4.71,0,0,300,300,300
Block,16,-13,452.5,4.71,0,0,300,300,300
Block,45,1,131,4.71,0,0,300,300,300
Block,-2,-13,437.5,4.71,0,0,300,300,300
Block,-26,1,428.5,4.71,0,0,300,300,300
Block,7,1,338.5,4.71,0,0,300,300,300
Block,4,1,31,4.71,0,0,300,300,300
Block,1,-13,491,4.71,0,0,300,300,300
Block,22,1,10,4.71,0,0,300,300,300
Block,35,-13,428.5,4.71,0,0,300,300,300
Block,35,-13,443.5,4.71,0,0,300,300,300
Block,63,1,160.5,4.71,0,0,300,300,300
Block,-51,1,66.5,4.71,0,0,300,300,300
Block,-23,1,505.5,4.71,0,0,300,300,300
Block,16,-13,482,4.71,0,0,300,300,300
Block,-23,1,434.5,4.71,0,0,300,300,300
Block,1,1,60.5,4.71,0,0,300,300,300
Block,69,1,104,4.71,0,0,300,300,300
Block,13,1,270.5,4.71,0,0,300,300,300
Block,-60,1,28,4.71,0,0,300,300,300
Block,62,-13,393,4.71,0,0,300,300,300
Block,-48,1,-31.5,4.71,0,0,300,300,300
Block,-30,1,-40,4.71,0,0,300,300,300
Block,16,1,246.5,4.71,0,0,300,300,300
Block,-30,1,63.5,4.71,0,0,300,300,300
Block,-10,1,178,4.71,0,0,300,300,300
Block,41,-13,467,4.71,0,0,300,300,300
Block,50,-13,378.5,4.71,0,0,300,300,300
Block,-5,-13,387,4.71,0,0,300,300,300
Block,1,1,353,4.71,0,0,300,300,300
Block,-14,1,60.5,4.71,0,0,300,300,300
Block,-8,1,72,4.71,0,0,300,300,300
Block,-17,1,428.5,4.71,0,0,300,300,300
Block,33,1,216.5,4.71,0,0,300,300,300
Block,57,1,113,4.71,0,0,300,300,300
Block,4,-13,502.5,4.71,0,0,300,300,300
Block,-21,1,57.5,4.71,0,0,300,300,300
Block,10,1,10,4.71,0,0,300,300,300
Block,16,1,288,4.71,0,0,300,300,300
Block,-17,1,387,4.71,0,0,300,300,300
Block,-51,1,-37.5,4.71,0,0,300,300,300
Block,25,-13,405,4.71,0,0,300,300,300
Block,45,1,134,4.71,0,0,300,300,300
Block,33,1,210.5,4.71,0,0,300,300,300
Block,31,1,371,4.71,0,0,300,300,300
Block,25,1,362,4.71,0,0,300,300,300
Block,-24,1,69,4.71,0,0,300,300,300
Block,7,1,22,4.71,0,0,300,300,300
Block,-16,1,95.5,4.71,0,0,300,300,300
Block,-41,1,422.5,4.71,0,0,300,300,300
Block,45,1,225.5,4.71,0,0,300,300,300
Block,72,1,216.5,4.71,0,0,300,300,300
Block,-24,1,-16.5,4.71,0,0,300,300,300
Block,-38,1,390,4.71,0,0,300,300,300
Block,8,1,142.5,4.71,0,0,300,300,300
Block,66,1,163.5,4.71,0,0,300,300,300
Block,22,1,57.5,4.71,0,0,300,300,300
Block,-13,1,151.5,4.71,0,0,300,300,300
Block,-13,1,145.5,4.71,0,0,300,300,300
Block,72,1,98.5,4.71,0,0,300,300,300
Block,-41,1,402,4.71,0,0,300,300,300
Block,-16,1,178,4.71,0,0,300,300,300
Block,-30,1,-4.5,4.71,0,0,300,300,300
Block,-7,1,181,4.71,0,0,300,300,300
Block,19,1,28,4.71,0,0,300,300,300
Block,28,-13,440.5,4.71,0,0,300,300,300
Block,-42,1,7,4.71,0,0,300,300,300
Block,16,1,270.5,4.71,0,0,300,300,300
Block,74,-13,428.5,4.71,0,0,300,300,300
Block,72,1,92.5,4.71,0,0,300,300,300
Block,-39,1,-2,4.71,0,0,300,300,300
Block,-27,1,-34.5,4.71,0,0,300,300,300
Block,10,1,273.5,4.71,0,0,300,300,300
Block,-29,1,458,4.71,0,0,300,300,300
Block,68,-13,461,4.71,0,0,300,300,300
Block,13,-13,452.5,4.71,0,0,300,300,300
Block,8,1,128,4.71,0,0,300,300,300
Block,-57,1,60.5,4.71,0,0,300,300,300
Block,65,-13,491,4.71,0,0,300,300,300
Grass,14.55,0.27,79.77,0,0,0,11,11,11
Block,48,1,92.5,4.71,0,0,300,300,300
Block,26,1,222.5,4.71,0,0,300,300,300
Block,39,1,193,4.71,0,0,300,300,300
Block,-21,1,69,4.71,0,0,300,300,300
Block,30,1,175,4.71,0,0,300,300,300
Block,51,1,151.5,4.71,0,0,300,300,300
Block,-14,1,491,4.71,0,0,300,300,300
Block,-2,1,249.5,4.71,0,0,300,300,300
Block,2,1,101.5,4.71,0,0,300,300,300
Block,25,1,303,4.71,0,0,300,300,300
Block,-30,1,-46,4.71,0,0,300,300,300
Block,42,1,98.5,4.71,0,0,300,300,300
Block,50,-13,485,4.71,0,0,300,300,300
Block,22,-13,443.5,4.71,0,0,300,300,300
Block,31,-13,488,4.71,0,0,300,300,300
Block,-41,1,508.5,4.71,0,0,300,300,300
Block,-2,-13,402,4.71,0,0,300,300,300
Block,31,-13,420,4.71,0,0,300,300,300
Block,16,1,-49,4.71,0,0,300,300,300
Block,19,1,66.5,4.71,0,0,300,300,300
Block,7,1,-10.5,4.71,0,0,300,300,300
Block,66,1,222.5,4.71,0,0,300,300,300
Block,16,1,19,4.71,0,0,300,300,300
Block,36,1,151.5,4.71,0,0,300,300,300
Block,-24,1,7,4.71,0,0,300,300,300
Block,38,-13,496.5,4.71,0,0,300,300,300
Block,30,1,116,4.71,0,0,300,300,300
Block,59,-13,511.5,4.71,0,0,300,300,300
Block,25,1,7,4.71,0,0,300,300,300
Block,26,1,119,4.71,0,0,300,300,300
Block,53,-13,464,4.71,0,0,300,300,300
Block,30,1,145.5,4.71,0,0,300,300,300
Block,-21,1,-4.5,4.71,0,0,300,300,300
Block,19,1,297,4.71,0,0,300,300,300
Block,-14,1,502.5,4.71,0,0,300,300,300
Block,-53,1,443.5,4.71,0,0,300,300,300
Block,20,1,92.5,4.71,0,0,300,300,300
Block,-50,1,434.5,4.71,0,0,300,300,300
Block,68,-13,464,4.71,0,0,300,300,300
Block,11,1,145.5,4.71,0,0,300,300,300
Block,8,1,205,4.71,0,0,300,300,300
Block,13,1,13,4.71,0,0,300,300,300
Block,25,1,371,4.71,0,0,300,300,300
Block,16,1,39.5,4.71,0,0,300,300,300
Block,13,-13,375.5,4.71,0,0,300,300,300
Block,48,1,190,4.71,0,0,300,300,300
Block,-51,1,87,4.71,0,0,300,300,300
Block,59,-13,502.5,4.71,0,0,300,300,300
Block,-42,1,22,4.71,0,0,300,300,300
Block,25,-13,479,4.71,0,0,300,300,300
Block,10,1,371,4.71,0,0,300,300,300
Block,-2,1,294,4.71,0,0,300,300,300
Block,-1,1,157.5,4.71,0,0,300,300,300
Block,17,1,125,4.71,0,0,300,300,300
Block,57,1,148.5,4.71,0,0,300,300,300
Block,39,1,184,4.71,0,0,300,300,300
Block,4,1,282,4.71,0,0,300,300,300
Block,4,-13,425.5,4.71,0,0,300,300,300
Block,-2,1,261.5,4.71,0,0,300,300,300
Block,23,1,92.5,4.71,0,0,300,300,300
Block,-24,1,-25.5,4.71,0,0,300,300,300
Block,69,1,199,4.71,0,0,300,300,300
Block,66,1,95.5,4.71,0,0,300,300,300
Block,13,1,317.5,4.71,0,0,300,300,300
Block,25,1,326.5,4.71,0,0,300,300,300
Block,17,1,139.5,4.71,0,0,300,300,300
Block,19,1,25,4.71,0,0,300,300,300
Block,33,1,199,4.71,0,0,300,300,300
Block,53,-13,387,4.71,0,0,300,300,300
Block,53,-13,417,4.71,0,0,300,300,300
Block,11,1,193,4.71,0,0,300,300,300
Block,-42,1,57.5,4.71,0,0,300,300,300
Block,-10,1,169.5,4.71,0,0,300,300,300
Block,7,1,362,4.71,0,0,300,300,300
Block,59,-13,473,4.71,0,0,300,300,300
Block,7,-13,499.5,4.71,0,0,300,300,300
Block,59,-13,485,4.71,0,0,300,300,300
Block,25,1,267.5,4.71,0,0,300,300,300
Block,42,1,208,4.71,0,0,300,300,300
Block,14,1,213.5,4.71,0,0,300,300,300
Block,60,1,137,4.71,0,0,300,300,300
Block,39,1,199,4.71,0,0,300,300,300
Block,13,1,285,4.71,0,0,300,300,300
Block,-24,1,75,4.71,0,0,300,300,300
Block,-50,1,499.5,4.71,0,0,300,300,300
Block,-2,-13,479,4.71,0,0,300,300,300
Block,-11,1,276.5,4.71,0,0,300,300,300
Block,-2,-13,443.5,4.71,0,0,300,300,300
Block,-21,1,7,4.71,0,0,300,300,300
Block,48,1,228.5,4.71,0,0,300,300,300
Block,48,1,163.5,4.71,0,0,300,300,300
Block,-23,1,396,4.71,0,0,300,300,300
Block,16,1,28,4.71,0,0,300,300,300
Block,-53,1,440.5,4.71,0,0,300,300,300
Block,7,1,-7.5,4.71,0,0,300,300,300
Block,19,-13,428.5,4.71,0,0,300,300,300
Block,-56,1,375.5,4.71,0,0,300,300,300
Block,-5,1,241,4.71,0,0,300,300,300
Block,-11,1,10,4.71,0,0,300,300,300
Block,19,1,81,4.71,0,0,300,300,300
Block,23,1,178,4.71,0,0,300,300,300
Block,-26,1,417,4.71,0,0,300,300,300
Block,35,-13,464,4.71,0,0,300,300,300
Block,1,-13,476,4.71,0,0,300,300,300
Block,56,-13,375.5,4.71,0,0,300,300,300
Grass,21.55,0.27,102.77,0,0,0,11,11,11
Block,-23,1,479,4.71,0,0,300,300,300
Block,77,-13,482,4.71,0,0,300,300,300
Block,62,-13,470,4.71,0,0,300,300,300
Block,-29,1,411,4.71,0,0,300,300,300
Block,25,1,22,4.71,0,0,300,300,300
Block,60,1,98.5,4.71,0,0,300,300,300
Block,16,1,16,4.71,0,0,300,300,300
Block,-5,-13,428.5,4.71,0,0,300,300,300
Block,47,-13,485,4.71,0,0,300,300,300
Block,22,1,291,4.71,0,0,300,300,300
Block,66,1,166.5,4.71,0,0,300,300,300
Block,66,1,175,4.71,0,0,300,300,300
Block,-17,1,420,4.71,0,0,300,300,300
Block,77,-13,446.5,4.71,0,0,300,300,300
Block,-36,1,-28.5,4.71,0,0,300,300,300
Block,66,1,139.5,4.71,0,0,300,300,300
Block,-24,1,16,4.71,0,0,300,300,300
Block,8,1,98.5,4.71,0,0,300,300,300
Block,54,1,157.5,4.71,0,0,300,300,300
Block,19,-13,493.5,4.71,0,0,300,300,300
Block,74,-13,452.5,4.71,0,0,300,300,300
Block,2,1,137,4.71,0,0,300,300,300
Block,74,-13,417,4.71,0,0,300,300,300
Block,1,-13,408,4.71,0,0,300,300,300
Block,-20,1,496.5,4.71,0,0,300,300,300
Block,7,1,-25.5,4.71,0,0,300,300,300
Block,11,1,213.5,4.71,0,0,300,300,300
Block,45,1,142.5,4.71,0,0,300,300,300
Block,22,1,-22.5,4.71,0,0,300,300,300
Block,22,1,359,4.71,0,0,300,300,300
Block,-41,1,505.5,4.71,0,0,300,300,300
Block,-50,1,479,4.71,0,0,300,300,300
Block,25,-13,387,4.71,0,0,300,300,300
Block,-2,1,288,4.71,0,0,300,300,300
Block,-8,-13,473,4.71,0,0,300,300,300
Block,-7,1,231.5,4.71,0,0,300,300,300
Block,-20,1,378.5,4.71,0,0,300,300,300
Block,13,1,344.5,4.71,0,0,300,300,300
Block,-63,1,10,4.71,0,0,300,300,300
Block,-48,1,90,4.71,0,0,300,300,300
Block,22,-13,425.5,4.71,0,0,300,300,300
Block,-26,1,470,4.71,0,0,300,300,300
Block,19,1,335.5,4.71,0,0,300,300,300
Block,53,-13,499.5,4.71,0,0,300,300,300
Block,-50,1,470,4.71,0,0,300,300,300
Block,11,1,95.5,4.71,0,0,300,300,300
Block,-8,1,261.5,4.71,0,0,300,300,300
Block,19,-13,387,4.71,0,0,300,300,300
Block,71,-13,499.5,4.71,0,0,300,300,300
Block,63,1,225.5,4.71,0,0,300,300,300
Block,63,1,184,4.71,0,0,300,300,300
Block,8,1,131,4.71,0,0,300,300,300
Block,22,1,63.5,4.71,0,0,300,300,300
Block,-11,1,75,4.71,0,0,300,300,300
Block,74,-13,464,4.71,0,0,300,300,300
Block,-47,1,511.5,4.71,0,0,300,300,300
Block,13,-13,482,4.71,0,0,300,300,300
Block,20,1,205,4.71,0,0,300,300,300
Block,-14,1,408,4.71,0,0,300,300,300
Block,-5,-13,411,4.71,0,0,300,300,300
Block,-21,1,51.5,4.71,0,0,300,300,300
Block,-53,1,505.5,4.71,0,0,300,300,300
Block,-57,1,-10.5,4.71,0,0,300,300,300
Block,-5,1,232,4.71,0,0,300,300,300
Block,19,1,371,4.71,0,0,300,300,300
Block,7,-13,396,4.71,0,0,300,300,300
Block,-1,1,104,4.71,0,0,300,300,300
Block,71,-13,399,4.71,0,0,300,300,300
Block,-60,1,31,4.71,0,0,300,300,300
Block,-17,1,485,4.71,0,0,300,300,300
Block,-54,1,25,4.71,0,0,300,300,300
Block,4,1,45.5,4.71,0,0,300,300,300
Block,-30,1,10,4.71,0,0,300,300,300
Block,57,1,119,4.71,0,0,300,300,300
Block,-42,1,-13.5,4.71,0,0,300,300,300
Block,68,-13,476,4.71,0,0,300,300,300
Block,42,1,216.5,4.71,0,0,300,300,300
Block,72,1,222.5,4.71,0,0,300,300,300
Block,26,1,196,4.71,0,0,300,300,300
Block,-42,1,45.5,4.71,0,0,300,300,300
Block,11,1,157.5,4.71,0,0,300,300,300
Block,-36,1,-25.5,4.71,0,0,300,300,300
Block,-38,1,381.5,4.71,0,0,300,300,300
Block,-39,1,7,4.71,0,0,300,300,300
Block,14,1,193,4.71,0,0,300,300,300
Block,7,-13,405,4.71,0,0,300,300,300
Block,38,-13,502.5,4.71,0,0,300,300,300
Block,39,1,113,4.71,0,0,300,300,300
Block,-45,1,-40,4.71,0,0,300,300,300
Block,-27,1,22,4.71,0,0,300,300,300
Block,-33,1,-43,4.71,0,0,300,300,300
Block,-26,1,461,4.71,0,0,300,300,300
Block,54,1,231.5,4.71,0,0,300,300,300
Block,-51,1,10,4.71,0,0,300,300,300
Block,-5,1,87,4.71,0,0,300,300,300
Block,-39,1,51.5,4.71,0,0,300,300,300
Block,74,-13,420,4.71,0,0,300,300,300
Block,41,-13,496.5,4.71,0,0,300,300,300
Block,-30,1,-31.5,4.71,0,0,300,300,300
Block,63,1,151.5,4.71,0,0,300,300,300
Block,7,-13,408,4.71,0,0,300,300,300
Block,-39,1,84,4.71,0,0,300,300,300
Block,-23,1,493.5,4.71,0,0,300,300,300
Block,16,1,368,4.71,0,0,300,300,300
Block,-36,1,-46,4.71,0,0,300,300,300
Block,1,1,1,4.71,0,0,300,300,300
Block,1,1,54.5,4.71,0,0,300,300,300
Block,42,1,193,4.71,0,0,300,300,300
Block,48,1,210.5,4.71,0,0,300,300,300
Block,-60,1,36.5,4.71,0,0,300,300,300
Block,-21,1,13,4.71,0,0,300,300,300
Block,8,1,104,4.71,0,0,300,300,300
Block,-11,1,326.5,4.71,0,0,300,300,300
Block,35,-13,461,4.71,0,0,300,300,300
Block,22,1,329.5,4.71,0,0,300,300,300
Block,-5,-13,381.5,4.71,0,0,300,300,300
Block,1,1,-16.5,4.71,0,0,300,300,300
Block,1,1,-10.5,4.71,0,0,300,300,300
Block,-14,1,-7.5,4.71,0,0,300,300,300
Grass,-19.45,6.27,205.77,0,0,0,11,11,11
Block,-10,1,213.5,4.71,0,0,300,300,300
Block,31,1,276.5,4.71,0,0,300,300,300
Block,28,-13,470,4.71,0,0,300,300,300
Block,-11,1,362,4.71,0,0,300,300,300
Block,50,-13,467,4.71,0,0,300,300,300
Block,39,1,125,4.71,0,0,300,300,300
Block,45,1,193,4.71,0,0,300,300,300
Block,-39,1,16,4.71,0,0,300,300,300
Block,59,-13,458,4.71,0,0,300,300,300
Block,10,1,309,4.71,0,0,300,300,300
Block,47,-13,381.5,4.71,0,0,300,300,300
Block,-63,1,19,4.71,0,0,300,300,300
Block,-7,1,110,4.71,0,0,300,300,300
Block,38,-13,449.5,4.71,0,0,300,300,300
Block,-47,1,485,4.71,0,0,300,300,300
Block,19,1,243.5,4.71,0,0,300,300,300
Block,-42,1,81,4.71,0,0,300,300,300
Block,41,-13,422.5,4.71,0,0,300,300,300
Block,-4,1,104,4.71,0,0,300,300,300
Block,-17,1,16,4.71,0,0,300,300,300
Block,35,-13,425.5,4.71,0,0,300,300,300
Block,47,-13,476,4.71,0,0,300,300,300
Block,10,-13,420,4.71,0,0,300,300,300
Block,44,-13,476,4.71,0,0,300,300,300
Block,13,1,326.5,4.71,0,0,300,300,300
Block,69,1,148.5,4.71,0,0,300,300,300
Block,-63,1,81,4.71,0,0,300,300,300
Block,17,1,98.5,4.71,0,0,300,300,300
Block,63,1,145.5,4.71,0,0,300,300,300
Block,31,1,294,4.71,0,0,300,300,300
Block,8,1,199,4.71,0,0,300,300,300
Block,62,-13,417,4.71,0,0,300,300,300
Block,-44,1,387,4.71,0,0,300,300,300
Block,30,1,213.5,4.71,0,0,300,300,300
Block,51,1,131,4.71,0,0,300,300,300
Block,66,1,151.5,4.71,0,0,300,300,300
Block,26,1,184,4.71,0,0,300,300,300
Block,7,1,54.5,4.71,0,0,300,300,300
Block,45,1,148.5,4.71,0,0,300,300,300
Block,42,1,148.5,4.71,0,0,300,300,300
Block,28,1,238,4.71,0,0,300,300,300
Block,-8,1,75,4.71,0,0,300,300,300
Block,-35,1,431.5,4.71,0,0,300,300,300
Block,74,-13,449.5,4.71,0,0,300,300,300
Block,-11,1,282,4.71,0,0,300,300,300
Block,1,1,264.5,4.71,0,0,300,300,300
Block,-8,1,-37.5,4.71,0,0,300,300,300
Block,4,1,22,4.71,0,0,300,300,300
Block,-2,1,-2,4.71,0,0,300,300,300
Block,-11,-13,437.5,4.71,0,0,300,300,300
Block,17,1,228.5,4.71,0,0,300,300,300
Block,-26,1,425.5,4.71,0,0,300,300,300
Block,-10,1,187,4.71,0,0,300,300,300
Block,-5,1,338.5,4.71,0,0,300,300,300
Block,-54,1,69,4.71,0,0,300,300,300
Block,-51,1,25,4.71,0,0,300,300,300
Block,4,-13,431.5,4.71,0,0,300,300,300
Block,13,1,350,4.71,0,0,300,300,300
Block,-16,1,125,4.71,0,0,300,300,300
Block,-11,1,273.5,4.71,0,0,300,300,300
Block,33,1,160.5,4.71,0,0,300,300,300
Block,4,-13,455.5,4.71,0,0,300,300,300
Block,44,-13,479,4.71,0,0,300,300,300
Block,-56,1,422.5,4.71,0,0,300,300,300
Block,4,1,300,4.71,0,0,300,300,300
Block,10,1,36.5,4.71,0,0,300,300,300
Block,65,-13,458,4.71,0,0,300,300,300
Block,-13,1,213.5,4.71,0,0,300,300,300
Block,10,-13,467,4.71,0,0,300,300,300
Block,11,1,169.5,4.71,0,0,300,300,300
Block,-35,1,473,4.71,0,0,300,300,300
Block,7,1,329.5,4.71,0,0,300,300,300
Block,7,1,33.5,4.71,0,0,300,300,300
Block,65,-13,452.5,4.71,0,0,300,300,300
Block,-14,1,-31.5,4.71,0,0,300,300,300
Block,-42,1,19,4.71,0,0,300,300,300
Block,26,1,160.5,4.71,0,0,300,300,300
Block,-60,1,19,4.71,0,0,300,300,300
Block,7,1,-19.5,4.71,0,0,300,300,300
Block,66,1,113,4.71,0,0,300,300,300
Block,25,1,368,4.71,0,0,300,300,300
Block,1,-13,458,4.71,0,0,300,300,300
Tree,-43.05,20.18,327.03,0,4.97,0,28.48,64.35,28.48
Block,7,1,36.5,4.71,0,0,300,300,300
Block,13,-13,434.5,4.71,0,0,300,300,300
Block,50,-13,411,4.71,0,0,300,300,300
Block,38,-13,414,4.71,0,0,300,300,300
Block,4,-13,378.5,4.71,0,0,300,300,300
Block,62,-13,440.5,4.71,0,0,300,300,300
Block,35,-13,482,4.71,0,0,300,300,300
Block,54,1,210.5,4.71,0,0,300,300,300
Block,7,1,353,4.71,0,0,300,300,300
Block,7,1,252.5,4.71,0,0,300,300,300
Block,4,-13,508.5,4.71,0,0,300,300,300
Block,-8,1,-49,4.71,0,0,300,300,300
Block,2,1,148.5,4.71,0,0,300,300,300
Block,-1,1,175,4.71,0,0,300,300,300
Block,-60,1,-49,4.71,0,0,300,300,300
Block,17,1,119,4.71,0,0,300,300,300
Block,59,-13,378.5,4.71,0,0,300,300,300
Block,4,1,241,4.71,0,0,300,300,300
Block,69,1,178,4.71,0,0,300,300,300
Block,-21,1,-31.5,4.71,0,0,300,300,300
Block,35,-13,411,4.71,0,0,300,300,300
Block,19,1,75,4.71,0,0,300,300,300
Block,13,-13,449.5,4.71,0,0,300,300,300
Block,42,1,166.5,4.71,0,0,300,300,300
Block,-50,1,446.5,4.71,0,0,300,300,300
Block,-27,1,-10.5,4.71,0,0,300,300,300
Block,19,1,90,4.71,0,0,300,300,300
Block,-29,1,437.5,4.71,0,0,300,300,300
Block,31,1,320.5,4.71,0,0,300,300,300
Block,16,1,51.5,4.71,0,0,300,300,300
Block,10,-13,422.5,4.71,0,0,300,300,300
Block,-48,1,-28.5,4.71,0,0,300,300,300
Block,66,1,142.5,4.71,0,0,300,300,300
Block,22,-13,479,4.71,0,0,300,300,300
Block,-5,1,-40,4.71,0,0,300,300,300
Block,-63,1,-19.5,4.71,0,0,300,300,300
Block,-14,1,-2,4.71,0,0,300,300,300
Block,-41,1,458,4.71,0,0,300,300,300
Block,7,1,344.5,4.71,0,0,300,300,300
Block,-57,1,-19.5,4.71,0,0,300,300,300
Block,5,1,125,4.71,0,0,300,300,300
Block,-48,1,42.5,4.71,0,0,300,300,300
Block,-50,1,420,4.71,0,0,300,300,300
Block,14,1,151.5,4.71,0,0,300,300,300
Block,59,-13,461,4.71,0,0,300,300,300
Block,48,1,208,4.71,0,0,300,300,300
Block,69,1,107,4.71,0,0,300,300,300
Block,16,1,249.5,4.71,0,0,300,300,300
Block,-36,1,-19.5,4.71,0,0,300,300,300
Block,23,1,213.5,4.71,0,0,300,300,300
Block,-30,1,87,4.71,0,0,300,300,300
Block,-42,1,31,4.71,0,0,300,300,300
Block,-45,1,60.5,4.71,0,0,300,300,300
Block,5,1,160.5,4.71,0,0,300,300,300
Block,-5,-13,467,4.71,0,0,300,300,300
Block,41,-13,408,4.71,0,0,300,300,300
Block,1,-13,493.5,4.71,0,0,300,300,300
Block,-48,1,-10.5,4.71,0,0,300,300,300
Block,50,-13,431.5,4.71,0,0,300,300,300
Block,36,1,190,4.71,0,0,300,300,300
Block,50,-13,375.5,4.71,0,0,300,300,300
Block,36,1,116,4.71,0,0,300,300,300
Block,62,-13,384.5,4.71,0,0,300,300,300
Block,20,1,157.5,4.71,0,0,300,300,300
Block,5,1,178,4.71,0,0,300,300,300
Block,-54,1,36.5,4.71,0,0,300,300,300
Block,10,1,232,4.71,0,0,300,300,300
Block,4,1,267.5,4.71,0,0,300,300,300
Block,22,1,353,4.71,0,0,300,300,300
Block,22,-13,493.5,4.71,0,0,300,300,300
Block,50,-13,461,4.71,0,0,300,300,300
Block,-14,1,-43,4.71,0,0,300,300,300
Block,-11,1,312,4.71,0,0,300,300,300
Block,1,1,288,4.71,0,0,300,300,300
Block,-57,1,-22.5,4.71,0,0,300,300,300
Block,10,1,353,4.71,0,0,300,300,300
Block,23,1,169.5,4.71,0,0,300,300,300
Block,-42,1,-28.5,4.71,0,0,300,300,300
Block,-8,1,84,4.71,0,0,300,300,300
Block,54,1,101.5,4.71,0,0,300,300,300
Block,47,-13,461,4.71,0,0,300,300,300
Block,-13,1,119,4.71,0,0,300,300,300
Block,-54,1,-43,4.71,0,0,300,300,300
Block,31,-13,476,4.71,0,0,300,300,300
Block,41,-13,482,4.71,0,0,300,300,300
Block,26,1,154.5,4.71,0,0,300,300,300
Block,33,1,187,4.71,0,0,300,300,300
Block,-21,1,78,4.71,0,0,300,300,300
Block,77,-13,431.5,4.71,0,0,300,300,300
Block,-54,1,13,4.71,0,0,300,300,300
Block,25,1,-49,4.71,0,0,300,300,300
Block,16,1,276.5,4.71,0,0,300,300,300
Block,-2,1,69,4.71,0,0,300,300,300
Block,-50,1,464,4.71,0,0,300,300,300
Block,45,1,202,4.71,0,0,300,300,300
Block,-29,1,387,4.71,0,0,300,300,300
Block,7,1,1,4.71,0,0,300,300,300
Block,72,1,225.5,4.71,0,0,300,300,300
Block,72,1,125,4.71,0,0,300,300,300
Block,-33,1,-31.5,4.71,0,0,300,300,300
Block,31,1,273.5,4.71,0,0,300,300,300
Block,2,1,116,4.71,0,0,300,300,300
Block,-8,-13,396,4.71,0,0,300,300,300
Block,28,1,294,4.71,0,0,300,300,300
Block,-38,1,443.5,4.71,0,0,300,300,300
Block,25,1,314.5,4.71,0,0,300,300,300
Block,16,1,31,4.71,0,0,300,300,300
Block,8,1,116,4.71,0,0,300,300,300
Block,-47,1,464,4.71,0,0,300,300,300
Block,-1,1,107,4.71,0,0,300,300,300
Block,59,-13,476,4.71,0,0,300,300,300
Block,41,-13,399,4.71,0,0,300,300,300
Block,4,1,273.5,4.71,0,0,300,300,300
Block,66,1,208,4.71,0,0,300,300,300
Block,-56,1,508.5,4.71,0,0,300,300,300
Block,-41,1,420,4.71,0,0,300,300,300
Block,-8,1,36.5,4.71,0,0,300,300,300
Tree,74.49,20.18,284.66,0,1.05,0,28.48,64.35,28.48
Block,62,-13,496.5,4.71,0,0,300,300,300
Block,-41,1,437.5,4.71,0,0,300,300,300
Block,10,1,285,4.71,0,0,300,300,300
Block,-41,1,384.5,4.71,0,0,300,300,300
Block,68,-13,446.5,4.71,0,0,300,300,300
Block,44,-13,381.5,4.71,0,0,300,300,300
Block,10,1,314.5,4.71,0,0,300,300,300
Block,-44,1,491,4.71,0,0,300,300,300
Block,22,1,87,4.71,0,0,300,300,300
Block,-63,1,-2,4.71,0,0,300,300,300
Block,13,1,31,4.71,0,0,300,300,300
Block,-2,-13,417,4.71,0,0,300,300,300
Block,36,1,202,4.71,0,0,300,300,300
Block,47,-13,482,4.71,0,0,300,300,300
Block,10,1,66.5,4.71,0,0,300,300,300
Block,-2,1,282,4.71,0,0,300,300,300
Block,-11,1,235,4.71,0,0,300,300,300
Block,-8,1,303,4.71,0,0,300,300,300
Block,-21,1,-49,4.71,0,0,300,300,300
Tree,-2,13,504.14,0,0,0,28.48,64.35,28.48
Block,23,1,104,4.71,0,0,300,300,300
Block,56,-13,467,4.71,0,0,300,300,300
Block,30,1,125,4.71,0,0,300,300,300
Block,13,1,4,4.71,0,0,300,300,300
Block,7,1,264.5,4.71,0,0,300,300,300
Block,-26,1,458,4.71,0,0,300,300,300
Block,1,1,261.5,4.71,0,0,300,300,300
Block,50,-13,473,4.71,0,0,300,300,300
Block,10,1,-4.5,4.71,0,0,300,300,300
Block,31,1,279,4.71,0,0,300,300,300
Block,-32,1,476,4.71,0,0,300,300,300
Block,-38,1,461,4.71,0,0,300,300,300
Block,13,1,78,4.71,0,0,300,300,300
Block,22,1,22,4.71,0,0,300,300,300
Block,22,1,362,4.71,0,0,300,300,300
Block,2,1,92.5,4.71,0,0,300,300,300
Block,-2,1,350,4.71,0,0,300,300,300
Block,-20,1,467,4.71,0,0,300,300,300
Block,22,1,320.5,4.71,0,0,300,300,300
Block,50,-13,455.5,4.71,0,0,300,300,300
Block,1,1,39.5,4.71,0,0,300,300,300
Block,10,1,-49,4.71,0,0,300,300,300
Block,-39,1,-34.5,4.71,0,0,300,300,300
Tree,-37.06,13,504.14,0,0,0,28.48,64.35,28.48
Block,39,1,98.5,4.71,0,0,300,300,300
Block,-8,-13,384.5,4.71,0,0,300,300,300
Block,-57,1,72,4.71,0,0,300,300,300
Block,13,1,255.5,4.71,0,0,300,300,300
Block,-8,1,294,4.71,0,0,300,300,300
Block,10,-13,402,4.71,0,0,300,300,300
Block,-2,-13,378.5,4.71,0,0,300,300,300
Block,8,1,154.5,4.71,0,0,300,300,300
Block,19,1,264.5,4.71,0,0,300,300,300
Block,25,1,54.5,4.71,0,0,300,300,300
Block,54,1,222.5,4.71,0,0,300,300,300
Block,13,1,258.5,4.71,0,0,300,300,300
Block,-48,1,-37.5,4.71,0,0,300,300,300
Block,-17,1,39.5,4.71,0,0,300,300,300
Block,-45,1,81,4.71,0,0,300,300,300
Block,13,-13,461,4.71,0,0,300,300,300
Block,39,1,116,4.71,0,0,300,300,300
Block,-23,1,431.5,4.71,0,0,300,300,300
Block,7,1,238,4.71,0,0,300,300,300
Block,19,1,329.5,4.71,0,0,300,300,300
Block,14,1,175,4.71,0,0,300,300,300
Block,-13,1,137,4.71,0,0,300,300,300
Block,38,-13,476,4.71,0,0,300,300,300
Block,-1,1,139.5,4.71,0,0,300,300,300
Block,-8,1,10,4.71,0,0,300,300,300
Block,1,1,300,4.71,0,0,300,300,300
Block,-17,1,51.5,4.71,0,0,300,300,300
Block,-39,1,-37.5,4.71,0,0,300,300,300
Block,30,1,202,4.71,0,0,300,300,300
Block,25,-13,461,4.71,0,0,300,300,300
Block,-21,1,60.5,4.71,0,0,300,300,300
Block,4,-13,402,4.71,0,0,300,300,300
Block,5,1,169.5,4.71,0,0,300,300,300
Block,-14,1,399,4.71,0,0,300,300,300
Block,19,1,270.5,4.71,0,0,300,300,300
Block,48,1,225.5,4.71,0,0,300,300,300
Block,16,-13,488,4.71,0,0,300,300,300
Block,51,1,104,4.71,0,0,300,300,300
Block,72,1,113,4.71,0,0,300,300,300
Block,38,-13,411,4.71,0,0,300,300,300
Block,39,1,145.5,4.71,0,0,300,300,300
Block,10,-13,470,4.71,0,0,300,300,300
Block,-11,-13,452.5,4.71,0,0,300,300,300
Block,60,1,142.5,4.71,0,0,300,300,300
Block,7,1,368,4.71,0,0,300,300,300
Block,-10,1,119,4.71,0,0,300,300,300
Block,22,1,-19.5,4.71,0,0,300,300,300
Block,7,1,75,4.71,0,0,300,300,300
Block,16,-13,399,4.71,0,0,300,300,300
Block,-54,1,51.5,4.71,0,0,300,300,300
Block,11,1,222.5,4.71,0,0,300,300,300
Block,19,-13,393,4.71,0,0,300,300,300
Block,19,1,-25.5,4.71,0,0,300,300,300
Block,2,1,125,4.71,0,0,300,300,300
Block,53,-13,390,4.71,0,0,300,300,300
Block,47,-13,425.5,4.71,0,0,300,300,300
Block,47,-13,514.5,4.71,0,0,300,300,300
Block,13,-13,437.5,4.71,0,0,300,300,300
Block,-14,1,87,4.71,0,0,300,300,300
Block,-35,1,434.5,4.71,0,0,300,300,300
Block,-30,1,16,4.71,0,0,300,300,300
Block,8,1,113,4.71,0,0,300,300,300
Block,-20,1,508.5,4.71,0,0,300,300,300
Block,13,1,22,4.71,0,0,300,300,300
Block,50,-13,408,4.71,0,0,300,300,300
Block,45,1,160.5,4.71,0,0,300,300,300
Block,7,1,335.5,4.71,0,0,300,300,300
Block,-32,1,470,4.71,0,0,300,300,300
Block,11,1,216.5,4.71,0,0,300,300,300
Block,20,1,142.5,4.71,0,0,300,300,300
Block,-7,1,131,4.71,0,0,300,300,300
Block,71,-13,440.5,4.71,0,0,300,300,300
Block,35,-13,479,4.71,0,0,300,300,300
Block,7,-13,491,4.71,0,0,300,300,300
Block,4,1,246.5,4.71,0,0,300,300,300
Block,77,-13,381.5,4.71,0,0,300,300,300
Block,-2,-13,428.5,4.71,0,0,300,300,300
Block,59,-13,440.5,4.71,0,0,300,300,300
Block,-23,1,417,4.71,0,0,300,300,300
Block,-60,1,-2,4.71,0,0,300,300,300
Block,77,-13,378.5,4.71,0,0,300,300,300
Block,65,-13,417,4.71,0,0,300,300,300
Block,-5,-13,431.5,4.71,0,0,300,300,300
Block,2,1,154.5,4.71,0,0,300,300,300
Block,-8,-13,499.5,4.71,0,0,300,300,300
Block,-5,1,235,4.71,0,0,300,300,300
Block,4,1,19,4.71,0,0,300,300,300
Block,13,-13,476,4.71,0,0,300,300,300
Block,4,1,264.5,4.71,0,0,300,300,300
Block,23,1,225.5,4.71,0,0,300,300,300
Block,25,1,-28.5,4.71,0,0,300,300,300
Block,60,1,160.5,4.71,0,0,300,300,300
Block,-35,1,420,4.71,0,0,300,300,300
Block,47,-13,408,4.71,0,0,300,300,300
Block,-8,1,232,4.71,0,0,300,300,300
Block,-54,1,22,4.71,0,0,300,300,300
Block,-11,-13,514.5,4.71,0,0,300,300,300
Block,-11,1,-19.5,4.71,0,0,300,300,300
Block,65,-13,496.5,4.71,0,0,300,300,300
Block,-20,1,396,4.71,0,0,300,300,300
Block,69,1,184,4.71,0,0,300,300,300
Block,22,-13,467,4.71,0,0,300,300,300
Block,28,-13,390,4.71,0,0,300,300,300
Block,31,1,264.5,4.71,0,0,300,300,300
Block,63,1,213.5,4.71,0,0,300,300,300
Block,13,1,36.5,4.71,0,0,300,300,300
Block,36,1,110,4.71,0,0,300,300,300
Block,-30,1,57.5,4.71,0,0,300,300,300
Block,-60,1,16,4.71,0,0,300,300,300
Block,48,1,222.5,4.71,0,0,300,300,300
Block,-41,1,461,4.71,0,0,300,300,300
Block,-57,1,-25.5,4.71,0,0,300,300,300
Block,-29,1,467,4.71,0,0,300,300,300
Block,-53,1,402,4.71,0,0,300,300,300
Block,22,1,258.5,4.71,0,0,300,300,300
Block,-4,1,196,4.71,0,0,300,300,300
Block,-41,1,467,4.71,0,0,300,300,300
Block,56,-13,470,4.71,0,0,300,300,300
Block,-44,1,443.5,4.71,0,0,300,300,300
Block,65,-13,405,4.71,0,0,300,300,300
Block,19,1,4,4.71,0,0,300,300,300
Block,-48,1,81,4.71,0,0,300,300,300
Block,4,-13,417,4.71,0,0,300,300,300
Block,31,1,314.5,4.71,0,0,300,300,300
Block,-44,1,399,4.71,0,0,300,300,300
Block,8,1,231.5,4.71,0,0,300,300,300
Block,-5,-13,399,4.71,0,0,300,300,300
Block,25,-13,420,4.71,0,0,300,300,300
Block,-26,1,437.5,4.71,0,0,300,300,300
Block,-63,1,1,4.71,0,0,300,300,300
Block,41,-13,375.5,4.71,0,0,300,300,300
Block,-17,1,425.5,4.71,0,0,300,300,300
Block,45,1,151.5,4.71,0,0,300,300,300
Block,-45,1,42.5,4.71,0,0,300,300,300
Block,-35,1,390,4.71,0,0,300,300,300
Block,2,1,175,4.71,0,0,300,300,300
Block,-47,1,408,4.71,0,0,300,300,300
Block,-8,-13,443.5,4.71,0,0,300,300,300
Block,-41,1,491,4.71,0,0,300,300,300
Block,-51,1,81,4.71,0,0,300,300,300
Block,-1,1,199,4.71,0,0,300,300,300
Block,74,-13,443.5,4.71,0,0,300,300,300
Block,-8,-13,402,4.71,0,0,300,300,300
Block,31,1,309,4.71,0,0,300,300,300
Block,14,1,122,4.71,0,0,300,300,300
Block,41,-13,505.5,4.71,0,0,300,300,300
Block,-26,1,511.5,4.71,0,0,300,300,300
Block,-41,1,396,4.71,0,0,300,300,300
Block,57,1,225.5,4.71,0,0,300,300,300
Block,-57,1,-7.5,4.71,0,0,300,300,300
Block,20,1,231.5,4.71,0,0,300,300,300
Block,-56,1,402,4.71,0,0,300,300,300
Block,-8,1,66.5,4.71,0,0,300,300,300
Block,16,1,350,4.71,0,0,300,300,300
Block,5,1,210.5,4.71,0,0,300,300,300
Block,13,-13,387,4.71,0,0,300,300,300
Block,-63,1,90,4.71,0,0,300,300,300
Block,22,-13,431.5,4.71,0,0,300,300,300
Block,-17,1,482,4.71,0,0,300,300,300
Block,-35,1,417,4.71,0,0,300,300,300
Block,-26,1,408,4.71,0,0,300,300,300
Block,13,1,249.5,4.71,0,0,300,300,300
Block,65,-13,446.5,4.71,0,0,300,300,300
Block,19,-13,488,4.71,0,0,300,300,300
Block,42,1,128,4.71,0,0,300,300,300
Block,-53,1,514.5,4.71,0,0,300,300,300
Block,-5,-13,437.5,4.71,0,0,300,300,300
Block,-11,-13,411,4.71,0,0,300,300,300
Block,10,1,270.5,4.71,0,0,300,300,300
Block,-2,1,279,4.71,0,0,300,300,300
Block,54,1,104,4.71,0,0,300,300,300
Block,-8,1,48.5,4.71,0,0,300,300,300
Block,48,1,178,4.71,0,0,300,300,300
Block,-27,1,-25.5,4.71,0,0,300,300,300
Block,-7,1,157.5,4.71,0,0,300,300,300
Block,-32,1,491,4.71,0,0,300,300,300
Block,-45,1,19,4.71,0,0,300,300,300
Block,10,1,-40,4.71,0,0,300,300,300
Block,53,-13,493.5,4.71,0,0,300,300,300
Block,-30,1,81,4.71,0,0,300,300,300
Block,-29,1,399,4.71,0,0,300,300,300
Block,1,1,258.5,4.71,0,0,300,300,300
Block,74,-13,384.5,4.71,0,0,300,300,300
Block,-53,1,488,4.71,0,0,300,300,300
Block,51,1,145.5,4.71,0,0,300,300,300
Block,7,1,-28.5,4.71,0,0,300,300,300
Block,28,-13,467,4.71,0,0,300,300,300
Block,-13,1,193,4.71,0,0,300,300,300
Block,44,-13,508.5,4.71,0,0,300,300,300
Block,-42,1,-4.5,4.71,0,0,300,300,300
Block,54,1,219.5,4.71,0,0,300,300,300
Block,26,1,213.5,4.71,0,0,300,300,300
Block,-33,1,-40,4.71,0,0,300,300,300
Block,-11,-13,458,4.71,0,0,300,300,300
Block,4,1,87,4.71,0,0,300,300,300
Block,33,1,190,4.71,0,0,300,300,300
Block,57,1,210.5,4.71,0,0,300,300,300
Block,10,1,16,4.71,0,0,300,300,300
Block,50,-13,440.5,4.71,0,0,300,300,300
Block,13,1,28,4.71,0,0,300,300,300
Block,42,1,151.5,4.71,0,0,300,300,300
Block,4,1,314.5,4.71,0,0,300,300,300
Block,26,1,169.5,4.71,0,0,300,300,300
Block,-54,1,1,4.71,0,0,300,300,300
Block,60,1,154.5,4.71,0,0,300,300,300
Block,47,-13,375.5,4.71,0,0,300,300,300
Block,-30,1,-19.5,4.71,0,0,300,300,300
Block,-5,-13,488,4.71,0,0,300,300,300
Block,-54,1,-13.5,4.71,0,0,300,300,300
Block,22,1,33.5,4.71,0,0,300,300,300
Block,-48,1,-25.5,4.71,0,0,300,300,300
Block,-44,1,473,4.71,0,0,300,300,300
Block,-41,1,449.5,4.71,0,0,300,300,300
Block,31,-13,443.5,4.71,0,0,300,300,300
Block,30,1,169.5,4.71,0,0,300,300,300
Block,-48,1,16,4.71,0,0,300,300,300
Block,13,-13,420,4.71,0,0,300,300,300
Block,23,1,125,4.71,0,0,300,300,300
Block,-48,1,51.5,4.71,0,0,300,300,300
Block,59,-13,446.5,4.71,0,0,300,300,300
Block,-57,1,22,4.71,0,0,300,300,300
Block,8,1,169.5,4.71,0,0,300,300,300
Block,4,1,338.5,4.71,0,0,300,300,300
Block,31,1,252.5,4.71,0,0,300,300,300
Block,69,1,231.5,4.71,0,0,300,300,300
Block,63,1,190,4.71,0,0,300,300,300
Block,-8,-13,425.5,4.71,0,0,300,300,300
Block,33,1,151.5,4.71,0,0,300,300,300
Block,-57,1,54.5,4.71,0,0,300,300,300
Block,-11,-13,399,4.71,0,0,300,300,300
Block,-13,1,95.5,4.71,0,0,300,300,300
Block,63,1,219.5,4.71,0,0,300,300,300
Block,-42,1,-43,4.71,0,0,300,300,300
Block,30,1,219.5,4.71,0,0,300,300,300
Block,25,-13,467,4.71,0,0,300,300,300
Block,39,1,157.5,4.71,0,0,300,300,300
Block,17,1,163.5,4.71,0,0,300,300,300
Block,-39,1,22,4.71,0,0,300,300,300
Block,-4,1,113,4.71,0,0,300,300,300
Block,63,1,142.5,4.71,0,0,300,300,300
Block,4,-13,393,4.71,0,0,300,300,300
Block,-14,1,16,4.71,0,0,300,300,300
Block,-2,1,31,4.71,0,0,300,300,300
Block,-24,1,-7.5,4.71,0,0,300,300,300
Block,-60,1,54.5,4.71,0,0,300,300,300
Block,-29,1,422.5,4.71,0,0,300,300,300
Block,62,-13,408,4.71,0,0,300,300,300
Block,-60,1,-7.5,4.71,0,0,300,300,300
Block,16,-13,455.5,4.71,0,0,300,300,300
Block,-56,1,452.5,4.71,0,0,300,300,300
Block,16,-13,425.5,4.71,0,0,300,300,300
Block,5,1,222.5,4.71,0,0,300,300,300
Block,-5,1,-25.5,4.71,0,0,300,300,300
Block,22,1,13,4.71,0,0,300,300,300
Block,-60,1,60.5,4.71,0,0,300,300,300
Block,10,1,320.5,4.71,0,0,300,300,300
Block,-11,1,25,4.71,0,0,300,300,300
Block,-14,1,375.5,4.71,0,0,300,300,300
Block,48,1,181,4.71,0,0,300,300,300
Block,20,1,131,4.71,0,0,300,300,300
Block,10,1,22,4.71,0,0,300,300,300
Block,47,-13,393,4.71,0,0,300,300,300
Block,25,-13,417,4.71,0,0,300,300,300
Block,-39,1,-16.5,4.71,0,0,300,300,300
Block,57,1,175,4.71,0,0,300,300,300
Block,33,1,213.5,4.71,0,0,300,300,300
Block,7,-13,431.5,4.71,0,0,300,300,300
Block,23,1,219.5,4.71,0,0,300,300,300
Block,-30,1,-28.5,4.71,0,0,300,300,300
Block,50,-13,434.5,4.71,0,0,300,300,300
Block,1,1,238,4.71,0,0,300,300,300
Block,-8,1,276.5,4.71,0,0,300,300,300
Block,8,1,228.5,4.71,0,0,300,300,300
Block,62,-13,482,4.71,0,0,300,300,300
Block,36,1,163.5,4.71,0,0,300,300,300
Block,56,-13,505.5,4.71,0,0,300,300,300
Block,-21,1,-10.5,4.71,0,0,300,300,300
Block,-1,1,116,4.71,0,0,300,300,300
Block,25,-13,505.5,4.71,0,0,300,300,300
Block,22,-13,470,4.71,0,0,300,300,300
Block,4,1,69,4.71,0,0,300,300,300
Block,7,-13,467,4.71,0,0,300,300,300
Block,13,-13,393,4.71,0,0,300,300,300
Block,30,1,95.5,4.71,0,0,300,300,300
Block,-11,1,356,4.71,0,0,300,300,300
Block,-5,1,-46,4.71,0,0,300,300,300
Block,-32,1,452.5,4.71,0,0,300,300,300
Block,65,-13,431.5,4.71,0,0,300,300,300
Block,-17,1,-37.5,4.71,0,0,300,300,300
Block,7,1,7,4.71,0,0,300,300,300
Block,60,1,92.5,4.71,0,0,300,300,300
Block,38,-13,488,4.71,0,0,300,300,300
Block,-50,1,493.5,4.71,0,0,300,300,300
Block,33,1,142.5,4.71,0,0,300,300,300
Block,-5,1,19,4.71,0,0,300,300,300
Block,-42,1,33.5,4.71,0,0,300,300,300
Block,54,1,113,4.71,0,0,300,300,300
Block,62,-13,446.5,4.71,0,0,300,300,300
Block,25,1,25,4.71,0,0,300,300,300
Block,5,1,148.5,4.71,0,0,300,300,300
Block,-1,1,166.5,4.71,0,0,300,300,300
Block,-63,1,-46,4.71,0,0,300,300,300
Block,54,1,110,4.71,0,0,300,300,300
Block,38,-13,405,4.71,0,0,300,300,300
Block,36,1,205,4.71,0,0,300,300,300
Block,-8,-13,375.5,4.71,0,0,300,300,300
Block,4,-13,381.5,4.71,0,0,300,300,300
Block,31,-13,511.5,4.71,0,0,300,300,300
Block,60,1,213.5,4.71,0,0,300,300,300
Block,-13,1,113,4.71,0,0,300,300,300
Block,-56,1,511.5,4.71,0,0,300,300,300
Block,-41,1,434.5,4.71,0,0,300,300,300
Block,-47,1,461,4.71,0,0,300,300,300
Block,19,1,312,4.71,0,0,300,300,300
Block,31,-13,375.5,4.71,0,0,300,300,300
Block,-14,1,449.5,4.71,0,0,300,300,300
Block,-23,1,411,4.71,0,0,300,300,300
Block,10,1,45.5,4.71,0,0,300,300,300
Block,69,1,187,4.71,0,0,300,300,300
Block,71,-13,375.5,4.71,0,0,300,300,300
Block,50,-13,384.5,4.71,0,0,300,300,300
Grass,-26.45,6.27,161.77,0,0,0,11,11,11
Block,68,-13,479,4.71,0,0,300,300,300
Block,28,-13,464,4.71,0,0,300,300,300
Block,-39,1,-43,4.71,0,0,300,300,300
Block,4,1,303,4.71,0,0,300,300,300
Block,-54,1,-34.5,4.71,0,0,300,300,300
Block,50,-13,508.5,4.71,0,0,300,300,300
Block,16,1,329.5,4.71,0,0,300,300,300
Block,71,-13,420,4.71,0,0,300,300,300
Block,-2,-13,387,4.71,0,0,300,300,300
Block,-4,1,122,4.71,0,0,300,300,300
Block,-11,1,285,4.71,0,0,300,300,300
Block,-38,1,455.5,4.71,0,0,300,300,300
Block,13,1,51.5,4.71,0,0,300,300,300
Block,-5,1,335.5,4.71,0,0,300,300,300
Block,26,1,148.5,4.71,0,0,300,300,300
Block,-8,1,267.5,4.71,0,0,300,300,300
Block,-54,1,63.5,4.71,0,0,300,300,300
Block,5,1,101.5,4.71,0,0,300,300,300
Block,-11,1,261.5,4.71,0,0,300,300,300
Block,7,1,320.5,4.71,0,0,300,300,300
Block,28,1,255.5,4.71,0,0,300,300,300
Block,16,-13,417,4.71,0,0,300,300,300
Block,69,1,131,4.71,0,0,300,300,300
Block,-5,1,350,4.71,0,0,300,300,300
Block,-5,1,22,4.71,0,0,300,300,300
Block,-33,1,63.5,4.71,0,0,300,300,300
Block,30,1,98.5,4.71,0,0,300,300,300
Block,-2,1,-46,4.71,0,0,300,300,300
Block,-8,-13,458,4.71,0,0,300,300,300
Block,-56,1,491,4.71,0,0,300,300,300
Block,41,-13,396,4.71,0,0,300,300,300
Block,-54,1,57.5,4.71,0,0,300,300,300
Block,-23,1,437.5,4.71,0,0,300,300,300
Block,7,-13,417,4.71,0,0,300,300,300
Block,63,1,95.5,4.71,0,0,300,300,300
Block,36,1,154.5,4.71,0,0,300,300,300
Block,56,-13,491,4.71,0,0,300,300,300
Block,22,1,-16.5,4.71,0,0,300,300,300
Block,-50,1,473,4.71,0,0,300,300,300
Block,33,1,169.5,4.71,0,0,300,300,300
Block,77,-13,502.5,4.71,0,0,300,300,300
Block,-5,1,-37.5,4.71,0,0,300,300,300
Block,1,-13,405,4.71,0,0,300,300,300
Block,-4,1,190,4.71,0,0,300,300,300
Block,-48,1,28,4.71,0,0,300,300,300
Block,25,1,359,4.71,0,0,300,300,300
Block,19,1,13,4.71,0,0,300,300,300
Block,-53,1,390,4.71,0,0,300,300,300
Block,19,1,365,4.71,0,0,300,300,300
Block,-26,1,493.5,4.71,0,0,300,300,300
Block,-5,-13,375.5,4.71,0,0,300,300,300
Block,-7,1,190,4.71,0,0,300,300,300
Block,-48,1,84,4.71,0,0,300,300,300
Block,41,-13,470,4.71,0,0,300,300,300
Block,19,1,1,4.71,0,0,300,300,300
Block,-14,1,-46,4.71,0,0,300,300,300
Block,-17,1,75,4.71,0,0,300,300,300
Block,28,-13,425.5,4.71,0,0,300,300,300
Block,10,1,323.5,4.71,0,0,300,300,300
Block,-56,1,417,4.71,0,0,300,300,300
Block,69,1,208,4.71,0,0,300,300,300
Block,31,-13,417,4.71,0,0,300,300,300
Block,19,1,362,4.71,0,0,300,300,300
Block,-11,1,249.5,4.71,0,0,300,300,300
Block,-17,1,378.5,4.71,0,0,300,300,300
Block,7,1,42.5,4.71,0,0,300,300,300
Block,-63,1,48.5,4.71,0,0,300,300,300
Block,42,1,190,4.71,0,0,300,300,300
Block,16,1,338.5,4.71,0,0,300,300,300
Block,30,1,231.5,4.71,0,0,300,300,300
Block,-30,1,4,4.71,0,0,300,300,300
Block,11,1,131,4.71,0,0,300,300,300
Block,-47,1,479,4.71,0,0,300,300,300
Block,69,1,154.5,4.71,0,0,300,300,300
Block,-5,1,282,4.71,0,0,300,300,300
Block,2,1,160.5,4.71,0,0,300,300,300
Block,5,1,119,4.71,0,0,300,300,300
Block,22,-13,381.5,4.71,0,0,300,300,300
Block,-36,1,66.5,4.71,0,0,300,300,300
Block,-1,1,145.5,4.71,0,0,300,300,300
Block,19,-13,378.5,4.71,0,0,300,300,300
Block,-56,1,476,4.71,0,0,300,300,300
Block,16,1,13,4.71,0,0,300,300,300
Block,-24,1,84,4.71,0,0,300,300,300
Block,-2,-13,408,4.71,0,0,300,300,300
Block,14,1,210.5,4.71,0,0,300,300,300
Block,4,1,-43,4.71,0,0,300,300,300
Block,33,1,157.5,4.71,0,0,300,300,300
Block,42,1,163.5,4.71,0,0,300,300,300
Block,31,-13,482,4.71,0,0,300,300,300
Block,-8,1,22,4.71,0,0,300,300,300
Block,-11,1,-31.5,4.71,0,0,300,300,300
Block,-24,1,13,4.71,0,0,300,300,300
Block,-5,1,-43,4.71,0,0,300,300,300
Block,33,1,128,4.71,0,0,300,300,300
Block,4,-13,449.5,4.71,0,0,300,300,300
Block,44,-13,449.5,4.71,0,0,300,300,300
Block,60,1,202,4.71,0,0,300,300,300
Block,77,-13,461,4.71,0,0,300,300,300
Block,4,-13,428.5,4.71,0,0,300,300,300
Block,44,-13,458,4.71,0,0,300,300,300
Block,25,1,261.5,4.71,0,0,300,300,300
Block,10,-13,428.5,4.71,0,0,300,300,300
Block,33,1,134,4.71,0,0,300,300,300
Block,19,-13,440.5,4.71,0,0,300,300,300
Block,19,1,36.5,4.71,0,0,300,300,300
Block,1,1,63.5,4.71,0,0,300,300,300
Block,60,1,181,4.71,0,0,300,300,300
Block,10,1,51.5,4.71,0,0,300,300,300
Block,-60,1,87,4.71,0,0,300,300,300
Block,10,1,-22.5,4.71,0,0,300,300,300
Block,-54,1,72,4.71,0,0,300,300,300
Block,28,-13,387,4.71,0,0,300,300,300
Block,-5,1,291,4.71,0,0,300,300,300
Block,-42,1,87,4.71,0,0,300,300,300
Block,50,-13,422.5,4.71,0,0,300,300,300
Grass,7.55,0.27,392.77,0,0,0,11,11,11
Block,5,1,137,4.71,0,0,300,300,300
Block,5,1,98.5,4.71,0,0,300,300,300
Block,60,1,210.5,4.71,0,0,300,300,300
Block,-5,-13,482,4.71,0,0,300,300,300
Block,-17,1,31,4.71,0,0,300,300,300
Block,47,-13,479,4.71,0,0,300,300,300
Block,19,1,258.5,4.71,0,0,300,300,300
Block,19,1,19,4.71,0,0,300,300,300
Block,25,1,-16.5,4.71,0,0,300,300,300
Block,-35,1,491,4.71,0,0,300,300,300
Block,1,1,66.5,4.71,0,0,300,300,300
Block,74,-13,431.5,4.71,0,0,300,300,300
Block,-21,1,75,4.71,0,0,300,300,300
Block,13,1,232,4.71,0,0,300,300,300
Block,-44,1,384.5,4.71,0,0,300,300,300
Block,38,-13,452.5,4.71,0,0,300,300,300
Block,-16,1,116,4.71,0,0,300,300,300
Block,25,-13,458,4.71,0,0,300,300,300
Block,-63,1,25,4.71,0,0,300,300,300
Block,-2,-13,449.5,4.71,0,0,300,300,300
Block,41,-13,417,4.71,0,0,300,300,300
Block,-39,1,57.5,4.71,0,0,300,300,300
Block,26,1,98.5,4.71,0,0,300,300,300
Block,44,-13,411,4.71,0,0,300,300,300
Block,1,1,312,4.71,0,0,300,300,300
Block,-35,1,502.5,4.71,0,0,300,300,300
Block,63,1,122,4.71,0,0,300,300,300
Block,-27,1,-37.5,4.71,0,0,300,300,300
Block,33,1,172.5,4.71,0,0,300,300,300
Block,25,1,329.5,4.71,0,0,300,300,300
Block,-2,1,238,4.71,0,0,300,300,300
Block,-38,1,414,4.71,0,0,300,300,300
Block,-53,1,405,4.71,0,0,300,300,300
Grass,46.55,6.27,33.77,0,0,0,11,11,11
Block,33,1,125,4.71,0,0,300,300,300
Block,-1,1,128,4.71,0,0,300,300,300
Block,7,1,84,4.71,0,0,300,300,300
Grass,-60.45,6.27,40.77,0,0,0,11,11,11
Block,-13,1,139.5,4.71,0,0,300,300,300
Block,77,-13,455.5,4.71,0,0,300,300,300
Block,60,1,178,4.71,0,0,300,300,300
Block,20,1,98.5,4.71,0,0,300,300,300
Block,23,1,163.5,4.71,0,0,300,300,300
Block,-53,1,476,4.71,0,0,300,300,300
Block,77,-13,467,4.71,0,0,300,300,300
Block,7,1,312,4.71,0,0,300,300,300
Block,7,1,276.5,4.71,0,0,300,300,300
Block,-5,1,267.5,4.71,0,0,300,300,300
Block,31,-13,458,4.71,0,0,300,300,300
Block,4,1,243.5,4.71,0,0,300,300,300
Block,-26,1,384.5,4.71,0,0,300,300,300
Block,-5,-13,440.5,4.71,0,0,300,300,300
Block,-14,1,-37.5,4.71,0,0,300,300,300
Block,44,-13,378.5,4.71,0,0,300,300,300
Block,-11,1,246.5,4.71,0,0,300,300,300
Block,13,-13,399,4.71,0,0,300,300,300
Block,31,-13,422.5,4.71,0,0,300,300,300
Block,-35,1,428.5,4.71,0,0,300,300,300
Block,4,1,344.5,4.71,0,0,300,300,300
Block,-63,1,-28.5,4.71,0,0,300,300,300
Block,25,1,258.5,4.71,0,0,300,300,300
Block,66,1,119,4.71,0,0,300,300,300
Block,-45,1,-7.5,4.71,0,0,300,300,300
Block,59,-13,479,4.71,0,0,300,300,300
Block,-33,1,4,4.71,0,0,300,300,300
Block,63,1,131,4.71,0,0,300,300,300
Block,4,1,288,4.71,0,0,300,300,300
Block,-35,1,458,4.71,0,0,300,300,300
Block,47,-13,452.5,4.71,0,0,300,300,300
Block,-60,1,-10.5,4.71,0,0,300,300,300
Block,13,-13,479,4.71,0,0,300,300,300
Block,28,1,270.5,4.71,0,0,300,300,300
Block,13,1,42.5,4.71,0,0,300,300,300
Block,-54,1,84,4.71,0,0,300,300,300
Block,10,1,54.5,4.71,0,0,300,300,300
Block,59,-13,428.5,4.71,0,0,300,300,300
Block,59,-13,411,4.71,0,0,300,300,300
Block,-2,1,42.5,4.71,0,0,300,300,300
Block,-5,-13,493.5,4.71,0,0,300,300,300
Block,-48,1,-46,4.71,0,0,300,300,300
Block,44,-13,455.5,4.71,0,0,300,300,300
Block,17,1,128,4.71,0,0,300,300,300
Block,13,1,243.5,4.71,0,0,300,300,300
Block,10,1,243.5,4.71,0,0,300,300,300
Block,-8,1,241,4.71,0,0,300,300,300
Block,-5,1,-34.5,4.71,0,0,300,300,300
Block,-56,1,496.5,4.71,0,0,300,300,300
Block,4,1,-19.5,4.71,0,0,300,300,300
Block,7,-13,502.5,4.71,0,0,300,300,300
Grass,52.55,6.27,80.77,0,0,0,11,11,11
Block,33,1,137,4.71,0,0,300,300,300
Block,19,1,273.5,4.71,0,0,300,300,300
Block,63,1,231.5,4.71,0,0,300,300,300
Block,26,1,128,4.71,0,0,300,300,300
Block,-1,1,190,4.71,0,0,300,300,300
Block,-11,1,344.5,4.71,0,0,300,300,300
Block,74,-13,440.5,4.71,0,0,300,300,300
Block,-63,1,69,4.71,0,0,300,300,300
Block,-17,1,84,4.71,0,0,300,300,300
Block,23,1,101.5,4.71,0,0,300,300,300
Block,68,-13,417,4.71,0,0,300,300,300
Block,-57,1,-16.5,4.71,0,0,300,300,300
Block,5,1,213.5,4.71,0,0,300,300,300
Block,-5,-13,384.5,4.71,0,0,300,300,300
Block,50,-13,446.5,4.71,0,0,300,300,300
Block,7,-13,473,4.71,0,0,300,300,300
Block,68,-13,411,4.71,0,0,300,300,300
Block,-16,1,199,4.71,0,0,300,300,300
Block,19,1,255.5,4.71,0,0,300,300,300
Block,31,1,300,4.71,0,0,300,300,300
Block,19,1,282,4.71,0,0,300,300,300
Block,77,-13,396,4.71,0,0,300,300,300
Block,42,1,181,4.71,0,0,300,300,300
Block,-53,1,378.5,4.71,0,0,300,300,300
Block,77,-13,485,4.71,0,0,300,300,300
Block,45,1,166.5,4.71,0,0,300,300,300
Block,69,1,122,4.71,0,0,300,300,300
Block,31,-13,508.5,4.71,0,0,300,300,300
Block,10,1,84,4.71,0,0,300,300,300
Block,69,1,213.5,4.71,0,0,300,300,300
Block,-2,1,-28.5,4.71,0,0,300,300,300
Block,1,1,368,4.71,0,0,300,300,300
Block,31,1,249.5,4.71,0,0,300,300,300
Block,7,1,45.5,4.71,0,0,300,300,300
Block,-36,1,-49,4.71,0,0,300,300,300
Block,-41,1,431.5,4.71,0,0,300,300,300
Block,68,-13,455.5,4.71,0,0,300,300,300
Block,-29,1,378.5,4.71,0,0,300,300,300
Block,71,-13,493.5,4.71,0,0,300,300,300
Block,-10,1,142.5,4.71,0,0,300,300,300
Block,-57,1,-49,4.71,0,0,300,300,300
Block,17,1,190,4.71,0,0,300,300,300
Block,13,-13,414,4.71,0,0,300,300,300
Block,59,-13,505.5,4.71,0,0,300,300,300
Block,31,1,332.5,4.71,0,0,300,300,300
Block,26,1,193,4.71,0,0,300,300,300
Block,13,1,7,4.71,0,0,300,300,300
Block,2,1,187,4.71,0,0,300,300,300
Block,48,1,95.5,4.71,0,0,300,300,300
Block,1,-13,384.5,4.71,0,0,300,300,300
Block,19,-13,396,4.71,0,0,300,300,300
Block,59,-13,437.5,4.71,0,0,300,300,300
Block,-38,1,485,4.71,0,0,300,300,300
Block,42,1,154.5,4.71,0,0,300,300,300
Block,26,1,92.5,4.71,0,0,300,300,300
Block,13,1,246.5,4.71,0,0,300,300,300
Block,1,-13,485,4.71,0,0,300,300,300
Block,35,-13,499.5,4.71,0,0,300,300,300
Block,13,1,329.5,4.71,0,0,300,300,300
Block,2,1,181,4.71,0,0,300,300,300
Block,-11,1,368,4.71,0,0,300,300,300
Block,62,-13,452.5,4.71,0,0,300,300,300
Block,-39,1,48.5,4.71,0,0,300,300,300
Block,-63,1,-4.5,4.71,0,0,300,300,300
Block,44,-13,399,4.71,0,0,300,300,300
Block,7,1,31,4.71,0,0,300,300,300
Block,41,-13,452.5,4.71,0,0,300,300,300
Block,57,1,107,4.71,0,0,300,300,300
Block,-11,1,-34.5,4.71,0,0,300,300,300
Block,77,-13,422.5,4.71,0,0,300,300,300
Block,77,-13,488,4.71,0,0,300,300,300
Block,77,-13,452.5,4.71,0,0,300,300,300
Block,-10,1,128,4.71,0,0,300,300,300
Block,38,-13,384.5,4.71,0,0,300,300,300
Block,22,1,238,4.71,0,0,300,300,300
Block,72,1,196,4.71,0,0,300,300,300
Block,13,-13,396,4.71,0,0,300,300,300
Block,33,1,208,4.71,0,0,300,300,300
Block,4,1,235,4.71,0,0,300,300,300
Block,22,-13,458,4.71,0,0,300,300,300
Block,-23,1,514.5,4.71,0,0,300,300,300
Block,39,1,139.5,4.71,0,0,300,300,300
Block,63,1,205,4.71,0,0,300,300,300
Block,4,1,7,4.71,0,0,300,300,300
Block,4,-13,387,4.71,0,0,300,300,300
Block,-41,1,493.5,4.71,0,0,300,300,300
Block,-8,1,279,4.71,0,0,300,300,300
Block,-17,1,402,4.71,0,0,300,300,300
Block,16,1,347.5,4.71,0,0,300,300,300
Block,56,-13,479,4.71,0,0,300,300,300
Block,-17,1,-34.5,4.71,0,0,300,300,300
Block,57,1,142.5,4.71,0,0,300,300,300
Block,-4,1,131,4.71,0,0,300,300,300
Block,65,-13,485,4.71,0,0,300,300,300
Block,-36,1,-40,4.71,0,0,300,300,300
Block,-8,-13,476,4.71,0,0,300,300,300
Block,-11,-13,428.5,4.71,0,0,300,300,300
Block,1,1,-34.5,4.71,0,0,300,300,300
Block,30,1,134,4.71,0,0,300,300,300
Block,71,-13,431.5,4.71,0,0,300,300,300
Block,74,-13,461,4.71,0,0,300,300,300
Block,-11,1,54.5,4.71,0,0,300,300,300
Block,-2,1,306,4.71,0,0,300,300,300
Block,-39,1,-31.5,4.71,0,0,300,300,300
Block,33,1,178,4.71,0,0,300,300,300
Block,26,1,205,4.71,0,0,300,300,300
Block,5,1,110,4.71,0,0,300,300,300
Block,7,1,235,4.71,0,0,300,300,300
Block,-44,1,496.5,4.71,0,0,300,300,300
Block,22,-13,417,4.71,0,0,300,300,300
Block,38,-13,440.5,4.71,0,0,300,300,300
Block,22,1,344.5,4.71,0,0,300,300,300
Block,16,-13,378.5,4.71,0,0,300,300,300
Block,22,1,-13.5,4.71,0,0,300,300,300
Block,56,-13,461,4.71,0,0,300,300,300
Block,-11,-13,505.5,4.71,0,0,300,300,300
Block,-41,1,414,4.71,0,0,300,300,300
Block,-5,1,258.5,4.71,0,0,300,300,300
Block,-4,1,160.5,4.71,0,0,300,300,300
Block,-29,1,496.5,4.71,0,0,300,300,300
Block,-10,1,145.5,4.71,0,0,300,300,300
Block,-8,-13,440.5,4.71,0,0,300,300,300
Block,4,1,63.5,4.71,0,0,300,300,300
Block,22,1,341.5,4.71,0,0,300,300,300
Block,-29,1,482,4.71,0,0,300,300,300
Block,54,1,169.5,4.71,0,0,300,300,300
Block,-14,1,-16.5,4.71,0,0,300,300,300
Block,-1,1,92.5,4.71,0,0,300,300,300
Block,69,1,202,4.71,0,0,300,300,300
Block,-27,1,78,4.71,0,0,300,300,300
Block,-13,1,128,4.71,0,0,300,300,300
Block,63,1,208,4.71,0,0,300,300,300
Block,25,-13,411,4.71,0,0,300,300,300
Block,45,1,181,4.71,0,0,300,300,300
Block,1,-13,467,4.71,0,0,300,300,300
Grass,-15.45,0.27,15.77,0,0,0,11,11,11
Block,-57,1,63.5,4.71,0,0,300,300,300
Block,4,1,306,4.71,0,0,300,300,300
Block,60,1,157.5,4.71,0,0,300,300,300
Block,22,1,312,4.71,0,0,300,300,300
Block,26,1,131,4.71,0,0,300,300,300
Block,2,1,163.5,4.71,0,0,300,300,300
Block,63,1,199,4.71,0,0,300,300,300
Block,-2,1,-34.5,4.71,0,0,300,300,300
Block,-17,1,90,4.71,0,0,300,300,300
Block,16,-13,514.5,4.71,0,0,300,300,300
Block,51,1,208,4.71,0,0,300,300,300
Block,19,1,-46,4.71,0,0,300,300,300
Block,66,1,131,4.71,0,0,300,300,300
Block,5,1,175,4.71,0,0,300,300,300
Block,11,1,181,4.71,0,0,300,300,300
Block,-14,1,90,4.71,0,0,300,300,300
Block,-47,1,440.5,4.71,0,0,300,300,300
Block,69,1,128,4.71,0,0,300,300,300
Block,-50,1,384.5,4.71,0,0,300,300,300
Block,-10,1,225.5,4.71,0,0,300,300,300
Block,7,-13,464,4.71,0,0,300,300,300
Block,-14,1,470,4.71,0,0,300,300,300
Block,-56,1,485,4.71,0,0,300,300,300
Block,-41,1,485,4.71,0,0,300,300,300
Block,-2,-13,491,4.71,0,0,300,300,300
Block,-27,1,-19.5,4.71,0,0,300,300,300
Block,-63,1,-22.5,4.71,0,0,300,300,300
Block,68,-13,428.5,4.71,0,0,300,300,300
Block,-36,1,-2,4.71,0,0,300,300,300
Block,69,1,92.5,4.71,0,0,300,300,300
Block,-44,1,514.5,4.71,0,0,300,300,300
Block,-56,1,482,4.71,0,0,300,300,300
Block,-47,1,405,4.71,0,0,300,300,300
Block,25,1,31,4.71,0,0,300,300,300
Block,-27,1,42.5,4.71,0,0,300,300,300
Block,-11,1,-46,4.71,0,0,300,300,300
Block,63,1,222.5,4.71,0,0,300,300,300
Block,16,-13,485,4.71,0,0,300,300,300
Block,25,1,19,4.71,0,0,300,300,300
Block,-33,1,-16.5,4.71,0,0,300,300,300
Block,1,-13,399,4.71,0,0,300,300,300
Block,-17,1,19,4.71,0,0,300,300,300
Block,-17,1,66.5,4.71,0,0,300,300,300
Block,-7,1,228.5,4.71,0,0,300,300,300
Block,41,-13,461,4.71,0,0,300,300,300
Block,60,1,169.5,4.71,0,0,300,300,300
Block,-35,1,499.5,4.71,0,0,300,300,300
Block,56,-13,482,4.71,0,0,300,300,300
Block,-20,1,387,4.71,0,0,300,300,300
Block,19,-13,479,4.71,0,0,300,300,300
Block,26,1,110,4.71,0,0,300,300,300
Block,44,-13,511.5,4.71,0,0,300,300,300
Block,48,1,199,4.71,0,0,300,300,300
Block,-20,1,491,4.71,0,0,300,300,300
Block,7,1,81,4.71,0,0,300,300,300
Block,-30,1,75,4.71,0,0,300,300,300
Block,-32,1,387,4.71,0,0,300,300,300
Block,53,-13,411,4.71,0,0,300,300,300
Block,-51,1,84,4.71,0,0,300,300,300
Block,-44,1,393,4.71,0,0,300,300,300
Block,-14,1,39.5,4.71,0,0,300,300,300
Block,-24,1,-10.5,4.71,0,0,300,300,300
Block,10,-13,387,4.71,0,0,300,300,300
Block,7,1,-34.5,4.71,0,0,300,300,300
Block,-16,1,208,4.71,0,0,300,300,300
Block,16,1,87,4.71,0,0,300,300,300
Block,22,-13,491,4.71,0,0,300,300,300
Block,-63,1,-25.5,4.71,0,0,300,300,300
Block,14,1,139.5,4.71,0,0,300,300,300
Block,-11,1,84,4.71,0,0,300,300,300
Block,68,-13,505.5,4.71,0,0,300,300,300
Block,60,1,116,4.71,0,0,300,300,300
Block,19,1,252.5,4.71,0,0,300,300,300
Block,10,1,326.5,4.71,0,0,300,300,300
Block,72,1,142.5,4.71,0,0,300,300,300
Block,7,1,288,4.71,0,0,300,300,300
Block,-56,1,493.5,4.71,0,0,300,300,300
Block,-14,1,467,4.71,0,0,300,300,300
Block,-51,1,7,4.71,0,0,300,300,300
Block,-48,1,-19.5,4.71,0,0,300,300,300
Block,68,-13,414,4.71,0,0,300,300,300
Block,63,1,104,4.71,0,0,300,300,300
Block,-14,1,48.5,4.71,0,0,300,300,300
Block,36,1,95.5,4.71,0,0,300,300,300
Block,-57,1,48.5,4.71,0,0,300,300,300
Block,-2,1,54.5,4.71,0,0,300,300,300
Block,66,1,172.5,4.71,0,0,300,300,300
Block,-23,1,443.5,4.71,0,0,300,300,300
Block,-47,1,449.5,4.71,0,0,300,300,300
Block,-8,1,60.5,4.71,0,0,300,300,300
Block,56,-13,443.5,4.71,0,0,300,300,300
Grass,12.55,-2.73,458.77,0,0,0,11,11,11
Block,10,1,-16.5,4.71,0,0,300,300,300
Block,-23,1,488,4.71,0,0,300,300,300
Block,-39,1,54.5,4.71,0,0,300,300,300
Block,-21,1,72,4.71,0,0,300,300,300
Block,45,1,107,4.71,0,0,300,300,300
Block,44,-13,434.5,4.71,0,0,300,300,300
Block,-26,1,375.5,4.71,0,0,300,300,300
Block,63,1,101.5,4.71,0,0,300,300,300
Block,-44,1,402,4.71,0,0,300,300,300
Block,10,1,75,4.71,0,0,300,300,300
Block,54,1,137,4.71,0,0,300,300,300
Block,36,1,157.5,4.71,0,0,300,300,300
Block,25,1,-37.5,4.71,0,0,300,300,300
Block,19,1,347.5,4.71,0,0,300,300,300
Block,35,-13,476,4.71,0,0,300,300,300
Block,63,1,202,4.71,0,0,300,300,300
Block,2,1,184,4.71,0,0,300,300,300
Block,-11,-13,375.5,4.71,0,0,300,300,300
Block,51,1,137,4.71,0,0,300,300,300
Block,-11,1,341.5,4.71,0,0,300,300,300
Block,-11,-13,455.5,4.71,0,0,300,300,300
Block,71,-13,455.5,4.71,0,0,300,300,300
Block,17,1,175,4.71,0,0,300,300,300
Block,2,1,145.5,4.71,0,0,300,300,300
Block,16,1,306,4.71,0,0,300,300,300
Block,1,-13,387,4.71,0,0,300,300,300
Block,-29,1,470,4.71,0,0,300,300,300
Block,-2,1,317.5,4.71,0,0,300,300,300
Block,19,1,-28.5,4.71,0,0,300,300,300
Block,16,1,258.5,4.71,0,0,300,300,300
Block,-14,1,446.5,4.71,0,0,300,300,300
Block,7,1,51.5,4.71,0,0,300,300,300
Grass,-19.45,0.27,45.77,0,0,0,11,11,11
Block,54,1,208,4.71,0,0,300,300,300
Block,25,1,63.5,4.71,0,0,300,300,300
Block,16,1,-43,4.71,0,0,300,300,300
Block,19,1,42.5,4.71,0,0,300,300,300
Block,63,1,181,4.71,0,0,300,300,300
Block,42,1,139.5,4.71,0,0,300,300,300
Block,51,1,169.5,4.71,0,0,300,300,300
Block,68,-13,458,4.71,0,0,300,300,300
Block,13,-13,493.5,4.71,0,0,300,300,300
Block,-27,1,19,4.71,0,0,300,300,300
Tree,30,13,488,0,0,0,28.48,64.35,28.48
Block,30,1,184,4.71,0,0,300,300,300
Block,-2,1,66.5,4.71,0,0,300,300,300
Block,4,1,323.5,4.71,0,0,300,300,300
Block,16,1,57.5,4.71,0,0,300,300,300
Block,-8,-13,390,4.71,0,0,300,300,300
Block,19,-13,508.5,4.71,0,0,300,300,300
Block,23,1,210.5,4.71,0,0,300,300,300
Block,-53,1,387,4.71,0,0,300,300,300
Block,1,-13,402,4.71,0,0,300,300,300
Block,19,1,-34.5,4.71,0,0,300,300,300
Block,30,1,110,4.71,0,0,300,300,300
Block,68,-13,514.5,4.71,0,0,300,300,300
Block,11,1,137,4.71,0,0,300,300,300
Block,54,1,116,4.71,0,0,300,300,300
Block,16,-13,405,4.71,0,0,300,300,300
Block,-26,1,405,4.71,0,0,300,300,300
Block,-27,1,84,4.71,0,0,300,300,300
Block,26,1,228.5,4.71,0,0,300,300,300
Block,42,1,169.5,4.71,0,0,300,300,300
Block,10,1,42.5,4.71,0,0,300,300,300
Block,17,1,122,4.71,0,0,300,300,300
Block,-5,1,332.5,4.71,0,0,300,300,300
Block,-5,1,-31.5,4.71,0,0,300,300,300
Block,53,-13,393,4.71,0,0,300,300,300
Block,25,1,-25.5,4.71,0,0,300,300,300
Block,62,-13,491,4.71,0,0,300,300,300
Block,17,1,178,4.71,0,0,300,300,300
Block,17,1,213.5,4.71,0,0,300,300,300
Block,-35,1,425.5,4.71,0,0,300,300,300
Block,2,1,219.5,4.71,0,0,300,300,300
Block,-2,1,-19.5,4.71,0,0,300,300,300
Grass,1.55,0.27,325.77,0,0,0,11,11,11
Block,22,1,-4.5,4.71,0,0,300,300,300
Block,-50,1,455.5,4.71,0,0,300,300,300
Block,-32,1,473,4.71,0,0,300,300,300
Block,19,1,22,4.71,0,0,300,300,300
Block,-2,1,48.5,4.71,0,0,300,300,300
Block,-36,1,-4.5,4.71,0,0,300,300,300
Block,66,1,196,4.71,0,0,300,300,300
Block,56,-13,440.5,4.71,0,0,300,300,300
Block,-10,1,139.5,4.71,0,0,300,300,300
Grass,-33.45,6.27,126.77,0,0,0,11,11,11
Block,-10,1,199,4.71,0,0,300,300,300
Block,19,-13,420,4.71,0,0,300,300,300
Tree,59.03,10.18,79.43,0,1.05,0,28.48,64.35,28.48
Block,10,1,1,4.71,0,0,300,300,300
Block,-21,1,-19.5,4.71,0,0,300,300,300
Block,-14,1,411,4.71,0,0,300,300,300
Block,20,1,104,4.71,0,0,300,300,300
Block,-20,1,375.5,4.71,0,0,300,300,300
Block,65,-13,375.5,4.71,0,0,300,300,300
Block,-48,1,57.5,4.71,0,0,300,300,300
Block,31,1,368,4.71,0,0,300,300,300
Block,-17,1,-46,4.71,0,0,300,300,300
Block,-24,1,1,4.71,0,0,300,300,300
Block,-8,1,87,4.71,0,0,300,300,300
Block,-1,1,181,4.71,0,0,300,300,300
Block,8,1,210.5,4.71,0,0,300,300,300
Block,26,1,113,4.71,0,0,300,300,300
Block,-11,-13,443.5,4.71,0,0,300,300,300
Block,51,1,157.5,4.71,0,0,300,300,300
Block,-8,1,39.5,4.71,0,0,300,300,300
Block,56,-13,405,4.71,0,0,300,300,300
Block,-51,1,-7.5,4.71,0,0,300,300,300
Block,60,1,231.5,4.71,0,0,300,300,300
Block,16,1,303,4.71,0,0,300,300,300
Block,10,1,312,4.71,0,0,300,300,300
Block,-29,1,511.5,4.71,0,0,300,300,300
Block,-26,1,434.5,4.71,0,0,300,300,300
Block,35,-13,399,4.71,0,0,300,300,300
Block,59,-13,434.5,4.71,0,0,300,300,300
Block,38,-13,402,4.71,0,0,300,300,300
Block,-10,1,160.5,4.71,0,0,300,300,300
Block,17,1,181,4.71,0,0,300,300,300
Block,-14,1,485,4.71,0,0,300,300,300
Block,1,-13,508.5,4.71,0,0,300,300,300
Block,-5,1,255.5,4.71,0,0,300,300,300
Block,-11,1,81,4.71,0,0,300,300,300
Block,-56,1,434.5,4.71,0,0,300,300,300
Block,-4,1,154.5,4.71,0,0,300,300,300
Block,2,1,98.5,4.71,0,0,300,300,300
Block,4,1,-13.5,4.71,0,0,300,300,300
Block,33,1,184,4.71,0,0,300,300,300
Block,-42,1,-31.5,4.71,0,0,300,300,300
Block,42,1,131,4.71,0,0,300,300,300
Block,-32,1,440.5,4.71,0,0,300,300,300
Block,28,-13,381.5,4.71,0,0,300,300,300
Block,-8,1,368,4.71,0,0,300,300,300
Block,20,1,175,4.71,0,0,300,300,300
Block,-35,1,470,4.71,0,0,300,300,300
Block,-14,1,422.5,4.71,0,0,300,300,300
Block,1,1,-13.5,4.71,0,0,300,300,300
Block,51,1,113,4.71,0,0,300,300,300
Block,25,1,-43,4.71,0,0,300,300,300
Block,26,1,166.5,4.71,0,0,300,300,300
Block,57,1,128,4.71,0,0,300,300,300
Block,19,-13,425.5,4.71,0,0,300,300,300
Block,48,1,172.5,4.71,0,0,300,300,300
Block,47,-13,491,4.71,0,0,300,300,300
Block,36,1,113,4.71,0,0,300,300,300
Block,41,-13,499.5,4.71,0,0,300,300,300
Block,63,1,113,4.71,0,0,300,300,300
Block,28,-13,458,4.71,0,0,300,300,300
Block,-5,1,300,4.71,0,0,300,300,300
Block,-14,1,505.5,4.71,0,0,300,300,300
Block,-5,1,303,4.71,0,0,300,300,300
Block,-14,1,36.5,4.71,0,0,300,300,300
Block,-45,1,48.5,4.71,0,0,300,300,300
Block,10,-13,434.5,4.71,0,0,300,300,300
Block,4,1,297,4.71,0,0,300,300,300
Block,-11,1,320.5,4.71,0,0,300,300,300
Block,50,-13,425.5,4.71,0,0,300,300,300
Block,-2,-13,414,4.71,0,0,300,300,300
Block,7,1,69,4.71,0,0,300,300,300
Block,-48,1,54.5,4.71,0,0,300,300,300
Block,30,1,131,4.71,0,0,300,300,300
Block,-45,1,7,4.71,0,0,300,300,300
Block,59,-13,402,4.71,0,0,300,300,300
Block,16,1,264.5,4.71,0,0,300,300,300
Block,38,-13,499.5,4.71,0,0,300,300,300
Block,-24,1,57.5,4.71,0,0,300,300,300
Block,-35,1,399,4.71,0,0,300,300,300
Block,59,-13,470,4.71,0,0,300,300,300
Block,-42,1,-25.5,4.71,0,0,300,300,300
Block,7,1,309,4.71,0,0,300,300,300
Block,-32,1,390,4.71,0,0,300,300,300
Block,48,1,122,4.71,0,0,300,300,300
Block,5,1,113,4.71,0,0,300,300,300
Block,25,1,90,4.71,0,0,300,300,300
Block,-16,1,142.5,4.71,0,0,300,300,300
Block,-57,1,84,4.71,0,0,300,300,300
Block,1,1,285,4.71,0,0,300,300,300
Block,16,1,-34.5,4.71,0,0,300,300,300
Block,13,1,279,4.71,0,0,300,300,300
Block,8,1,225.5,4.71,0,0,300,300,300
Block,4,-13,488,4.71,0,0,300,300,300
Block,-51,1,33.5,4.71,0,0,300,300,300
Block,-51,1,60.5,4.71,0,0,300,300,300
Block,28,-13,408,4.71,0,0,300,300,300
Block,39,1,172.5,4.71,0,0,300,300,300
Block,-23,1,393,4.71,0,0,300,300,300
Block,17,1,172.5,4.71,0,0,300,300,300
Block,-5,1,-49,4.71,0,0,300,300,300
Block,-32,1,422.5,4.71,0,0,300,300,300
Block,-8,1,-4.5,4.71,0,0,300,300,300
Block,47,-13,384.5,4.71,0,0,300,300,300
Block,-63,1,63.5,4.71,0,0,300,300,300
Block,1,1,13,4.71,0,0,300,300,300
Block,14,1,190,4.71,0,0,300,300,300
Block,25,1,241,4.71,0,0,300,300,300
Block,25,-13,476,4.71,0,0,300,300,300
Block,-51,1,-28.5,4.71,0,0,300,300,300
Block,-11,1,238,4.71,0,0,300,300,300
Block,-16,1,187,4.71,0,0,300,300,300
Block,-60,1,-37.5,4.71,0,0,300,300,300
Block,-63,1,51.5,4.71,0,0,300,300,300
Block,22,-13,452.5,4.71,0,0,300,300,300
Block,54,1,190,4.71,0,0,300,300,300
Block,30,1,190,4.71,0,0,300,300,300
Block,1,-13,488,4.71,0,0,300,300,300
Block,42,1,225.5,4.71,0,0,300,300,300
Block,1,1,344.5,4.71,0,0,300,300,300
Block,30,1,187,4.71,0,0,300,300,300
Block,-53,1,473,4.71,0,0,300,300,300
Block,25,1,350,4.71,0,0,300,300,300
Block,-36,1,75,4.71,0,0,300,300,300
Block,7,1,350,4.71,0,0,300,300,300
Block,-38,1,499.5,4.71,0,0,300,300,300
Block,47,-13,464,4.71,0,0,300,300,300
Block,-29,1,375.5,4.71,0,0,300,300,300
Block,10,-13,473,4.71,0,0,300,300,300
Block,13,-13,381.5,4.71,0,0,300,300,300
Block,-24,1,-19.5,4.71,0,0,300,300,300
Block,10,1,60.5,4.71,0,0,300,300,300
Block,47,-13,428.5,4.71,0,0,300,300,300
Block,65,-13,476,4.71,0,0,300,300,300
Block,60,1,163.5,4.71,0,0,300,300,300
Block,-53,1,464,4.71,0,0,300,300,300
Block,41,-13,511.5,4.71,0,0,300,300,300
Block,33,1,166.5,4.71,0,0,300,300,300
Block,50,-13,402,4.71,0,0,300,300,300
Block,16,1,365,4.71,0,0,300,300,300
Block,1,1,276.5,4.71,0,0,300,300,300
Block,1,1,362,4.71,0,0,300,300,300
Block,10,1,-31.5,4.71,0,0,300,300,300
Block,4,-13,443.5,4.71,0,0,300,300,300
Block,50,-13,514.5,4.71,0,0,300,300,300
Block,7,1,356,4.71,0,0,300,300,300
Block,-60,1,72,4.71,0,0,300,300,300
Block,50,-13,390,4.71,0,0,300,300,300
Block,-32,1,464,4.71,0,0,300,300,300
Block,-32,1,493.5,4.71,0,0,300,300,300
Block,-47,1,452.5,4.71,0,0,300,300,300
Block,-13,1,202,4.71,0,0,300,300,300
Block,13,1,300,4.71,0,0,300,300,300
Block,51,1,119,4.71,0,0,300,300,300
Block,-30,1,19,4.71,0,0,300,300,300
Block,1,1,72,4.71,0,0,300,300,300
Block,23,1,131,4.71,0,0,300,300,300
Block,31,1,303,4.71,0,0,300,300,300
Block,1,1,267.5,4.71,0,0,300,300,300
Block,36,1,122,4.71,0,0,300,300,300
Block,-17,1,505.5,4.71,0,0,300,300,300
Block,-50,1,393,4.71,0,0,300,300,300
Block,-35,1,378.5,4.71,0,0,300,300,300
Block,77,-13,443.5,4.71,0,0,300,300,300
Block,-33,1,-4.5,4.71,0,0,300,300,300
Block,20,1,216.5,4.71,0,0,300,300,300
Block,57,1,116,4.71,0,0,300,300,300
Grass,6.55,0.27,348.77,0,0,0,11,11,11
Block,17,1,113,4.71,0,0,300,300,300
Block,56,-13,499.5,4.71,0,0,300,300,300
Block,23,1,119,4.71,0,0,300,300,300
Block,19,1,246.5,4.71,0,0,300,300,300
Block,2,1,199,4.71,0,0,300,300,300
Block,13,1,-4.5,4.71,0,0,300,300,300
Block,-17,1,399,4.71,0,0,300,300,300
Block,48,1,119,4.71,0,0,300,300,300
Block,-27,1,-28.5,4.71,0,0,300,300,300
Block,-35,1,496.5,4.71,0,0,300,300,300
Block,-63,1,-13.5,4.71,0,0,300,300,300
Block,30,1,128,4.71,0,0,300,300,300
Block,63,1,148.5,4.71,0,0,300,300,300
Block,-8,-13,437.5,4.71,0,0,300,300,300
Block,47,-13,505.5,4.71,0,0,300,300,300
Block,53,-13,488,4.71,0,0,300,300,300
Block,-26,1,499.5,4.71,0,0,300,300,300
Block,-54,1,42.5,4.71,0,0,300,300,300
Block,-13,1,219.5,4.71,0,0,300,300,300
Block,-48,1,87,4.71,0,0,300,300,300
Block,13,1,45.5,4.71,0,0,300,300,300
Block,77,-13,402,4.71,0,0,300,300,300
Block,4,1,72,4.71,0,0,300,300,300
Block,47,-13,511.5,4.71,0,0,300,300,300
Block,7,-13,485,4.71,0,0,300,300,300
Block,-51,1,22,4.71,0,0,300,300,300
Block,8,1,216.5,4.71,0,0,300,300,300
Block,13,1,235,4.71,0,0,300,300,300
Block,-5,-13,491,4.71,0,0,300,300,300
Block,13,1,-46,4.71,0,0,300,300,300
Block,-20,1,440.5,4.71,0,0,300,300,300
Block,11,1,122,4.71,0,0,300,300,300
Block,48,1,193,4.71,0,0,300,300,300
Block,33,1,219.5,4.71,0,0,300,300,300
Block,-56,1,420,4.71,0,0,300,300,300
Block,-54,1,-4.5,4.71,0,0,300,300,300
Block,-60,1,90,4.71,0,0,300,300,300
Block,-39,1,75,4.71,0,0,300,300,300
Block,1,1,309,4.71,0,0,300,300,300
Block,30,1,216.5,4.71,0,0,300,300,300
Block,-13,1,196,4.71,0,0,300,300,300
Block,-30,1,22,4.71,0,0,300,300,300
Block,10,1,279,4.71,0,0,300,300,300
Block,-47,1,455.5,4.71,0,0,300,300,300
Block,62,-13,431.5,4.71,0,0,300,300,300
Block,4,1,4,4.71,0,0,300,300,300
Block,-2,-13,496.5,4.71,0,0,300,300,300
Block,47,-13,496.5,4.71,0,0,300,300,300
Block,5,1,205,4.71,0,0,300,300,300
Block,-14,1,417,4.71,0,0,300,300,300
Block,-42,1,63.5,4.71,0,0,300,300,300
Block,1,1,294,4.71,0,0,300,300,300
Block,7,-13,440.5,4.71,0,0,300,300,300
Block,4,1,-28.5,4.71,0,0,300,300,300
Block,31,-13,499.5,4.71,0,0,300,300,300
Block,-30,1,-43,4.71,0,0,300,300,300
Block,54,1,98.5,4.71,0,0,300,300,300
Block,71,-13,511.5,4.71,0,0,300,300,300
Block,53,-13,458,4.71,0,0,300,300,300
Block,-17,1,455.5,4.71,0,0,300,300,300
Block,13,-13,431.5,4.71,0,0,300,300,300
Block,8,1,175,4.71,0,0,300,300,300
Block,-32,1,485,4.71,0,0,300,300,300
Block,-48,1,-34.5,4.71,0,0,300,300,300
Block,31,1,338.5,4.71,0,0,300,300,300
Block,25,1,-40,4.71,0,0,300,300,300
Block,-2,-13,476,4.71,0,0,300,300,300
Block,11,1,225.5,4.71,0,0,300,300,300
Block,2,1,196,4.71,0,0,300,300,300
Block,22,-13,384.5,4.71,0,0,300,300,300
Block,48,1,151.5,4.71,0,0,300,300,300
Block,28,1,347.5,4.71,0,0,300,300,300
Block,30,1,228.5,4.71,0,0,300,300,300
Block,57,1,101.5,4.71,0,0,300,300,300
Block,-5,1,-22.5,4.71,0,0,300,300,300
Block,-21,1,-37.5,4.71,0,0,300,300,300
Block,-24,1,72,4.71,0,0,300,300,300
Block,77,-13,491,4.71,0,0,300,300,300
Block,71,-13,417,4.71,0,0,300,300,300
Block,7,-13,425.5,4.71,0,0,300,300,300
Block,17,1,184,4.71,0,0,300,300,300
Block,-63,1,75,4.71,0,0,300,300,300
Block,16,1,359,4.71,0,0,300,300,300
Block,56,-13,393,4.71,0,0,300,300,300
Block,-26,1,414,4.71,0,0,300,300,300
Block,-20,1,390,4.71,0,0,300,300,300
Block,31,-13,393,4.71,0,0,300,300,300
Block,45,1,110,4.71,0,0,300,300,300
Block,1,1,279,4.71,0,0,300,300,300
Block,60,1,101.5,4.71,0,0,300,300,300
Block,35,-13,440.5,4.71,0,0,300,300,300
Block,-29,1,476,4.71,0,0,300,300,300
Block,28,1,335.5,4.71,0,0,300,300,300
Block,65,-13,381.5,4.71,0,0,300,300,300
Block,-26,1,473,4.71,0,0,300,300,300
Block,-51,1,57.5,4.71,0,0,300,300,300
Block,19,1,33.5,4.71,0,0,300,300,300
Block,22,1,356,4.71,0,0,300,300,300
Block,17,1,205,4.71,0,0,300,300,300
Block,72,1,193,4.71,0,0,300,300,300
Block,-17,1,-13.5,4.71,0,0,300,300,300
Block,28,-13,476,4.71,0,0,300,300,300
Block,-44,1,446.5,4.71,0,0,300,300,300
Block,7,1,255.5,4.71,0,0,300,300,300
Block,28,-13,446.5,4.71,0,0,300,300,300
Block,44,-13,473,4.71,0,0,300,300,300
Block,62,-13,467,4.71,0,0,300,300,300
Block,44,-13,420,4.71,0,0,300,300,300
Block,-39,1,-10.5,4.71,0,0,300,300,300
Block,71,-13,378.5,4.71,0,0,300,300,300
Block,-2,1,362,4.71,0,0,300,300,300
Block,68,-13,502.5,4.71,0,0,300,300,300
Block,-39,1,-40,4.71,0,0,300,300,300
Block,16,1,75,4.71,0,0,300,300,300
Block,22,1,36.5,4.71,0,0,300,300,300
Block,-4,1,181,4.71,0,0,300,300,300
Block,53,-13,452.5,4.71,0,0,300,300,300
Block,41,-13,428.5,4.71,0,0,300,300,300
Block,1,-13,411,4.71,0,0,300,300,300
Block,14,1,154.5,4.71,0,0,300,300,300
Block,13,1,241,4.71,0,0,300,300,300
Block,13,1,60.5,4.71,0,0,300,300,300
Block,1,1,246.5,4.71,0,0,300,300,300
Block,-2,-13,458,4.71,0,0,300,300,300
Block,-5,1,-16.5,4.71,0,0,300,300,300
Block,47,-13,508.5,4.71,0,0,300,300,300
Block,59,-13,464,4.71,0,0,300,300,300
Block,-41,1,499.5,4.71,0,0,300,300,300
Block,-14,1,-19.5,4.71,0,0,300,300,300
Block,77,-13,428.5,4.71,0,0,300,300,300
Block,57,1,172.5,4.71,0,0,300,300,300
Block,-13,1,92.5,4.71,0,0,300,300,300
Block,-50,1,390,4.71,0,0,300,300,300
Block,-30,1,-49,4.71,0,0,300,300,300
Block,50,-13,452.5,4.71,0,0,300,300,300
Block,74,-13,473,4.71,0,0,300,300,300
Block,22,-13,390,4.71,0,0,300,300,300
Block,14,1,107,4.71,0,0,300,300,300
Block,45,1,213.5,4.71,0,0,300,300,300
Block,22,-13,399,4.71,0,0,300,300,300
Block,33,1,175,4.71,0,0,300,300,300
Block,56,-13,493.5,4.71,0,0,300,300,300
Block,-10,1,175,4.71,0,0,300,300,300
Block,5,1,225.5,4.71,0,0,300,300,300
Block,13,-13,384.5,4.71,0,0,300,300,300
Block,-53,1,411,4.71,0,0,300,300,300
Block,-11,-13,482,4.71,0,0,300,300,300
Block,60,1,110,4.71,0,0,300,300,300
Block,-17,1,-2,4.71,0,0,300,300,300
Block,-11,-13,496.5,4.71,0,0,300,300,300
Block,-45,1,28,4.71,0,0,300,300,300
Block,62,-13,514.5,4.71,0,0,300,300,300
Block,51,1,148.5,4.71,0,0,300,300,300
Block,-35,1,488,4.71,0,0,300,300,300
Block,-8,-13,467,4.71,0,0,300,300,300
Block,-29,1,402,4.71,0,0,300,300,300
Block,-11,-13,387,4.71,0,0,300,300,300
Block,28,1,359,4.71,0,0,300,300,300
Grass,-24.45,-2.73,447.77,0,0,0,11,11,11
Block,20,1,95.5,4.71,0,0,300,300,300
Block,-2,-13,393,4.71,0,0,300,300,300
Block,54,1,216.5,4.71,0,0,300,300,300
Block,33,1,222.5,4.71,0,0,300,300,300
Block,45,1,199,4.71,0,0,300,300,300
Block,69,1,205,4.71,0,0,300,300,300
Block,-2,1,-25.5,4.71,0,0,300,300,300
Block,-27,1,25,4.71,0,0,300,300,300
Block,16,1,323.5,4.71,0,0,300,300,300
Block,2,1,139.5,4.71,0,0,300,300,300
Block,-5,1,39.5,4.71,0,0,300,300,300
Block,68,-13,422.5,4.71,0,0,300,300,300
Block,59,-13,499.5,4.71,0,0,300,300,300
Block,22,1,-40,4.71,0,0,300,300,300
Block,33,1,113,4.71,0,0,300,300,300
Block,16,1,294,4.71,0,0,300,300,300
Block,39,1,202,4.71,0,0,300,300,300
Block,45,1,104,4.71,0,0,300,300,300
Block,-32,1,434.5,4.71,0,0,300,300,300
Block,-14,1,72,4.71,0,0,300,300,300
Block,36,1,231.5,4.71,0,0,300,300,300
Block,-51,1,-46,4.71,0,0,300,300,300
Block,-56,1,464,4.71,0,0,300,300,300
Block,26,1,210.5,4.71,0,0,300,300,300
Block,19,-13,496.5,4.71,0,0,300,300,300
Block,-35,1,461,4.71,0,0,300,300,300
Block,-8,1,-43,4.71,0,0,300,300,300
Block,11,1,119,4.71,0,0,300,300,300
Block,7,1,249.5,4.71,0,0,300,300,300
Block,10,1,261.5,4.71,0,0,300,300,300
Block,-21,1,-25.5,4.71,0,0,300,300,300
Block,-44,1,437.5,4.71,0,0,300,300,300
Block,-32,1,375.5,4.71,0,0,300,300,300
Block,7,-13,461,4.71,0,0,300,300,300
Block,56,-13,473,4.71,0,0,300,300,300
Block,33,1,122,4.71,0,0,300,300,300
Block,-36,1,87,4.71,0,0,300,300,300
Block,35,-13,420,4.71,0,0,300,300,300
Block,-2,1,-31.5,4.71,0,0,300,300,300
Block,38,-13,378.5,4.71,0,0,300,300,300
Block,-8,1,329.5,4.71,0,0,300,300,300
Block,-51,1,19,4.71,0,0,300,300,300
Block,-14,1,405,4.71,0,0,300,300,300
Block,48,1,145.5,4.71,0,0,300,300,300
Block,28,1,303,4.71,0,0,300,300,300
Block,-54,1,-40,4.71,0,0,300,300,300
Block,22,-13,511.5,4.71,0,0,300,300,300
Block,-27,1,57.5,4.71,0,0,300,300,300
Block,47,-13,378.5,4.71,0,0,300,300,300
Block,45,1,169.5,4.71,0,0,300,300,300
Block,38,-13,396,4.71,0,0,300,300,300
Block,59,-13,381.5,4.71,0,0,300,300,300
Block,65,-13,443.5,4.71,0,0,300,300,300
Block,25,1,-31.5,4.71,0,0,300,300,300
Block,-10,1,107,4.71,0,0,300,300,300
Block,1,1,329.5,4.71,0,0,300,300,300
Block,-8,-13,393,4.71,0,0,300,300,300
Block,-57,1,69,4.71,0,0,300,300,300
Block,19,-13,467,4.71,0,0,300,300,300
Block,41,-13,464,4.71,0,0,300,300,300
Block,-32,1,511.5,4.71,0,0,300,300,300
Block,-10,1,208,4.71,0,0,300,300,300
Block,19,1,232,4.71,0,0,300,300,300
Block,-7,1,139.5,4.71,0,0,300,300,300
Block,13,1,312,4.71,0,0,300,300,300
Block,-29,1,390,4.71,0,0,300,300,300
Block,-4,1,163.5,4.71,0,0,300,300,300
Block,-38,1,402,4.71,0,0,300,300,300
Block,66,1,110,4.71,0,0,300,300,300
Block,-11,-13,425.5,4.71,0,0,300,300,300
Block,36,1,145.5,4.71,0,0,300,300,300
Block,22,1,72,4.71,0,0,300,300,300
Block,-10,1,181,4.71,0,0,300,300,300
Tree,79.6,20.18,139.81,0,1.05,0,28.48,64.35,28.48
Block,66,1,104,4.71,0,0,300,300,300
Block,19,1,-7.5,4.71,0,0,300,300,300
Block,-24,1,-43,4.71,0,0,300,300,300
Block,-47,1,470,4.71,0,0,300,300,300
Block,23,1,113,4.71,0,0,300,300,300
Block,-30,1,-34.5,4.71,0,0,300,300,300
Block,-4,1,116,4.71,0,0,300,300,300
Block,-54,1,19,4.71,0,0,300,300,300
Block,-24,1,-2,4.71,0,0,300,300,300
Block,31,-13,467,4.71,0,0,300,300,300
Block,-8,1,365,4.71,0,0,300,300,300
Block,10,1,344.5,4.71,0,0,300,300,300
Block,74,-13,458,4.71,0,0,300,300,300
Block,-44,1,375.5,4.71,0,0,300,300,300
Block,22,-13,408,4.71,0,0,300,300,300
Block,-5,-13,485,4.71,0,0,300,300,300
Grass,53.55,6.27,107.77,0,0,0,11,11,11
Block,57,1,145.5,4.71,0,0,300,300,300
Block,10,1,303,4.71,0,0,300,300,300
Block,13,1,306,4.71,0,0,300,300,300
Block,-57,1,16,4.71,0,0,300,300,300
Block,-5,1,314.5,4.71,0,0,300,300,300
Block,13,1,33.5,4.71,0,0,300,300,300
Block,53,-13,473,4.71,0,0,300,300,300
Block,13,1,-37.5,4.71,0,0,300,300,300
Block,-54,1,39.5,4.71,0,0,300,300,300
Block,-17,1,493.5,4.71,0,0,300,300,300
Block,50,-13,396,4.71,0,0,300,300,300
Block,60,1,125,4.71,0,0,300,300,300
Block,-45,1,-49,4.71,0,0,300,300,300
Block,-17,1,414,4.71,0,0,300,300,300
Block,26,1,134,4.71,0,0,300,300,300
Block,10,1,4,4.71,0,0,300,300,300
Block,-20,1,437.5,4.71,0,0,300,300,300
Block,-27,1,16,4.71,0,0,300,300,300
Block,-8,-13,414,4.71,0,0,300,300,300
Block,60,1,193,4.71,0,0,300,300,300
Block,50,-13,476,4.71,0,0,300,300,300
Block,69,1,139.5,4.71,0,0,300,300,300
Block,72,1,131,4.71,0,0,300,300,300
Block,13,-13,502.5,4.71,0,0,300,300,300
Block,22,1,326.5,4.71,0,0,300,300,300
Block,36,1,169.5,4.71,0,0,300,300,300
Block,28,-13,482,4.71,0,0,300,300,300
Block,-51,1,78,4.71,0,0,300,300,300
Block,66,1,145.5,4.71,0,0,300,300,300
Block,72,1,199,4.71,0,0,300,300,300
Block,-45,1,-19.5,4.71,0,0,300,300,300
Block,23,1,190,4.71,0,0,300,300,300
Block,14,1,187,4.71,0,0,300,300,300
Block,31,1,356,4.71,0,0,300,300,300
Block,45,1,228.5,4.71,0,0,300,300,300
Block,-1,1,202,4.71,0,0,300,300,300
Block,-14,1,45.5,4.71,0,0,300,300,300
Block,-11,1,-2,4.71,0,0,300,300,300
Block,19,-13,402,4.71,0,0,300,300,300
Block,39,1,134,4.71,0,0,300,300,300
Block,-21,1,-40,4.71,0,0,300,300,300
Block,28,-13,505.5,4.71,0,0,300,300,300
Block,-27,1,-16.5,4.71,0,0,300,300,300
Block,65,-13,473,4.71,0,0,300,300,300
Block,22,1,276.5,4.71,0,0,300,300,300
Block,-16,1,128,4.71,0,0,300,300,300
Block,30,1,166.5,4.71,0,0,300,300,300
Block,48,1,154.5,4.71,0,0,300,300,300
Block,-5,1,-19.5,4.71,0,0,300,300,300
Block,4,-13,482,4.71,0,0,300,300,300
Block,19,-13,417,4.71,0,0,300,300,300
Block,19,1,306,4.71,0,0,300,300,300
Block,-60,1,1,4.71,0,0,300,300,300
Block,-51,1,54.5,4.71,0,0,300,300,300
Block,30,1,139.5,4.71,0,0,300,300,300
Block,23,1,134,4.71,0,0,300,300,300
Block,51,1,225.5,4.71,0,0,300,300,300
Block,66,1,219.5,4.71,0,0,300,300,300
Block,-38,1,396,4.71,0,0,300,300,300
Block,19,1,48.5,4.71,0,0,300,300,300
Block,65,-13,396,4.71,0,0,300,300,300
Block,-5,-13,502.5,4.71,0,0,300,300,300
Block,44,-13,496.5,4.71,0,0,300,300,300
Block,-44,1,485,4.71,0,0,300,300,300
Block,71,-13,485,4.71,0,0,300,300,300
Block,44,-13,514.5,4.71,0,0,300,300,300
Block,72,1,157.5,4.71,0,0,300,300,300
Block,-23,1,499.5,4.71,0,0,300,300,300
Block,72,1,148.5,4.71,0,0,300,300,300
Block,-32,1,499.5,4.71,0,0,300,300,300
Block,14,1,116,4.71,0,0,300,300,300
Block,-17,1,48.5,4.71,0,0,300,300,300
Block,7,1,297,4.71,0,0,300,300,300
Block,68,-13,381.5,4.71,0,0,300,300,300
Block,-4,1,139.5,4.71,0,0,300,300,300
Block,-63,1,60.5,4.71,0,0,300,300,300
Block,-57,1,-34.5,4.71,0,0,300,300,300
Block,8,1,187,4.71,0,0,300,300,300
Block,44,-13,446.5,4.71,0,0,300,300,300
Block,54,1,202,4.71,0,0,300,300,300
Block,-38,1,446.5,4.71,0,0,300,300,300
Block,-53,1,511.5,4.71,0,0,300,300,300
Block,14,1,166.5,4.71,0,0,300,300,300
Block,13,1,267.5,4.71,0,0,300,300,300
Block,22,1,273.5,4.71,0,0,300,300,300
Block,16,1,84,4.71,0,0,300,300,300
Block,-16,1,184,4.71,0,0,300,300,300
Block,-21,1,48.5,4.71,0,0,300,300,300
Grass,34.55,0.27,175.77,0,0,0,11,11,11
Block,4,1,81,4.71,0,0,300,300,300
Block,62,-13,511.5,4.71,0,0,300,300,300
Block,-2,1,72,4.71,0,0,300,300,300
Grass,10.55,0.27,190.77,0,0,0,11,11,11
Block,7,-13,446.5,4.71,0,0,300,300,300
Block,68,-13,408,4.71,0,0,300,300,300
Block,1,1,75,4.71,0,0,300,300,300
Block,-26,1,464,4.71,0,0,300,300,300
Block,19,-13,505.5,4.71,0,0,300,300,300
Block,10,1,356,4.71,0,0,300,300,300
Block,1,1,51.5,4.71,0,0,300,300,300
Block,25,-13,464,4.71,0,0,300,300,300
Block,1,1,332.5,4.71,0,0,300,300,300
Block,1,-13,505.5,4.71,0,0,300,300,300
Block,30,1,178,4.71,0,0,300,300,300
Block,74,-13,502.5,4.71,0,0,300,300,300
Block,22,1,350,4.71,0,0,300,300,300
Block,-11,1,332.5,4.71,0,0,300,300,300
Block,-51,1,-40,4.71,0,0,300,300,300
Block,54,1,119,4.71,0,0,300,300,300
Block,19,1,72,4.71,0,0,300,300,300
Block,57,1,110,4.71,0,0,300,300,300
Block,25,1,347.5,4.71,0,0,300,300,300
Block,19,1,63.5,4.71,0,0,300,300,300
Block,-5,-13,479,4.71,0,0,300,300,300
Block,51,1,187,4.71,0,0,300,300,300
Tree,-23,13,517,0,0,0,28.48,64.35,28.48
Block,-56,1,470,4.71,0,0,300,300,300
Block,22,1,-2,4.71,0,0,300,300,300
Block,-33,1,48.5,4.71,0,0,300,300,300
Block,-8,1,264.5,4.71,0,0,300,300,300
Block,-5,-13,405,4.71,0,0,300,300,300
Block,62,-13,508.5,4.71,0,0,300,300,300
Block,10,1,350,4.71,0,0,300,300,300
Block,-11,1,-40,4.71,0,0,300,300,300
Block,53,-13,434.5,4.71,0,0,300,300,300
Block,42,1,172.5,4.71,0,0,300,300,300
Block,42,1,145.5,4.71,0,0,300,300,300
Block,36,1,148.5,4.71,0,0,300,300,300
Block,-13,1,231.5,4.71,0,0,300,300,300
Block,-2,1,252.5,4.71,0,0,300,300,300
Block,-8,-13,446.5,4.71,0,0,300,300,300
Block,-16,1,101.5,4.71,0,0,300,300,300
Block,1,-13,378.5,4.71,0,0,300,300,300
Block,35,-13,408,4.71,0,0,300,300,300
Block,57,1,181,4.71,0,0,300,300,300
Block,10,1,359,4.71,0,0,300,300,300
Block,14,1,95.5,4.71,0,0,300,300,300
Block,31,1,344.5,4.71,0,0,300,300,300
Block,74,-13,514.5,4.71,0,0,300,300,300
Block,62,-13,488,4.71,0,0,300,300,300
Block,30,1,148.5,4.71,0,0,300,300,300
Block,-32,1,420,4.71,0,0,300,300,300
Block,33,1,95.5,4.71,0,0,300,300,300
Block,65,-13,514.5,4.71,0,0,300,300,300
Block,16,-13,479,4.71,0,0,300,300,300
Block,50,-13,493.5,4.71,0,0,300,300,300
Block,51,1,107,4.71,0,0,300,300,300
Block,77,-13,499.5,4.71,0,0,300,300,300
Block,-53,1,393,4.71,0,0,300,300,300
Block,39,1,166.5,4.71,0,0,300,300,300
Block,-51,1,-31.5,4.71,0,0,300,300,300
Block,-11,1,258.5,4.71,0,0,300,300,300
Block,19,1,261.5,4.71,0,0,300,300,300
Block,16,-13,476,4.71,0,0,300,300,300
Block,60,1,122,4.71,0,0,300,300,300
Block,36,1,219.5,4.71,0,0,300,300,300
Block,-8,1,54.5,4.71,0,0,300,300,300
Block,36,1,196,4.71,0,0,300,300,300
Block,-27,1,31,4.71,0,0,300,300,300
Block,-57,1,13,4.71,0,0,300,300,300
Block,-35,1,375.5,4.71,0,0,300,300,300
Block,1,1,-19.5,4.71,0,0,300,300,300
Block,31,-13,408,4.71,0,0,300,300,300
Block,19,1,332.5,4.71,0,0,300,300,300
Block,16,-13,464,4.71,0,0,300,300,300
Block,7,-13,399,4.71,0,0,300,300,300
Block,26,1,151.5,4.71,0,0,300,300,300
Block,2,1,213.5,4.71,0,0,300,300,300
Block,77,-13,440.5,4.71,0,0,300,300,300
Block,-60,1,13,4.71,0,0,300,300,300
Block,5,1,219.5,4.71,0,0,300,300,300
Block,-60,1,-4.5,4.71,0,0,300,300,300
Block,-50,1,411,4.71,0,0,300,300,300
Block,77,-13,414,4.71,0,0,300,300,300
Block,-20,1,414,4.71,0,0,300,300,300
Block,4,1,285,4.71,0,0,300,300,300
Block,-5,1,66.5,4.71,0,0,300,300,300
Block,53,-13,399,4.71,0,0,300,300,300
Block,68,-13,493.5,4.71,0,0,300,300,300
Block,1,1,243.5,4.71,0,0,300,300,300
Block,-2,-13,452.5,4.71,0,0,300,300,300
Block,-33,1,-28.5,4.71,0,0,300,300,300
Block,4,1,232,4.71,0,0,300,300,300
Grass,47.55,-2.73,445.77,0,0,0,11,11,11
Block,39,1,222.5,4.71,0,0,300,300,300
Block,-29,1,508.5,4.71,0,0,300,300,300
Block,-10,1,157.5,4.71,0,0,300,300,300
Block,-5,1,60.5,4.71,0,0,300,300,300
Block,19,-13,514.5,4.71,0,0,300,300,300
Block,-24,1,-31.5,4.71,0,0,300,300,300
Block,-29,1,420,4.71,0,0,300,300,300
Block,4,-13,440.5,4.71,0,0,300,300,300
Block,-54,1,7,4.71,0,0,300,300,300
Block,1,1,10,4.71,0,0,300,300,300
Block,1,1,-28.5,4.71,0,0,300,300,300
Block,-51,1,-16.5,4.71,0,0,300,300,300
Block,54,1,228.5,4.71,0,0,300,300,300
Block,-21,1,-43,4.71,0,0,300,300,300
Block,25,1,338.5,4.71,0,0,300,300,300
Block,1,1,291,4.71,0,0,300,300,300
Block,35,-13,434.5,4.71,0,0,300,300,300
Block,50,-13,479,4.71,0,0,300,300,300
Block,-20,1,446.5,4.71,0,0,300,300,300
Block,-7,1,205,4.71,0,0,300,300,300
Block,77,-13,387,4.71,0,0,300,300,300
Block,-42,1,13,4.71,0,0,300,300,300
Block,59,-13,514.5,4.71,0,0,300,300,300
Block,-47,1,505.5,4.71,0,0,300,300,300
Block,7,1,246.5,4.71,0,0,300,300,300
Block,-26,1,514.5,4.71,0,0,300,300,300
Block,-4,1,213.5,4.71,0,0,300,300,300
Block,-20,1,488,4.71,0,0,300,300,300
Block,-16,1,110,4.71,0,0,300,300,300
Block,-20,1,411,4.71,0,0,300,300,300
Block,57,1,169.5,4.71,0,0,300,300,300
Block,-13,1,208,4.71,0,0,300,300,300
Block,16,-13,408,4.71,0,0,300,300,300
Block,20,1,154.5,4.71,0,0,300,300,300
Block,5,1,172.5,4.71,0,0,300,300,300
Block,19,1,-4.5,4.71,0,0,300,300,300
Block,-51,1,28,4.71,0,0,300,300,300
Block,7,1,243.5,4.71,0,0,300,300,300
Block,-5,1,4,4.71,0,0,300,300,300
Block,-47,1,482,4.71,0,0,300,300,300
Block,38,-13,422.5,4.71,0,0,300,300,300
Block,-56,1,449.5,4.71,0,0,300,300,300
Block,5,1,196,4.71,0,0,300,300,300
Block,44,-13,425.5,4.71,0,0,300,300,300
Block,51,1,139.5,4.71,0,0,300,300,300
Block,-63,1,-10.5,4.71,0,0,300,300,300
Block,26,1,101.5,4.71,0,0,300,300,300
Block,13,-13,390,4.71,0,0,300,300,300
Block,17,1,222.5,4.71,0,0,300,300,300
Block,7,1,25,4.71,0,0,300,300,300
Block,57,1,213.5,4.71,0,0,300,300,300
Block,13,-13,405,4.71,0,0,300,300,300
Block,-2,-13,381.5,4.71,0,0,300,300,300
Block,-48,1,-16.5,4.71,0,0,300,300,300
Block,16,-13,402,4.71,0,0,300,300,300
Block,-42,1,28,4.71,0,0,300,300,300
Block,-5,1,249.5,4.71,0,0,300,300,300
Block,-51,1,72,4.71,0,0,300,300,300
Block,-33,1,66.5,4.71,0,0,300,300,300
Block,33,1,92.5,4.71,0,0,300,300,300
Block,38,-13,434.5,4.71,0,0,300,300,300
Block,-14,1,-13.5,4.71,0,0,300,300,300
Block,36,1,98.5,4.71,0,0,300,300,300
Block,-8,-13,434.5,4.71,0,0,300,300,300
Block,63,1,178,4.71,0,0,300,300,300
Block,17,1,107,4.71,0,0,300,300,300
Block,-56,1,455.5,4.71,0,0,300,300,300
Block,42,1,110,4.71,0,0,300,300,300
Block,4,1,294,4.71,0,0,300,300,300
Block,25,1,323.5,4.71,0,0,300,300,300
Block,-5,1,326.5,4.71,0,0,300,300,300
Tree,48,13,486,0,0,0,28.48,64.35,28.48
Block,-2,1,13,4.71,0,0,300,300,300
Block,7,-13,476,4.71,0,0,300,300,300
Block,28,1,300,4.71,0,0,300,300,300
Block,41,-13,455.5,4.71,0,0,300,300,300
Block,36,1,181,4.71,0,0,300,300,300
Block,-8,1,25,4.71,0,0,300,300,300
Block,17,1,169.5,4.71,0,0,300,300,300
Block,28,1,306,4.71,0,0,300,300,300
Block,13,1,-13.5,4.71,0,0,300,300,300
Block,-50,1,378.5,4.71,0,0,300,300,300
Block,-27,1,-46,4.71,0,0,300,300,300
Block,7,1,-4.5,4.71,0,0,300,300,300
Block,62,-13,437.5,4.71,0,0,300,300,300
Block,-13,1,125,4.71,0,0,300,300,300
Block,28,1,371,4.71,0,0,300,300,300
Block,28,-13,508.5,4.71,0,0,300,300,300
Block,-32,1,508.5,4.71,0,0,300,300,300
Block,-5,1,362,4.71,0,0,300,300,300
Block,25,1,252.5,4.71,0,0,300,300,300
Block,59,-13,408,4.71,0,0,300,300,300
Block,-2,1,-10.5,4.71,0,0,300,300,300
Block,13,1,276.5,4.71,0,0,300,300,300
Block,41,-13,440.5,4.71,0,0,300,300,300
Block,69,1,169.5,4.71,0,0,300,300,300
Block,-16,1,160.5,4.71,0,0,300,300,300
Block,-8,1,-46,4.71,0,0,300,300,300
Block,-11,1,13,4.71,0,0,300,300,300
Block,4,1,-37.5,4.71,0,0,300,300,300
Block,44,-13,408,4.71,0,0,300,300,300
Block,-7,1,166.5,4.71,0,0,300,300,300
Block,77,-13,411,4.71,0,0,300,300,300
Block,41,-13,425.5,4.71,0,0,300,300,300
Block,25,-13,425.5,4.71,0,0,300,300,300
Block,54,1,128,4.71,0,0,300,300,300
Block,-26,1,411,4.71,0,0,300,300,300
Block,-7,1,151.5,4.71,0,0,300,300,300
Block,-33,1,22,4.71,0,0,300,300,300
Block,7,1,13,4.71,0,0,300,300,300
Block,4,1,28,4.71,0,0,300,300,300
Block,25,1,291,4.71,0,0,300,300,300
Block,-5,-13,476,4.71,0,0,300,300,300
Block,2,1,231.5,4.71,0,0,300,300,300
Block,-17,1,-49,4.71,0,0,300,300,300
Block,54,1,107,4.71,0,0,300,300,300
Block,19,1,31,4.71,0,0,300,300,300
Block,-51,1,-4.5,4.71,0,0,300,300,300
Block,4,-13,384.5,4.71,0,0,300,300,300
Block,31,1,246.5,4.71,0,0,300,300,300
Block,-38,1,491,4.71,0,0,300,300,300
Block,-8,-13,417,4.71,0,0,300,300,300
Block,14,1,98.5,4.71,0,0,300,300,300
Block,51,1,181,4.71,0,0,300,300,300
Block,11,1,113,4.71,0,0,300,300,300
Block,10,-13,455.5,4.71,0,0,300,300,300
Block,-44,1,458,4.71,0,0,300,300,300
Block,28,-13,449.5,4.71,0,0,300,300,300
Block,62,-13,390,4.71,0,0,300,300,300
Block,30,1,157.5,4.71,0,0,300,300,300
Block,-33,1,28,4.71,0,0,300,300,300
Block,71,-13,479,4.71,0,0,300,300,300
Block,-42,1,36.5,4.71,0,0,300,300,300
Block,13,1,-22.5,4.71,0,0,300,300,300
Block,65,-13,399,4.71,0,0,300,300,300
Block,-14,1,31,4.71,0,0,300,300,300
Block,-42,1,10,4.71,0,0,300,300,300
Block,30,1,142.5,4.71,0,0,300,300,300
Block,74,-13,467,4.71,0,0,300,300,300
Block,14,1,92.5,4.71,0,0,300,300,300
Block,-17,1,381.5,4.71,0,0,300,300,300
Block,-11,-13,390,4.71,0,0,300,300,300
Block,-41,1,496.5,4.71,0,0,300,300,300
Block,11,1,205,4.71,0,0,300,300,300
Block,-11,1,22,4.71,0,0,300,300,300
Block,-4,1,157.5,4.71,0,0,300,300,300
Block,63,1,98.5,4.71,0,0,300,300,300
Block,-32,1,411,4.71,0,0,300,300,300
Block,-32,1,502.5,4.71,0,0,300,300,300
Block,-2,-13,505.5,4.71,0,0,300,300,300
Block,45,1,113,4.71,0,0,300,300,300
Block,57,1,190,4.71,0,0,300,300,300
Block,25,1,320.5,4.71,0,0,300,300,300
Block,1,1,317.5,4.71,0,0,300,300,300
Block,-35,1,485,4.71,0,0,300,300,300
Block,-11,-13,467,4.71,0,0,300,300,300
Block,-11,1,1,4.71,0,0,300,300,300
Block,10,1,31,4.71,0,0,300,300,300
Block,13,-13,417,4.71,0,0,300,300,300
Block,31,1,270.5,4.71,0,0,300,300,300
Block,16,1,341.5,4.71,0,0,300,300,300
Block,8,1,107,4.71,0,0,300,300,300
Block,77,-13,473,4.71,0,0,300,300,300
Block,68,-13,384.5,4.71,0,0,300,300,300
Block,-17,1,-19.5,4.71,0,0,300,300,300
Block,62,-13,399,4.71,0,0,300,300,300
Block,-29,1,405,4.71,0,0,300,300,300
Block,57,1,231.5,4.71,0,0,300,300,300
Block,-16,1,228.5,4.71,0,0,300,300,300
Block,25,1,341.5,4.71,0,0,300,300,300
Block,16,-13,499.5,4.71,0,0,300,300,300
Block,36,1,134,4.71,0,0,300,300,300
Block,-30,1,-22.5,4.71,0,0,300,300,300
Block,-36,1,31,4.71,0,0,300,300,300
Block,13,1,84,4.71,0,0,300,300,300
Block,-13,1,157.5,4.71,0,0,300,300,300
Block,-27,1,7,4.71,0,0,300,300,300
Block,-11,1,78,4.71,0,0,300,300,300
Block,-30,1,45.5,4.71,0,0,300,300,300
Block,60,1,199,4.71,0,0,300,300,300
Block,57,1,131,4.71,0,0,300,300,300
Block,-42,1,39.5,4.71,0,0,300,300,300
Block,31,1,317.5,4.71,0,0,300,300,300
Block,-56,1,473,4.71,0,0,300,300,300
Block,-8,1,291,4.71,0,0,300,300,300
Block,26,1,125,4.71,0,0,300,300,300
Block,-29,1,452.5,4.71,0,0,300,300,300
Block,10,1,-37.5,4.71,0,0,300,300,300
Block,-8,1,-34.5,4.71,0,0,300,300,300
Block,4,1,279,4.71,0,0,300,300,300
Block,-4,1,107,4.71,0,0,300,300,300
Block,42,1,210.5,4.71,0,0,300,300,300
Block,36,1,119,4.71,0,0,300,300,300
Block,28,1,282,4.71,0,0,300,300,300
Block,-17,1,443.5,4.71,0,0,300,300,300
Block,66,1,116,4.71,0,0,300,300,300
Block,44,-13,422.5,4.71,0,0,300,300,300
Block,-53,1,428.5,4.71,0,0,300,300,300
Block,-7,1,187,4.71,0,0,300,300,300
Block,-56,1,431.5,4.71,0,0,300,300,300
Block,-26,1,399,4.71,0,0,300,300,300
Block,16,-13,458,4.71,0,0,300,300,300
Block,20,1,134,4.71,0,0,300,300,300
Block,22,1,232,4.71,0,0,300,300,300
Block,30,1,225.5,4.71,0,0,300,300,300
Block,-2,1,365,4.71,0,0,300,300,300
Block,19,1,294,4.71,0,0,300,300,300
Block,5,1,128,4.71,0,0,300,300,300
Block,-5,1,1,4.71,0,0,300,300,300
Block,56,-13,402,4.71,0,0,300,300,300
Block,-53,1,422.5,4.71,0,0,300,300,300
Block,28,1,258.5,4.71,0,0,300,300,300
Block,-14,1,381.5,4.71,0,0,300,300,300
Block,-36,1,72,4.71,0,0,300,300,300
Block,5,1,190,4.71,0,0,300,300,300
Block,-11,1,353,4.71,0,0,300,300,300
Block,-60,1,39.5,4.71,0,0,300,300,300
Block,-2,1,1,4.71,0,0,300,300,300
Block,-39,1,45.5,4.71,0,0,300,300,300
Block,63,1,110,4.71,0,0,300,300,300
Block,7,1,87,4.71,0,0,300,300,300
Block,31,1,306,4.71,0,0,300,300,300
Block,-29,1,461,4.71,0,0,300,300,300
Block,51,1,166.5,4.71,0,0,300,300,300
Block,42,1,219.5,4.71,0,0,300,300,300
Block,10,1,246.5,4.71,0,0,300,300,300
Block,16,-13,393,4.71,0,0,300,300,300
Block,10,1,288,4.71,0,0,300,300,300
Block,-14,1,10,4.71,0,0,300,300,300
Block,8,1,110,4.71,0,0,300,300,300
Block,31,-13,502.5,4.71,0,0,300,300,300
Block,25,-13,422.5,4.71,0,0,300,300,300
Block,42,1,175,4.71,0,0,300,300,300
Block,39,1,187,4.71,0,0,300,300,300
Block,62,-13,428.5,4.71,0,0,300,300,300
Block,-56,1,408,4.71,0,0,300,300,300
Block,-50,1,491,4.71,0,0,300,300,300
Block,-36,1,19,4.71,0,0,300,300,300
Block,-60,1,-34.5,4.71,0,0,300,300,300
Block,47,-13,396,4.71,0,0,300,300,300
Block,-51,1,36.5,4.71,0,0,300,300,300
Block,25,1,-13.5,4.71,0,0,300,300,300
Tree,-35.44,20.18,231.82,0,4.97,0,28.48,64.35,28.48
Block,66,1,181,4.71,0,0,300,300,300
Block,72,1,181,4.71,0,0,300,300,300
Block,35,-13,493.5,4.71,0,0,300,300,300
Block,10,1,294,4.71,0,0,300,300,300
Block,2,1,128,4.71,0,0,300,300,300
Block,22,-13,499.5,4.71,0,0,300,300,300
Block,-42,1,-10.5,4.71,0,0,300,300,300
Block,22,1,-34.5,4.71,0,0,300,300,300
Block,7,1,-43,4.71,0,0,300,300,300
Block,-24,1,25,4.71,0,0,300,300,300
Block,47,-13,502.5,4.71,0,0,300,300,300
Block,-41,1,446.5,4.71,0,0,300,300,300
Block,7,1,60.5,4.71,0,0,300,300,300
Block,-32,1,467,4.71,0,0,300,300,300
Block,-38,1,434.5,4.71,0,0,300,300,300
Block,48,1,107,4.71,0,0,300,300,300
Block,10,1,329.5,4.71,0,0,300,300,300
Block,56,-13,508.5,4.71,0,0,300,300,300
Block,16,1,7,4.71,0,0,300,300,300
Block,-11,-13,473,4.71,0,0,300,300,300
Block,-53,1,455.5,4.71,0,0,300,300,300
Block,19,-13,485,4.71,0,0,300,300,300
Block,-10,1,122,4.71,0,0,300,300,300
Block,39,1,208,4.71,0,0,300,300,300
Block,1,-13,431.5,4.71,0,0,300,300,300
Block,-5,1,261.5,4.71,0,0,300,300,300
Block,-11,-13,479,4.71,0,0,300,300,300
Block,22,1,4,4.71,0,0,300,300,300
Block,-2,1,-43,4.71,0,0,300,300,300
Block,72,1,172.5,4.71,0,0,300,300,300
Block,-5,-13,514.5,4.71,0,0,300,300,300
Block,48,1,213.5,4.71,0,0,300,300,300
Block,36,1,137,4.71,0,0,300,300,300
Block,-51,1,42.5,4.71,0,0,300,300,300
Block,16,1,314.5,4.71,0,0,300,300,300
Block,-44,1,390,4.71,0,0,300,300,300
Block,-21,1,19,4.71,0,0,300,300,300
Block,-57,1,-28.5,4.71,0,0,300,300,300
Block,19,-13,437.5,4.71,0,0,300,300,300
Block,-17,1,440.5,4.71,0,0,300,300,300
Block,-17,1,-10.5,4.71,0,0,300,300,300
Block,-5,1,317.5,4.71,0,0,300,300,300
Block,56,-13,485,4.71,0,0,300,300,300
Block,2,1,193,4.71,0,0,300,300,300
Block,30,1,210.5,4.71,0,0,300,300,300
Block,35,-13,505.5,4.71,0,0,300,300,300
Block,-63,1,28,4.71,0,0,300,300,300
Tree,62.88,20.18,328.76,0,1.05,0,28.48,64.35,28.48
Block,47,-13,458,4.71,0,0,300,300,300
Tree,-30.47,20.18,180.8,0,4.97,0,28.48,64.35,28.48
Block,16,1,309,4.71,0,0,300,300,300
Block,-4,1,175,4.71,0,0,300,300,300
Block,28,-13,485,4.71,0,0,300,300,300
Block,44,-13,417,4.71,0,0,300,300,300
Block,-8,1,78,4.71,0,0,300,300,300
Block,28,1,285,4.71,0,0,300,300,300
Block,-23,1,375.5,4.71,0,0,300,300,300
Block,28,1,241,4.71,0,0,300,300,300
Block,-26,1,508.5,4.71,0,0,300,300,300
Block,-30,1,-2,4.71,0,0,300,300,300
Block,-23,1,446.5,4.71,0,0,300,300,300
Block,25,-13,482,4.71,0,0,300,300,300
Block,-50,1,452.5,4.71,0,0,300,300,300
Block,-45,1,33.5,4.71,0,0,300,300,300
Block,22,-13,387,4.71,0,0,300,300,300
Block,22,1,51.5,4.71,0,0,300,300,300
Block,-16,1,157.5,4.71,0,0,300,300,300
Tree,78.92,20.18,180.98,0,1.05,0,28.48,64.35,28.48
Block,-27,1,69,4.71,0,0,300,300,300
Block,-8,1,285,4.71,0,0,300,300,300
Block,-54,1,-10.5,4.71,0,0,300,300,300
Block,-2,1,235,4.71,0,0,300,300,300
Block,36,1,187,4.71,0,0,300,300,300
Block,66,1,225.5,4.71,0,0,300,300,300
Block,-48,1,25,4.71,0,0,300,300,300
Block,-47,1,381.5,4.71,0,0,300,300,300
Block,-14,1,-40,4.71,0,0,300,300,300
Block,45,1,208,4.71,0,0,300,300,300
Block,-29,1,384.5,4.71,0,0,300,300,300
Block,-13,1,163.5,4.71,0,0,300,300,300
Block,72,1,184,4.71,0,0,300,300,300
Block,35,-13,422.5,4.71,0,0,300,300,300
Block,19,-13,381.5,4.71,0,0,300,300,300
Block,45,1,145.5,4.71,0,0,300,300,300
Block,8,1,125,4.71,0,0,300,300,300
Block,7,-13,452.5,4.71,0,0,300,300,300
Block,16,1,326.5,4.71,0,0,300,300,300
Block,1,1,350,4.71,0,0,300,300,300
Block,10,1,306,4.71,0,0,300,300,300
Block,-33,1,33.5,4.71,0,0,300,300,300
Block,28,1,329.5,4.71,0,0,300,300,300
Block,-20,1,384.5,4.71,0,0,300,300,300
Block,-26,1,440.5,4.71,0,0,300,300,300
Block,28,-13,417,4.71,0,0,300,300,300
Block,35,-13,458,4.71,0,0,300,300,300
Block,13,-13,491,4.71,0,0,300,300,300
Block,1,1,306,4.71,0,0,300,300,300
Block,-4,1,178,4.71,0,0,300,300,300
Block,28,-13,443.5,4.71,0,0,300,300,300
Block,-10,1,95.5,4.71,0,0,300,300,300
Block,-4,1,210.5,4.71,0,0,300,300,300
Block,25,1,232,4.71,0,0,300,300,300
Block,13,-13,508.5,4.71,0,0,300,300,300
Block,-63,1,54.5,4.71,0,0,300,300,300
Block,-2,1,312,4.71,0,0,300,300,300
Block,19,-13,452.5,4.71,0,0,300,300,300
Block,63,1,193,4.71,0,0,300,300,300
Block,-47,1,399,4.71,0,0,300,300,300
Block,-39,1,-49,4.71,0,0,300,300,300
Block,-14,1,384.5,4.71,0,0,300,300,300
Block,-14,1,499.5,4.71,0,0,300,300,300
Block,44,-13,384.5,4.71,0,0,300,300,300
Block,-1,1,196,4.71,0,0,300,300,300
Block,8,1,208,4.71,0,0,300,300,300
Block,-8,1,243.5,4.71,0,0,300,300,300
Block,-4,1,125,4.71,0,0,300,300,300
Block,-1,1,134,4.71,0,0,300,300,300
Block,42,1,187,4.71,0,0,300,300,300
Block,14,1,219.5,4.71,0,0,300,300,300
Block,19,-13,511.5,4.71,0,0,300,300,300
Block,20,1,187,4.71,0,0,300,300,300
Block,-30,1,60.5,4.71,0,0,300,300,300
Block,11,1,199,4.71,0,0,300,300,300
Block,16,1,-46,4.71,0,0,300,300,300
Tree,-62.29,20.18,77.51,0,4.97,0,28.48,64.35,28.48
Block,7,1,72,4.71,0,0,300,300,300
Block,26,1,163.5,4.71,0,0,300,300,300
Block,-23,1,428.5,4.71,0,0,300,300,300
Block,-41,1,408,4.71,0,0,300,300,300
Block,-14,1,387,4.71,0,0,300,300,300
Block,16,1,-37.5,4.71,0,0,300,300,300
Block,1,1,252.5,4.71,0,0,300,300,300
Block,31,-13,493.5,4.71,0,0,300,300,300
Block,-24,1,-46,4.71,0,0,300,300,300
Block,5,1,107,4.71,0,0,300,300,300
Block,-5,1,264.5,4.71,0,0,300,300,300
Block,25,1,4,4.71,0,0,300,300,300
Block,53,-13,425.5,4.71,0,0,300,300,300
Block,20,1,184,4.71,0,0,300,300,300
Block,31,-13,514.5,4.71,0,0,300,300,300
Block,20,1,169.5,4.71,0,0,300,300,300
Block,25,1,306,4.71,0,0,300,300,300
Block,31,1,285,4.71,0,0,300,300,300
Block,1,-13,428.5,4.71,0,0,300,300,300
Block,28,-13,473,4.71,0,0,300,300,300
Block,59,-13,508.5,4.71,0,0,300,300,300
Block,-26,1,393,4.71,0,0,300,300,300
Block,-17,1,458,4.71,0,0,300,300,300
Block,-32,1,482,4.71,0,0,300,300,300
Block,71,-13,381.5,4.71,0,0,300,300,300
Block,53,-13,482,4.71,0,0,300,300,300
Block,-7,1,172.5,4.71,0,0,300,300,300
Block,8,1,137,4.71,0,0,300,300,300
Grass,35.55,-2.73,485.77,0,0,0,11,11,11
Block,-50,1,511.5,4.71,0,0,300,300,300
Block,68,-13,390,4.71,0,0,300,300,300
Block,-24,1,39.5,4.71,0,0,300,300,300
Grass,6.55,0.27,51.77,0,0,0,11,11,11
Block,4,-13,491,4.71,0,0,300,300,300
Block,16,1,344.5,4.71,0,0,300,300,300
Block,22,1,267.5,4.71,0,0,300,300,300
Block,-5,-13,499.5,4.71,0,0,300,300,300
Block,-33,1,69,4.71,0,0,300,300,300
Block,68,-13,440.5,4.71,0,0,300,300,300
Block,-5,1,-13.5,4.71,0,0,300,300,300
Block,-32,1,378.5,4.71,0,0,300,300,300
Block,28,-13,461,4.71,0,0,300,300,300
Block,-2,-13,384.5,4.71,0,0,300,300,300
Block,54,1,125,4.71,0,0,300,300,300
Block,-41,1,375.5,4.71,0,0,300,300,300
Block,-2,1,90,4.71,0,0,300,300,300
Block,77,-13,511.5,4.71,0,0,300,300,300
Block,25,1,312,4.71,0,0,300,300,300
Block,5,1,122,4.71,0,0,300,300,300
Block,10,1,249.5,4.71,0,0,300,300,300
Block,63,1,137,4.71,0,0,300,300,300
Block,72,1,231.5,4.71,0,0,300,300,300
Block,22,1,338.5,4.71,0,0,300,300,300
Block,4,-13,479,4.71,0,0,300,300,300
Block,60,1,128,4.71,0,0,300,300,300
Block,-8,-13,422.5,4.71,0,0,300,300,300
Block,8,1,151.5,4.71,0,0,300,300,300
Block,4,1,368,4.71,0,0,300,300,300
Block,-26,1,431.5,4.71,0,0,300,300,300
Block,25,-13,381.5,4.71,0,0,300,300,300
Block,74,-13,381.5,4.71,0,0,300,300,300
Block,-38,1,452.5,4.71,0,0,300,300,300
Block,2,1,228.5,4.71,0,0,300,300,300
Block,-53,1,434.5,4.71,0,0,300,300,300
Block,-7,1,101.5,4.71,0,0,300,300,300
Block,23,1,187,4.71,0,0,300,300,300
Block,66,1,228.5,4.71,0,0,300,300,300
Block,-35,1,414,4.71,0,0,300,300,300
Block,-29,1,464,4.71,0,0,300,300,300
Block,4,-13,499.5,4.71,0,0,300,300,300
Block,-21,1,36.5,4.71,0,0,300,300,300
Block,16,1,356,4.71,0,0,300,300,300
Block,-14,1,464,4.71,0,0,300,300,300
Block,-56,1,393,4.71,0,0,300,300,300
Block,-2,1,78,4.71,0,0,300,300,300
Block,47,-13,399,4.71,0,0,300,300,300
Block,-14,1,7,4.71,0,0,300,300,300
Block,68,-13,508.5,4.71,0,0,300,300,300
Block,-20,1,464,4.71,0,0,300,300,300
Block,-8,1,-31.5,4.71,0,0,300,300,300
Block,5,1,151.5,4.71,0,0,300,300,300
Block,1,-13,502.5,4.71,0,0,300,300,300
Grass,1.55,-2.73,437.77,0,0,0,11,11,11
Block,53,-13,396,4.71,0,0,300,300,300
Block,8,1,219.5,4.71,0,0,300,300,300
Block,10,-13,446.5,4.71,0,0,300,300,300
Block,7,-13,375.5,4.71,0,0,300,300,300
Block,-2,-13,508.5,4.71,0,0,300,300,300
Block,-8,1,-10.5,4.71,0,0,300,300,300
Block,19,1,-40,4.71,0,0,300,300,300
Block,-11,-13,446.5,4.71,0,0,300,300,300
Block,-4,1,128,4.71,0,0,300,300,300
Block,16,1,66.5,4.71,0,0,300,300,300
Block,25,1,-46,4.71,0,0,300,300,300
Block,38,-13,461,4.71,0,0,300,300,300
Block,-17,1,470,4.71,0,0,300,300,300
Block,-2,-13,411,4.71,0,0,300,300,300
Block,22,-13,414,4.71,0,0,300,300,300
Block,-24,1,90,4.71,0,0,300,300,300
Block,-1,1,169.5,4.71,0,0,300,300,300
Block,-17,1,42.5,4.71,0,0,300,300,300
Block,28,1,309,4.71,0,0,300,300,300
Block,10,-13,491,4.71,0,0,300,300,300
Block,4,-13,476,4.71,0,0,300,300,300
Block,-36,1,22,4.71,0,0,300,300,300
Block,-11,-13,508.5,4.71,0,0,300,300,300
Block,-57,1,19,4.71,0,0,300,300,300
Block,-24,1,4,4.71,0,0,300,300,300
Block,36,1,92.5,4.71,0,0,300,300,300
Block,-14,1,482,4.71,0,0,300,300,300
Block,14,1,216.5,4.71,0,0,300,300,300
Block,2,1,222.5,4.71,0,0,300,300,300
Block,-1,1,222.5,4.71,0,0,300,300,300
Block,-53,1,425.5,4.71,0,0,300,300,300
Block,53,-13,384.5,4.71,0,0,300,300,300
Block,42,1,125,4.71,0,0,300,300,300
Block,-14,1,488,4.71,0,0,300,300,300
Block,16,-13,414,4.71,0,0,300,300,300
Block,7,-13,384.5,4.71,0,0,300,300,300
Block,-60,1,25,4.71,0,0,300,300,300
Block,22,1,309,4.71,0,0,300,300,300
Block,-1,1,151.5,4.71,0,0,300,300,300
Block,44,-13,488,4.71,0,0,300,300,300
Block,54,1,134,4.71,0,0,300,300,300
Block,-39,1,81,4.71,0,0,300,300,300
Block,19,1,323.5,4.71,0,0,300,300,300
Block,77,-13,399,4.71,0,0,300,300,300
Block,-7,1,163.5,4.71,0,0,300,300,300
Block,59,-13,491,4.71,0,0,300,300,300
Block,39,1,142.5,4.71,0,0,300,300,300
Block,16,1,353,4.71,0,0,300,300,300
Block,-26,1,491,4.71,0,0,300,300,300
Block,-45,1,72,4.71,0,0,300,300,300
Block,-14,1,437.5,4.71,0,0,300,300,300
Block,71,-13,437.5,4.71,0,0,300,300,300
Block,-20,1,461,4.71,0,0,300,300,300
Block,20,1,122,4.71,0,0,300,300,300
Block,13,1,63.5,4.71,0,0,300,300,300
Block,31,1,297,4.71,0,0,300,300,300
Block,-10,1,151.5,4.71,0,0,300,300,300
Block,69,1,196,4.71,0,0,300,300,300
Block,17,1,148.5,4.71,0,0,300,300,300
Block,31,1,282,4.71,0,0,300,300,300
Block,-24,1,45.5,4.71,0,0,300,300,300
Block,-17,1,-22.5,4.71,0,0,300,300,300
Block,4,1,84,4.71,0,0,300,300,300
Block,28,-13,493.5,4.71,0,0,300,300,300
Block,-36,1,33.5,4.71,0,0,300,300,300
Block,-11,1,-25.5,4.71,0,0,300,300,300
Block,-8,1,320.5,4.71,0,0,300,300,300
Block,-32,1,396,4.71,0,0,300,300,300
Block,44,-13,393,4.71,0,0,300,300,300
Block,-1,1,187,4.71,0,0,300,300,300
Block,39,1,131,4.71,0,0,300,300,300
Block,7,1,19,4.71,0,0,300,300,300
Block,-30,1,-37.5,4.71,0,0,300,300,300
Block,-57,1,45.5,4.71,0,0,300,300,300
Block,-5,1,28,4.71,0,0,300,300,300
Block,2,1,225.5,4.71,0,0,300,300,300
Block,-21,1,90,4.71,0,0,300,300,300
Block,71,-13,476,4.71,0,0,300,300,300
Block,20,1,178,4.71,0,0,300,300,300
Block,-10,1,184,4.71,0,0,300,300,300
Block,10,1,300,4.71,0,0,300,300,300
Block,-27,1,87,4.71,0,0,300,300,300
Block,33,1,181,4.71,0,0,300,300,300
Block,68,-13,375.5,4.71,0,0,300,300,300
Block,-17,1,511.5,4.71,0,0,300,300,300
Block,-21,1,-7.5,4.71,0,0,300,300,300
Block,-14,1,420,4.71,0,0,300,300,300
Block,-60,1,-13.5,4.71,0,0,300,300,300
Block,14,1,110,4.71,0,0,300,300,300
Block,-20,1,455.5,4.71,0,0,300,300,300
Block,44,-13,390,4.71,0,0,300,300,300
Block,16,1,45.5,4.71,0,0,300,300,300
Block,28,-13,402,4.71,0,0,300,300,300
Block,56,-13,437.5,4.71,0,0,300,300,300
Block,45,1,190,4.71,0,0,300,300,300
Block,1,1,7,4.71,0,0,300,300,300
Block,-26,1,422.5,4.71,0,0,300,300,300
Block,48,1,116,4.71,0,0,300,300,300
Block,7,1,270.5,4.71,0,0,300,300,300
Block,19,1,57.5,4.71,0,0,300,300,300
Block,33,1,225.5,4.71,0,0,300,300,300
Block,-38,1,464,4.71,0,0,300,300,300
Block,-45,1,-4.5,4.71,0,0,300,300,300
Block,56,-13,455.5,4.71,0,0,300,300,300
Block,-11,1,-49,4.71,0,0,300,300,300
Block,-36,1,-37.5,4.71,0,0,300,300,300
Block,7,-13,514.5,4.71,0,0,300,300,300
Block,5,1,187,4.71,0,0,300,300,300
Block,77,-13,393,4.71,0,0,300,300,300
Block,31,-13,437.5,4.71,0,0,300,300,300
Block,62,-13,411,4.71,0,0,300,300,300
Block,41,-13,491,4.71,0,0,300,300,300
Block,-42,1,66.5,4.71,0,0,300,300,300
Block,-1,1,213.5,4.71,0,0,300,300,300
Block,36,1,166.5,4.71,0,0,300,300,300
Block,20,1,151.5,4.71,0,0,300,300,300
Block,10,1,264.5,4.71,0,0,300,300,300
Block,-8,1,323.5,4.71,0,0,300,300,300
Block,-27,1,-13.5,4.71,0,0,300,300,300
Block,-14,1,461,4.71,0,0,300,300,300
Block,-39,1,-7.5,4.71,0,0,300,300,300
Block,25,1,282,4.71,0,0,300,300,300
Block,-20,1,485,4.71,0,0,300,300,300
Block,20,1,137,4.71,0,0,300,300,300
Block,-39,1,66.5,4.71,0,0,300,300,300
Block,65,-13,461,4.71,0,0,300,300,300
Block,-8,1,356,4.71,0,0,300,300,300
Block,-39,1,90,4.71,0,0,300,300,300
Block,16,1,232,4.71,0,0,300,300,300
Block,50,-13,482,4.71,0,0,300,300,300
Block,23,1,148.5,4.71,0,0,300,300,300
Block,-14,1,393,4.71,0,0,300,300,300
Block,-54,1,-2,4.71,0,0,300,300,300
Block,-5,1,45.5,4.71,0,0,300,300,300
Block,7,1,63.5,4.71,0,0,300,300,300
Block,-44,1,428.5,4.71,0,0,300,300,300
Block,69,1,175,4.71,0,0,300,300,300
Block,1,1,-49,4.71,0,0,300,300,300
Block,19,1,353,4.71,0,0,300,300,300
Block,-10,1,92.5,4.71,0,0,300,300,300
Block,17,1,154.5,4.71,0,0,300,300,300
Block,-57,1,-13.5,4.71,0,0,300,300,300
Block,39,1,219.5,4.71,0,0,300,300,300
Block,33,1,196,4.71,0,0,300,300,300
Block,57,1,178,4.71,0,0,300,300,300
Block,16,1,243.5,4.71,0,0,300,300,300
Block,57,1,160.5,4.71,0,0,300,300,300
Block,71,-13,496.5,4.71,0,0,300,300,300
Block,-54,1,-7.5,4.71,0,0,300,300,300
Block,72,1,166.5,4.71,0,0,300,300,300
Block,-26,1,467,4.71,0,0,300,300,300
Block,-27,1,-43,4.71,0,0,300,300,300
Block,20,1,166.5,4.71,0,0,300,300,300
Block,69,1,228.5,4.71,0,0,300,300,300
Block,31,-13,381.5,4.71,0,0,300,300,300
Block,44,-13,396,4.71,0,0,300,300,300
Block,63,1,210.5,4.71,0,0,300,300,300
Block,25,-13,434.5,4.71,0,0,300,300,300
Block,50,-13,414,4.71,0,0,300,300,300
Block,-11,1,-28.5,4.71,0,0,300,300,300
Block,63,1,163.5,4.71,0,0,300,300,300
Block,22,-13,514.5,4.71,0,0,300,300,300
Block,42,1,157.5,4.71,0,0,300,300,300
Block,1,-13,496.5,4.71,0,0,300,300,300
Block,7,-13,378.5,4.71,0,0,300,300,300
Block,16,1,-10.5,4.71,0,0,300,300,300
Block,10,-13,482,4.71,0,0,300,300,300
Block,48,1,157.5,4.71,0,0,300,300,300
Block,-20,1,479,4.71,0,0,300,300,300
Block,-33,1,84,4.71,0,0,300,300,300
Block,13,-13,408,4.71,0,0,300,300,300
Block,50,-13,428.5,4.71,0,0,300,300,300
Block,7,1,-49,4.71,0,0,300,300,300
Block,1,1,323.5,4.71,0,0,300,300,300
Block,-16,1,202,4.71,0,0,300,300,300
Block,11,1,178,4.71,0,0,300,300,300
Block,66,1,92.5,4.71,0,0,300,300,300
Block,-60,1,-16.5,4.71,0,0,300,300,300
Block,28,-13,384.5,4.71,0,0,300,300,300
Grass,23.55,0.27,270.77,0,0,0,11,11,11
Block,56,-13,488,4.71,0,0,300,300,300
Block,65,-13,420,4.71,0,0,300,300,300
Block,63,1,107,4.71,0,0,300,300,300
Block,41,-13,446.5,4.71,0,0,300,300,300
Block,-38,1,514.5,4.71,0,0,300,300,300
Block,39,1,178,4.71,0,0,300,300,300
Block,-33,1,87,4.71,0,0,300,300,300
Block,22,-13,485,4.71,0,0,300,300,300
Block,45,1,163.5,4.71,0,0,300,300,300
Block,4,-13,511.5,4.71,0,0,300,300,300
Block,47,-13,420,4.71,0,0,300,300,300
Block,-50,1,425.5,4.71,0,0,300,300,300
Block,-5,1,51.5,4.71,0,0,300,300,300
Block,-47,1,396,4.71,0,0,300,300,300
Block,-21,1,54.5,4.71,0,0,300,300,300
Block,-32,1,443.5,4.71,0,0,300,300,300
Block,-8,1,282,4.71,0,0,300,300,300
Block,-2,1,332.5,4.71,0,0,300,300,300
Block,-17,1,10,4.71,0,0,300,300,300
Block,-26,1,446.5,4.71,0,0,300,300,300
Block,50,-13,491,4.71,0,0,300,300,300
Block,22,1,48.5,4.71,0,0,300,300,300
Block,-13,1,98.5,4.71,0,0,300,300,300
Block,-24,1,-22.5,4.71,0,0,300,300,300
Block,7,-13,428.5,4.71,0,0,300,300,300
Block,10,1,-10.5,4.71,0,0,300,300,300
Block,-41,1,452.5,4.71,0,0,300,300,300
Block,-21,1,84,4.71,0,0,300,300,300
Block,-2,1,-22.5,4.71,0,0,300,300,300
Block,-17,1,437.5,4.71,0,0,300,300,300
Block,68,-13,437.5,4.71,0,0,300,300,300
Block,-16,1,154.5,4.71,0,0,300,300,300
Block,-4,1,231.5,4.71,0,0,300,300,300
Block,-11,1,16,4.71,0,0,300,300,300
Block,66,1,199,4.71,0,0,300,300,300
Block,65,-13,393,4.71,0,0,300,300,300
Block,63,1,228.5,4.71,0,0,300,300,300
Block,31,-13,485,4.71,0,0,300,300,300
Block,47,-13,449.5,4.71,0,0,300,300,300
Block,-8,-13,496.5,4.71,0,0,300,300,300
Block,71,-13,434.5,4.71,0,0,300,300,300
Block,56,-13,420,4.71,0,0,300,300,300
Block,10,1,7,4.71,0,0,300,300,300
Block,36,1,193,4.71,0,0,300,300,300
Block,25,-13,414,4.71,0,0,300,300,300
Block,31,-13,390,4.71,0,0,300,300,300
Block,-7,1,125,4.71,0,0,300,300,300
Block,42,1,113,4.71,0,0,300,300,300
Block,-8,1,317.5,4.71,0,0,300,300,300
Block,-38,1,417,4.71,0,0,300,300,300
Block,-45,1,54.5,4.71,0,0,300,300,300
Block,-35,1,479,4.71,0,0,300,300,300
Block,-50,1,402,4.71,0,0,300,300,300
Block,16,1,25,4.71,0,0,300,300,300
Block,-42,1,78,4.71,0,0,300,300,300
Block,22,-13,502.5,4.71,0,0,300,300,300
Block,23,1,151.5,4.71,0,0,300,300,300
Block,16,-13,440.5,4.71,0,0,300,300,300
Block,-27,1,63.5,4.71,0,0,300,300,300
Block,53,-13,437.5,4.71,0,0,300,300,300
Block,-47,1,458,4.71,0,0,300,300,300
Block,-39,1,39.5,4.71,0,0,300,300,300
Block,19,1,291,4.71,0,0,300,300,300
Block,74,-13,425.5,4.71,0,0,300,300,300
Block,-33,1,42.5,4.71,0,0,300,300,300
Grass,66.55,6.27,223.77,0,0,0,11,11,11
Block,-2,1,81,4.71,0,0,300,300,300
Block,4,1,-49,4.71,0,0,300,300,300
Block,7,1,48.5,4.71,0,0,300,300,300
Block,42,1,178,4.71,0,0,300,300,300
Block,19,1,288,4.71,0,0,300,300,300
Block,-4,1,208,4.71,0,0,300,300,300
Block,25,1,344.5,4.71,0,0,300,300,300
Block,54,1,181,4.71,0,0,300,300,300
Block,36,1,128,4.71,0,0,300,300,300
Block,77,-13,514.5,4.71,0,0,300,300,300
Block,-11,1,267.5,4.71,0,0,300,300,300
Block,25,1,249.5,4.71,0,0,300,300,300
Block,25,-13,428.5,4.71,0,0,300,300,300
Block,10,1,276.5,4.71,0,0,300,300,300
Block,1,1,356,4.71,0,0,300,300,300
Block,4,1,255.5,4.71,0,0,300,300,300
Block,-63,1,-7.5,4.71,0,0,300,300,300
Block,-2,1,368,4.71,0,0,300,300,300
Block,-10,1,101.5,4.71,0,0,300,300,300
Block,35,-13,414,4.71,0,0,300,300,300
Block,54,1,205,4.71,0,0,300,300,300
Block,-13,1,154.5,4.71,0,0,300,300,300
Block,16,-13,496.5,4.71,0,0,300,300,300
Block,-63,1,13,4.71,0,0,300,300,300
Block,7,1,258.5,4.71,0,0,300,300,300
Block,-11,1,294,4.71,0,0,300,300,300
Block,56,-13,452.5,4.71,0,0,300,300,300
Block,31,-13,455.5,4.71,0,0,300,300,300
Block,-8,1,7,4.71,0,0,300,300,300
Block,74,-13,402,4.71,0,0,300,300,300
Block,4,1,261.5,4.71,0,0,300,300,300
Block,-24,1,-49,4.71,0,0,300,300,300
Block,-38,1,431.5,4.71,0,0,300,300,300
Block,-5,1,-4.5,4.71,0,0,300,300,300
Block,-33,1,36.5,4.71,0,0,300,300,300
Block,-38,1,440.5,4.71,0,0,300,300,300
Block,-7,1,199,4.71,0,0,300,300,300
Block,17,1,199,4.71,0,0,300,300,300
Block,4,-13,464,4.71,0,0,300,300,300
Block,-38,1,375.5,4.71,0,0,300,300,300
Block,13,1,72,4.71,0,0,300,300,300
Block,54,1,172.5,4.71,0,0,300,300,300
Block,22,-13,440.5,4.71,0,0,300,300,300
Block,-47,1,402,4.71,0,0,300,300,300
Block,47,-13,443.5,4.71,0,0,300,300,300
Block,65,-13,411,4.71,0,0,300,300,300
Block,25,1,-34.5,4.71,0,0,300,300,300
Block,47,-13,455.5,4.71,0,0,300,300,300
Block,-53,1,437.5,4.71,0,0,300,300,300
Block,23,1,172.5,4.71,0,0,300,300,300
Block,7,-13,393,4.71,0,0,300,300,300
Block,33,1,139.5,4.71,0,0,300,300,300
Block,-2,1,335.5,4.71,0,0,300,300,300
Block,-16,1,104,4.71,0,0,300,300,300
Block,-8,1,-7.5,4.71,0,0,300,300,300
Block,62,-13,425.5,4.71,0,0,300,300,300
Block,-8,1,-19.5,4.71,0,0,300,300,300
Block,-11,1,303,4.71,0,0,300,300,300
Block,77,-13,408,4.71,0,0,300,300,300
Block,7,1,241,4.71,0,0,300,300,300
Block,-26,1,502.5,4.71,0,0,300,300,300
Block,28,-13,393,4.71,0,0,300,300,300
Block,23,1,175,4.71,0,0,300,300,300
Block,-56,1,467,4.71,0,0,300,300,300
Block,16,-13,428.5,4.71,0,0,300,300,300
Block,-48,1,33.5,4.71,0,0,300,300,300
Block,-17,1,7,4.71,0,0,300,300,300
Block,-4,1,134,4.71,0,0,300,300,300
Block,54,1,139.5,4.71,0,0,300,300,300
Block,-63,1,57.5,4.71,0,0,300,300,300
Block,17,1,216.5,4.71,0,0,300,300,300
Block,-44,1,414,4.71,0,0,300,300,300
Block,65,-13,378.5,4.71,0,0,300,300,300
Block,25,1,238,4.71,0,0,300,300,300
Block,-54,1,-19.5,4.71,0,0,300,300,300
Block,13,1,-16.5,4.71,0,0,300,300,300
Block,4,1,54.5,4.71,0,0,300,300,300
Block,-4,1,110,4.71,0,0,300,300,300
Block,13,-13,402,4.71,0,0,300,300,300
Block,-16,1,139.5,4.71,0,0,300,300,300
Block,-16,1,137,4.71,0,0,300,300,300
Block,57,1,222.5,4.71,0,0,300,300,300
Block,71,-13,428.5,4.71,0,0,300,300,300
Block,16,1,297,4.71,0,0,300,300,300
Block,-27,1,-31.5,4.71,0,0,300,300,300
Block,7,1,303,4.71,0,0,300,300,300
Block,-2,1,243.5,4.71,0,0,300,300,300
Block,-11,-13,499.5,4.71,0,0,300,300,300
Block,-44,1,378.5,4.71,0,0,300,300,300
Block,-48,1,22,4.71,0,0,300,300,300
Block,-51,1,-22.5,4.71,0,0,300,300,300
Block,-11,-13,491,4.71,0,0,300,300,300
Block,-32,1,414,4.71,0,0,300,300,300
Block,35,-13,437.5,4.71,0,0,300,300,300
Block,47,-13,488,4.71,0,0,300,300,300
Grass,63.55,6.27,179.77,0,0,0,11,11,11
Block,-32,1,479,4.71,0,0,300,300,300
Block,57,1,199,4.71,0,0,300,300,300
Block,36,1,131,4.71,0,0,300,300,300
Block,38,-13,482,4.71,0,0,300,300,300
Block,19,-13,390,4.71,0,0,300,300,300
Block,-41,1,455.5,4.71,0,0,300,300,300
Block,45,1,157.5,4.71,0,0,300,300,300
Block,11,1,210.5,4.71,0,0,300,300,300
Block,-17,1,461,4.71,0,0,300,300,300
Block,-54,1,-37.5,4.71,0,0,300,300,300
Block,-8,-13,420,4.71,0,0,300,300,300
Block,35,-13,485,4.71,0,0,300,300,300
Block,-13,1,166.5,4.71,0,0,300,300,300
Block,17,1,104,4.71,0,0,300,300,300
Block,45,1,122,4.71,0,0,300,300,300
Block,17,1,151.5,4.71,0,0,300,300,300
Block,4,1,335.5,4.71,0,0,300,300,300
Block,17,1,131,4.71,0,0,300,300,300
Block,-10,1,231.5,4.71,0,0,300,300,300
Block,-39,1,69,4.71,0,0,300,300,300
Block,-54,1,-49,4.71,0,0,300,300,300
Block,11,1,175,4.71,0,0,300,300,300
Block,74,-13,378.5,4.71,0,0,300,300,300
Block,19,-13,502.5,4.71,0,0,300,300,300
Block,1,1,347.5,4.71,0,0,300,300,300
Block,69,1,210.5,4.71,0,0,300,300,300
Block,19,1,7,4.71,0,0,300,300,300
Block,-63,1,7,4.71,0,0,300,300,300
Block,35,-13,378.5,4.71,0,0,300,300,300
Block,-1,1,210.5,4.71,0,0,300,300,300
Block,44,-13,405,4.71,0,0,300,300,300
Block,56,-13,387,4.71,0,0,300,300,300
Block,54,1,142.5,4.71,0,0,300,300,300
Block,-5,1,25,4.71,0,0,300,300,300
Block,13,-13,455.5,4.71,0,0,300,300,300
Block,-4,1,202,4.71,0,0,300,300,300
Block,-17,1,434.5,4.71,0,0,300,300,300
Block,-7,1,113,4.71,0,0,300,300,300
Block,4,1,-25.5,4.71,0,0,300,300,300
Block,31,1,267.5,4.71,0,0,300,300,300
Block,20,1,213.5,4.71,0,0,300,300,300
Block,51,1,134,4.71,0,0,300,300,300
Block,13,-13,378.5,4.71,0,0,300,300,300
Block,-13,1,169.5,4.71,0,0,300,300,300
Block,53,-13,449.5,4.71,0,0,300,300,300
Block,60,1,228.5,4.71,0,0,300,300,300
Block,20,1,110,4.71,0,0,300,300,300
Block,-2,1,39.5,4.71,0,0,300,300,300
Block,-1,1,184,4.71,0,0,300,300,300
Block,-13,1,107,4.71,0,0,300,300,300
Block,-11,1,87,4.71,0,0,300,300,300
Block,-8,1,252.5,4.71,0,0,300,300,300
Block,1,-13,511.5,4.71,0,0,300,300,300
Block,13,-13,473,4.71,0,0,300,300,300
Block,1,1,78,4.71,0,0,300,300,300
Block,8,1,202,4.71,0,0,300,300,300
Block,4,-13,496.5,4.71,0,0,300,300,300
Block,22,1,294,4.71,0,0,300,300,300
Block,71,-13,461,4.71,0,0,300,300,300
Block,-8,1,235,4.71,0,0,300,300,300
Block,14,1,134,4.71,0,0,300,300,300
Block,-11,1,31,4.71,0,0,300,300,300
Block,71,-13,405,4.71,0,0,300,300,300
Block,25,1,309,4.71,0,0,300,300,300
Block,-36,1,1,4.71,0,0,300,300,300
Block,72,1,107,4.71,0,0,300,300,300
Block,-4,1,145.5,4.71,0,0,300,300,300
Block,-13,1,175,4.71,0,0,300,300,300
Block,25,1,-22.5,4.71,0,0,300,300,300
Block,48,1,166.5,4.71,0,0,300,300,300
Block,-16,1,225.5,4.71,0,0,300,300,300
Block,-5,-13,390,4.71,0,0,300,300,300
Block,-32,1,514.5,4.71,0,0,300,300,300
Block,4,-13,434.5,4.71,0,0,300,300,300
Block,7,-13,390,4.71,0,0,300,300,300
Block,-56,1,390,4.71,0,0,300,300,300
Block,16,1,-13.5,4.71,0,0,300,300,300
Block,25,1,243.5,4.71,0,0,300,300,300
Block,-41,1,440.5,4.71,0,0,300,300,300
Block,68,-13,443.5,4.71,0,0,300,300,300
Block,22,1,19,4.71,0,0,300,300,300
Block,30,1,193,4.71,0,0,300,300,300
Block,-32,1,455.5,4.71,0,0,300,300,300
Block,69,1,157.5,4.71,0,0,300,300,300
Block,36,1,208,4.71,0,0,300,300,300
Block,-29,1,455.5,4.71,0,0,300,300,300
Block,4,-13,473,4.71,0,0,300,300,300
Block,38,-13,446.5,4.71,0,0,300,300,300
Block,-5,1,285,4.71,0,0,300,300,300
Block,5,1,139.5,4.71,0,0,300,300,300
Block,-5,1,323.5,4.71,0,0,300,300,300
Block,-7,1,104,4.71,0,0,300,300,300
Block,66,1,160.5,4.71,0,0,300,300,300
Block,-8,-13,449.5,4.71,0,0,300,300,300
Block,-16,1,196,4.71,0,0,300,300,300
Block,28,1,356,4.71,0,0,300,300,300
Block,25,1,246.5,4.71,0,0,300,300,300
Block,-14,1,508.5,4.71,0,0,300,300,300
Block,28,-13,414,4.71,0,0,300,300,300
Block,-41,1,428.5,4.71,0,0,300,300,300
Block,1,-13,470,4.71,0,0,300,300,300
Block,62,-13,485,4.71,0,0,300,300,300
Block,36,1,216.5,4.71,0,0,300,300,300
Block,53,-13,455.5,4.71,0,0,300,300,300
Block,10,-13,437.5,4.71,0,0,300,300,300
Block,23,1,193,4.71,0,0,300,300,300
Block,8,1,181,4.71,0,0,300,300,300
Block,65,-13,508.5,4.71,0,0,300,300,300
Block,1,1,87,4.71,0,0,300,300,300
Block,-10,1,196,4.71,0,0,300,300,300
Block,72,1,160.5,4.71,0,0,300,300,300
Block,10,-13,485,4.71,0,0,300,300,300
Block,77,-13,505.5,4.71,0,0,300,300,300
Block,17,1,208,4.71,0,0,300,300,300
Block,-41,1,381.5,4.71,0,0,300,300,300
Block,35,-13,384.5,4.71,0,0,300,300,300
Block,41,-13,402,4.71,0,0,300,300,300
Block,23,1,202,4.71,0,0,300,300,300
Block,-45,1,57.5,4.71,0,0,300,300,300
Block,-38,1,411,4.71,0,0,300,300,300
Block,28,1,341.5,4.71,0,0,300,300,300
Block,2,1,142.5,4.71,0,0,300,300,300
Block,-2,1,87,4.71,0,0,300,300,300
Block,-5,1,72,4.71,0,0,300,300,300
Block,7,1,332.5,4.71,0,0,300,300,300
Block,7,1,-13.5,4.71,0,0,300,300,300
Block,1,1,25,4.71,0,0,300,300,300
Block,-10,1,193,4.71,0,0,300,300,300
Block,-20,1,443.5,4.71,0,0,300,300,300
Block,16,1,-4.5,4.71,0,0,300,300,300
Block,-44,1,396,4.71,0,0,300,300,300
Block,22,1,45.5,4.71,0,0,300,300,300
Block,-17,1,473,4.71,0,0,300,300,300
Block,48,1,139.5,4.71,0,0,300,300,300
Block,26,1,202,4.71,0,0,300,300,300
Block,-45,1,1,4.71,0,0,300,300,300
Block,-30,1,31,4.71,0,0,300,300,300
Block,1,1,303,4.71,0,0,300,300,300
Block,30,1,199,4.71,0,0,300,300,300
Block,31,-13,491,4.71,0,0,300,300,300
Block,-11,1,338.5,4.71,0,0,300,300,300
Block,-33,1,54.5,4.71,0,0,300,300,300
Block,-13,1,225.5,4.71,0,0,300,300,300
Block,77,-13,425.5,4.71,0,0,300,300,300
Block,-20,1,476,4.71,0,0,300,300,300
Block,26,1,216.5,4.71,0,0,300,300,300
Block,74,-13,499.5,4.71,0,0,300,300,300
Block,60,1,134,4.71,0,0,300,300,300
Block,-36,1,13,4.71,0,0,300,300,300
Block,25,1,69,4.71,0,0,300,300,300
Block,-7,1,208,4.71,0,0,300,300,300
Block,38,-13,505.5,4.71,0,0,300,300,300
Block,-14,1,396,4.71,0,0,300,300,300
Block,39,1,190,4.71,0,0,300,300,300
Block,-38,1,449.5,4.71,0,0,300,300,300
Block,77,-13,464,4.71,0,0,300,300,300
Block,11,1,107,4.71,0,0,300,300,300
Block,71,-13,502.5,4.71,0,0,300,300,300
Block,-17,1,488,4.71,0,0,300,300,300
Block,-23,1,502.5,4.71,0,0,300,300,300
Block,66,1,213.5,4.71,0,0,300,300,300
Block,-4,1,193,4.71,0,0,300,300,300
Block,11,1,196,4.71,0,0,300,300,300
Block,-32,1,425.5,4.71,0,0,300,300,300
Block,60,1,184,4.71,0,0,300,300,300
Block,60,1,175,4.71,0,0,300,300,300
Block,57,1,166.5,4.71,0,0,300,300,300
Block,25,1,276.5,4.71,0,0,300,300,300
Block,-10,1,190,4.71,0,0,300,300,300
Block,36,1,222.5,4.71,0,0,300,300,300
Block,-57,1,90,4.71,0,0,300,300,300
Block,44,-13,491,4.71,0,0,300,300,300
Block,-7,1,128,4.71,0,0,300,300,300
Block,-4,1,95.5,4.71,0,0,300,300,300
Block,-30,1,-7.5,4.71,0,0,300,300,300
Tree,-41.2,20.18,148.47,0,4.97,0,28.48,64.35,28.48
Block,72,1,137,4.71,0,0,300,300,300
Block,25,1,-4.5,4.71,0,0,300,300,300
Block,-47,1,493.5,4.71,0,0,300,300,300
Block,-5,-13,446.5,4.71,0,0,300,300,300
Block,13,-13,488,4.71,0,0,300,300,300
Block,-2,1,359,4.71,0,0,300,300,300
Block,-14,1,-22.5,4.71,0,0,300,300,300
Block,11,1,101.5,4.71,0,0,300,300,300
Block,44,-13,452.5,4.71,0,0,300,300,300
Block,-13,1,131,4.71,0,0,300,300,300
Block,56,-13,428.5,4.71,0,0,300,300,300
Block,8,1,148.5,4.71,0,0,300,300,300
Block,-35,1,482,4.71,0,0,300,300,300
Block,31,-13,464,4.71,0,0,300,300,300
Block,-47,1,390,4.71,0,0,300,300,300
Block,13,1,19,4.71,0,0,300,300,300
Block,-5,1,294,4.71,0,0,300,300,300
Block,50,-13,488,4.71,0,0,300,300,300
Block,-11,1,317.5,4.71,0,0,300,300,300
Block,25,1,264.5,4.71,0,0,300,300,300
Block,-5,1,279,4.71,0,0,300,300,300
Block,-51,1,-13.5,4.71,0,0,300,300,300
Block,13,1,362,4.71,0,0,300,300,300
Block,-24,1,60.5,4.71,0,0,300,300,300
Block,-47,1,434.5,4.71,0,0,300,300,300
Block,2,1,134,4.71,0,0,300,300,300
Block,45,1,92.5,4.71,0,0,300,300,300
Block,45,1,154.5,4.71,0,0,300,300,300
Block,13,1,39.5,4.71,0,0,300,300,300
Block,-21,1,66.5,4.71,0,0,300,300,300
Block,-42,1,-49,4.71,0,0,300,300,300
Block,1,1,-25.5,4.71,0,0,300,300,300
Block,47,-13,417,4.71,0,0,300,300,300
Block,22,1,264.5,4.71,0,0,300,300,300
Block,28,1,353,4.71,0,0,300,300,300
Block,-27,1,60.5,4.71,0,0,300,300,300
Block,4,-13,458,4.71,0,0,300,300,300
Block,20,1,139.5,4.71,0,0,300,300,300
Block,13,1,57.5,4.71,0,0,300,300,300
Block,51,1,160.5,4.71,0,0,300,300,300
Block,-11,1,232,4.71,0,0,300,300,300
Block,14,1,113,4.71,0,0,300,300,300
Block,-2,1,-7.5,4.71,0,0,300,300,300
Block,-56,1,384.5,4.71,0,0,300,300,300
Block,-44,1,482,4.71,0,0,300,300,300
Block,71,-13,402,4.71,0,0,300,300,300
Block,-35,1,387,4.71,0,0,300,300,300
Block,16,-13,375.5,4.71,0,0,300,300,300
Block,68,-13,434.5,4.71,0,0,300,300,300
Block,72,1,95.5,4.71,0,0,300,300,300
Block,10,-13,375.5,4.71,0,0,300,300,300
Block,28,1,276.5,4.71,0,0,300,300,300
Block,74,-13,375.5,4.71,0,0,300,300,300
Block,-45,1,31,4.71,0,0,300,300,300
Block,-47,1,384.5,4.71,0,0,300,300,300
Block,-13,1,116,4.71,0,0,300,300,300
Block,-38,1,425.5,4.71,0,0,300,300,300
Block,1,1,-43,4.71,0,0,300,300,300
Block,25,-13,452.5,4.71,0,0,300,300,300
Block,-8,-13,485,4.71,0,0,300,300,300
Block,-17,1,491,4.71,0,0,300,300,300
Block,-24,1,28,4.71,0,0,300,300,300
Block,-7,1,193,4.71,0,0,300,300,300
Block,13,1,288,4.71,0,0,300,300,300
Block,51,1,196,4.71,0,0,300,300,300
Block,74,-13,505.5,4.71,0,0,300,300,300
Block,-2,1,326.5,4.71,0,0,300,300,300
Block,22,1,347.5,4.71,0,0,300,300,300
Block,-24,1,-37.5,4.71,0,0,300,300,300
Block,17,1,231.5,4.71,0,0,300,300,300
Block,31,1,288,4.71,0,0,300,300,300
Block,69,1,113,4.71,0,0,300,300,300
Block,25,1,365,4.71,0,0,300,300,300
Block,41,-13,488,4.71,0,0,300,300,300
Block,-2,1,356,4.71,0,0,300,300,300
Block,-16,1,205,4.71,0,0,300,300,300
Block,36,1,178,4.71,0,0,300,300,300
Block,31,-13,387,4.71,0,0,300,300,300
Block,53,-13,405,4.71,0,0,300,300,300
Block,26,1,142.5,4.71,0,0,300,300,300
Block,-30,1,39.5,4.71,0,0,300,300,300
Block,26,1,139.5,4.71,0,0,300,300,300
Block,1,1,90,4.71,0,0,300,300,300
Block,74,-13,511.5,4.71,0,0,300,300,300
Block,16,1,291,4.71,0,0,300,300,300
Block,59,-13,449.5,4.71,0,0,300,300,300
Block,-47,1,499.5,4.71,0,0,300,300,300
Block,8,1,160.5,4.71,0,0,300,300,300
Block,10,1,235,4.71,0,0,300,300,300
Block,47,-13,499.5,4.71,0,0,300,300,300
Block,19,-13,405,4.71,0,0,300,300,300
Block,22,1,368,4.71,0,0,300,300,300
Block,2,1,107,4.71,0,0,300,300,300
Block,26,1,157.5,4.71,0,0,300,300,300
Grass,46.55,6.27,54.77,0,0,0,11,11,11
Block,56,-13,390,4.71,0,0,300,300,300
Block,-2,1,22,4.71,0,0,300,300,300
Block,30,1,208,4.71,0,0,300,300,300
Block,10,1,48.5,4.71,0,0,300,300,300
Block,25,1,-19.5,4.71,0,0,300,300,300
Block,-11,1,365,4.71,0,0,300,300,300
Block,69,1,125,4.71,0,0,300,300,300
Block,-5,1,69,4.71,0,0,300,300,300
Block,-27,1,10,4.71,0,0,300,300,300
Block,62,-13,402,4.71,0,0,300,300,300
Block,33,1,228.5,4.71,0,0,300,300,300
Block,25,1,72,4.71,0,0,300,300,300
Block,-53,1,467,4.71,0,0,300,300,300
Block,-27,1,-49,4.71,0,0,300,300,300
Block,-29,1,499.5,4.71,0,0,300,300,300
Block,-53,1,499.5,4.71,0,0,300,300,300
Block,-27,1,-22.5,4.71,0,0,300,300,300
Block,-8,-13,461,4.71,0,0,300,300,300
Block,-42,1,60.5,4.71,0,0,300,300,300
Block,69,1,172.5,4.71,0,0,300,300,300
Block,-17,1,28,4.71,0,0,300,300,300
Block,-23,1,482,4.71,0,0,300,300,300
Block,-10,1,134,4.71,0,0,300,300,300
Block,7,-13,470,4.71,0,0,300,300,300
Block,38,-13,511.5,4.71,0,0,300,300,300
Block,4,1,341.5,4.71,0,0,300,300,300
Block,74,-13,485,4.71,0,0,300,300,300
Block,1,1,241,4.71,0,0,300,300,300
Block,38,-13,437.5,4.71,0,0,300,300,300
Block,16,-13,505.5,4.71,0,0,300,300,300
Tree,-41,13,483,0,0,0,28.48,64.35,28.48
Block,36,1,160.5,4.71,0,0,300,300,300
Block,-48,1,7,4.71,0,0,300,300,300
Block,-8,1,255.5,4.71,0,0,300,300,300
Block,-60,1,78,4.71,0,0,300,300,300
Block,36,1,107,4.71,0,0,300,300,300
Block,4,1,48.5,4.71,0,0,300,300,300
Block,44,-13,502.5,4.71,0,0,300,300,300
Block,14,1,222.5,4.71,0,0,300,300,300
Block,53,-13,414,4.71,0,0,300,300,300
Block,-17,1,408,4.71,0,0,300,300,300
Block,-27,1,72,4.71,0,0,300,300,300
Block,51,1,178,4.71,0,0,300,300,300
Block,23,1,128,4.71,0,0,300,300,300
Block,-14,1,476,4.71,0,0,300,300,300
Block,28,1,235,4.71,0,0,300,300,300
Block,4,-13,422.5,4.71,0,0,300,300,300
Block,25,-13,470,4.71,0,0,300,300,300
Block,5,1,228.5,4.71,0,0,300,300,300
Block,4,1,353,4.71,0,0,300,300,300
Block,25,1,87,4.71,0,0,300,300,300
Block,1,1,31,4.71,0,0,300,300,300
Block,-8,1,13,4.71,0,0,300,300,300
Block,-11,1,252.5,4.71,0,0,300,300,300
Block,13,1,320.5,4.71,0,0,300,300,300
Block,-8,1,-40,4.71,0,0,300,300,300
Grass,25.55,0.27,121.77,0,0,0,11,11,11
Block,30,1,181,4.71,0,0,300,300,300
Block,-16,1,190,4.71,0,0,300,300,300
Block,22,-13,405,4.71,0,0,300,300,300
Block,-11,1,270.5,4.71,0,0,300,300,300
Block,63,1,134,4.71,0,0,300,300,300
Tree,-28.81,20.18,279.74,0,4.97,0,28.48,64.35,28.48
Block,-51,1,39.5,4.71,0,0,300,300,300
Block,-14,1,402,4.71,0,0,300,300,300
Block,-10,1,210.5,4.71,0,0,300,300,300
Block,-7,1,98.5,4.71,0,0,300,300,300
Block,-8,1,-25.5,4.71,0,0,300,300,300
Block,13,1,341.5,4.71,0,0,300,300,300
Block,-10,1,172.5,4.71,0,0,300,300,300
Block,-4,1,205,4.71,0,0,300,300,300
Block,-32,1,399,4.71,0,0,300,300,300
Block,-36,1,42.5,4.71,0,0,300,300,300
Block,-8,1,63.5,4.71,0,0,300,300,300
Block,72,1,151.5,4.71,0,0,300,300,300
Block,31,-13,434.5,4.71,0,0,300,300,300
Block,13,1,353,4.71,0,0,300,300,300
Block,-36,1,-31.5,4.71,0,0,300,300,300
Block,65,-13,493.5,4.71,0,0,300,300,300
Block,-23,1,449.5,4.71,0,0,300,300,300
Block,22,-13,464,4.71,0,0,300,300,300
Block,60,1,95.5,4.71,0,0,300,300,300
Block,57,1,216.5,4.71,0,0,300,300,300
Block,5,1,104,4.71,0,0,300,300,300
Block,25,-13,378.5,4.71,0,0,300,300,300
Block,51,1,128,4.71,0,0,300,300,300
Block,1,1,232,4.71,0,0,300,300,300
Block,-23,1,458,4.71,0,0,300,300,300
Block,16,-13,449.5,4.71,0,0,300,300,300
Block,-14,1,452.5,4.71,0,0,300,300,300
Block,-11,-13,384.5,4.71,0,0,300,300,300
Block,-57,1,33.5,4.71,0,0,300,300,300
Block,1,-13,420,4.71,0,0,300,300,300
Tree,76.97,20.18,228.36,0,1.05,0,28.48,64.35,28.48
Block,-11,-13,381.5,4.71,0,0,300,300,300
Block,-32,1,458,4.71,0,0,300,300,300
Block,-11,1,-16.5,4.71,0,0,300,300,300
Block,19,1,368,4.71,0,0,300,300,300
Block,14,1,205,4.71,0,0,300,300,300
Block,4,1,252.5,4.71,0,0,300,300,300
Block,-2,1,-49,4.71,0,0,300,300,300
Block,4,1,16,4.71,0,0,300,300,300
Block,10,1,341.5,4.71,0,0,300,300,300
Block,22,1,288,4.71,0,0,300,300,300
Block,38,-13,455.5,4.71,0,0,300,300,300
Block,19,1,-37.5,4.71,0,0,300,300,300
Block,-21,1,25,4.71,0,0,300,300,300
Grass,14.55,0.27,140.77,0,0,0,11,11,11
Block,14,1,119,4.71,0,0,300,300,300
Block,4,1,-10.5,4.71,0,0,300,300,300
Block,-20,1,405,4.71,0,0,300,300,300
Block,33,1,116,4.71,0,0,300,300,300
Block,-27,1,33.5,4.71,0,0,300,300,300
Block,-11,1,314.5,4.71,0,0,300,300,300
Block,-35,1,384.5,4.71,0,0,300,300,300
Block,-20,1,511.5,4.71,0,0,300,300,300
Block,-10,1,148.5,4.71,0,0,300,300,300
Block,-23,1,405,4.71,0,0,300,300,300
Block,62,-13,473,4.71,0,0,300,300,300
Block,1,1,235,4.71,0,0,300,300,300
Block,11,1,166.5,4.71,0,0,300,300,300
Block,-23,1,390,4.71,0,0,300,300,300
Block,-4,1,148.5,4.71,0,0,300,300,300
Block,2,1,104,4.71,0,0,300,300,300
Block,16,1,90,4.71,0,0,300,300,300
Block,-57,1,57.5,4.71,0,0,300,300,300
Block,7,1,326.5,4.71,0,0,300,300,300
Block,33,1,205,4.71,0,0,300,300,300
Block,-17,1,502.5,4.71,0,0,300,300,300
Block,11,1,231.5,4.71,0,0,300,300,300
Block,1,1,255.5,4.71,0,0,300,300,300
Block,-8,-13,405,4.71,0,0,300,300,300
Block,13,1,81,4.71,0,0,300,300,300
Block,14,1,184,4.71,0,0,300,300,300
Block,22,1,42.5,4.71,0,0,300,300,300
Block,-8,-13,381.5,4.71,0,0,300,300,300
Block,33,1,193,4.71,0,0,300,300,300
Block,19,-13,408,4.71,0,0,300,300,300
Block,65,-13,422.5,4.71,0,0,300,300,300
Block,-42,1,42.5,4.71,0,0,300,300,300
Block,30,1,151.5,4.71,0,0,300,300,300
Block,16,-13,461,4.71,0,0,300,300,300
Block,-8,1,69,4.71,0,0,300,300,300
Block,-35,1,396,4.71,0,0,300,300,300
Block,-39,1,28,4.71,0,0,300,300,300
Block,71,-13,393,4.71,0,0,300,300,300
Block,-63,1,-16.5,4.71,0,0,300,300,300
Block,-24,1,33.5,4.71,0,0,300,300,300
Block,-36,1,51.5,4.71,0,0,300,300,300
Block,-39,1,78,4.71,0,0,300,300,300
Grass,12.55,0.27,25.77,0,0,0,11,11,11
Block,-4,1,142.5,4.71,0,0,300,300,300
Block,4,-13,505.5,4.71,0,0,300,300,300
Block,74,-13,508.5,4.71,0,0,300,300,300
Block,-5,1,48.5,4.71,0,0,300,300,300
Block,7,1,279,4.71,0,0,300,300,300
Block,5,1,145.5,4.71,0,0,300,300,300
Block,41,-13,437.5,4.71,0,0,300,300,300
Block,-5,-13,396,4.71,0,0,300,300,300
Block,38,-13,417,4.71,0,0,300,300,300
Block,65,-13,425.5,4.71,0,0,300,300,300
Block,31,1,258.5,4.71,0,0,300,300,300
Block,44,-13,387,4.71,0,0,300,300,300
Block,50,-13,417,4.71,0,0,300,300,300
Block,1,-13,499.5,4.71,0,0,300,300,300
Block,4,1,312,4.71,0,0,300,300,300
Block,-54,1,-46,4.71,0,0,300,300,300
Block,-5,1,344.5,4.71,0,0,300,300,300
Block,19,1,-10.5,4.71,0,0,300,300,300
Block,41,-13,508.5,4.71,0,0,300,300,300
Block,-1,1,172.5,4.71,0,0,300,300,300
Block,17,1,196,4.71,0,0,300,300,300
Block,-16,1,151.5,4.71,0,0,300,300,300
Block,-54,1,31,4.71,0,0,300,300,300
Block,39,1,151.5,4.71,0,0,300,300,300
Block,31,-13,384.5,4.71,0,0,300,300,300
Block,47,-13,440.5,4.71,0,0,300,300,300
Block,10,1,90,4.71,0,0,300,300,300
Block,2,1,169.5,4.71,0,0,300,300,300
Block,-7,1,160.5,4.71,0,0,300,300,300
Block,68,-13,396,4.71,0,0,300,300,300
Block,57,1,228.5,4.71,0,0,300,300,300
Block,16,1,335.5,4.71,0,0,300,300,300
Block,48,1,216.5,4.71,0,0,300,300,300
Block,-11,-13,440.5,4.71,0,0,300,300,300
Block,39,1,119,4.71,0,0,300,300,300
Block,-2,-13,420,4.71,0,0,300,300,300
Block,13,1,371,4.71,0,0,300,300,300
Block,-13,1,148.5,4.71,0,0,300,300,300
Block,57,1,196,4.71,0,0,300,300,300
Block,-11,1,45.5,4.71,0,0,300,300,300
Block,56,-13,514.5,4.71,0,0,300,300,300
Block,74,-13,434.5,4.71,0,0,300,300,300
Block,33,1,202,4.71,0,0,300,300,300
Block,1,-13,434.5,4.71,0,0,300,300,300
Block,54,1,184,4.71,0,0,300,300,300
Block,-48,1,-22.5,4.71,0,0,300,300,300
Block,19,1,350,4.71,0,0,300,300,300
Block,-44,1,408,4.71,0,0,300,300,300
Block,-24,1,87,4.71,0,0,300,300,300
Block,56,-13,464,4.71,0,0,300,300,300
Block,-5,-13,464,4.71,0,0,300,300,300
Block,13,1,1,4.71,0,0,300,300,300
Block,-4,1,151.5,4.71,0,0,300,300,300
Block,1,1,36.5,4.71,0,0,300,300,300
Block,13,1,-2,4.71,0,0,300,300,300
Block,8,1,196,4.71,0,0,300,300,300
Block,-13,1,228.5,4.71,0,0,300,300,300
Block,14,1,157.5,4.71,0,0,300,300,300
Block,13,-13,446.5,4.71,0,0,300,300,300
Block,25,1,48.5,4.71,0,0,300,300,300
Block,35,-13,502.5,4.71,0,0,300,300,300
Block,10,1,335.5,4.71,0,0,300,300,300
Block,19,1,344.5,4.71,0,0,300,300,300
Block,-41,1,464,4.71,0,0,300,300,300
Block,-16,1,169.5,4.71,0,0,300,300,300
Block,-51,1,16,4.71,0,0,300,300,300
Block,25,-13,488,4.71,0,0,300,300,300
Block,-8,1,326.5,4.71,0,0,300,300,300
Block,47,-13,422.5,4.71,0,0,300,300,300
Block,60,1,190,4.71,0,0,300,300,300
Block,26,1,145.5,4.71,0,0,300,300,300
Block,19,1,-2,4.71,0,0,300,300,300
Block,19,1,69,4.71,0,0,300,300,300
Block,54,1,122,4.71,0,0,300,300,300
Block,20,1,208,4.71,0,0,300,300,300
Block,7,1,306,4.71,0,0,300,300,300
Block,38,-13,390,4.71,0,0,300,300,300
Block,-39,1,-22.5,4.71,0,0,300,300,300
Block,54,1,193,4.71,0,0,300,300,300
Block,-56,1,499.5,4.71,0,0,300,300,300
Block,-57,1,42.5,4.71,0,0,300,300,300
Block,-11,1,-7.5,4.71,0,0,300,300,300
Block,-27,1,75,4.71,0,0,300,300,300
Block,-1,1,154.5,4.71,0,0,300,300,300
Block,-2,-13,425.5,4.71,0,0,300,300,300
Block,-11,-13,396,4.71,0,0,300,300,300
Block,45,1,116,4.71,0,0,300,300,300
Block,28,1,288,4.71,0,0,300,300,300
Block,11,1,160.5,4.71,0,0,300,300,300
Block,-53,1,482,4.71,0,0,300,300,300
Block,-50,1,514.5,4.71,0,0,300,300,300
Block,-30,1,69,4.71,0,0,300,300,300
Block,-20,1,425.5,4.71,0,0,300,300,300
Block,-41,1,502.5,4.71,0,0,300,300,300
Block,8,1,134,4.71,0,0,300,300,300
Block,53,-13,479,4.71,0,0,300,300,300
Block,22,-13,434.5,4.71,0,0,300,300,300
Block,10,-13,476,4.71,0,0,300,300,300
Block,-53,1,496.5,4.71,0,0,300,300,300
Block,8,1,122,4.71,0,0,300,300,300
Block,-30,1,-25.5,4.71,0,0,300,300,300
Block,38,-13,420,4.71,0,0,300,300,300
Block,19,1,10,4.71,0,0,300,300,300
Block,-48,1,-4.5,4.71,0,0,300,300,300
Block,-20,1,428.5,4.71,0,0,300,300,300
Block,-35,1,476,4.71,0,0,300,300,300
Block,-8,1,90,4.71,0,0,300,300,300
Block,-41,1,514.5,4.71,0,0,300,300,300
Block,-2,1,16,4.71,0,0,300,300,300
Block,48,1,134,4.71,0,0,300,300,300
Block,28,-13,399,4.71,0,0,300,300,300
Block,-36,1,63.5,4.71,0,0,300,300,300
Block,-8,1,-13.5,4.71,0,0,300,300,300
Block,77,-13,417,4.71,0,0,300,300,300
Block,77,-13,458,4.71,0,0,300,300,300
Block,-8,-13,455.5,4.71,0,0,300,300,300
Block,-4,1,169.5,4.71,0,0,300,300,300
Block,-5,1,312,4.71,0,0,300,300,300
Block,-2,1,60.5,4.71,0,0,300,300,300
Block,22,1,300,4.71,0,0,300,300,300
Block,-45,1,84,4.71,0,0,300,300,300
Block,74,-13,488,4.71,0,0,300,300,300
Block,59,-13,390,4.71,0,0,300,300,300
Block,14,1,104,4.71,0,0,300,300,300
Block,63,1,125,4.71,0,0,300,300,300
Block,-38,1,473,4.71,0,0,300,300,300
Block,-11,-13,431.5,4.71,0,0,300,300,300
Block,-17,1,63.5,4.71,0,0,300,300,300
Block,-11,1,4,4.71,0,0,300,300,300
Block,11,1,187,4.71,0,0,300,300,300
Block,1,1,-22.5,4.71,0,0,300,300,300
Block,51,1,190,4.71,0,0,300,300,300
Block,7,1,4,4.71,0,0,300,300,300
Block,-2,-13,485,4.71,0,0,300,300,300
Block,77,-13,493.5,4.71,0,0,300,300,300
Block,7,1,232,4.71,0,0,300,300,300
Block,-57,1,36.5,4.71,0,0,300,300,300
Block,26,1,208,4.71,0,0,300,300,300
Block,48,1,219.5,4.71,0,0,300,300,300
Block,-45,1,39.5,4.71,0,0,300,300,300
Block,-8,-13,491,4.71,0,0,300,300,300
Block,-45,1,90,4.71,0,0,300,300,300
Block,-11,1,329.5,4.71,0,0,300,300,300
Block,10,1,19,4.71,0,0,300,300,300
Block,53,-13,381.5,4.71,0,0,300,300,300
Block,-17,1,496.5,4.71,0,0,300,300,300
Block,-5,1,10,4.71,0,0,300,300,300
Block,63,1,169.5,4.71,0,0,300,300,300
Block,22,1,81,4.71,0,0,300,300,300
Block,53,-13,461,4.71,0,0,300,300,300
Block,60,1,139.5,4.71,0,0,300,300,300
Block,-50,1,496.5,4.71,0,0,300,300,300
Block,19,-13,375.5,4.71,0,0,300,300,300
Block,66,1,128,4.71,0,0,300,300,300
Block,-5,1,16,4.71,0,0,300,300,300
Grass,64.55,-2.73,470.77,0,0,0,11,11,11
Block,-24,1,54.5,4.71,0,0,300,300,300
Block,13,1,90,4.71,0,0,300,300,300
Block,-39,1,33.5,4.71,0,0,300,300,300
Block,-7,1,145.5,4.71,0,0,300,300,300
Block,-56,1,446.5,4.71,0,0,300,300,300
Block,-2,-13,482,4.71,0,0,300,300,300
Block,11,1,92.5,4.71,0,0,300,300,300
Block,31,1,350,4.71,0,0,300,300,300
Block,57,1,98.5,4.71,0,0,300,300,300
Block,4,1,78,4.71,0,0,300,300,300
Block,-45,1,13,4.71,0,0,300,300,300
Block,-1,1,142.5,4.71,0,0,300,300,300
Block,48,1,160.5,4.71,0,0,300,300,300
Grass,-24.45,0.27,395.77,0,0,0,11,11,11
Block,4,1,-7.5,4.71,0,0,300,300,300
Block,48,1,125,4.71,0,0,300,300,300
Block,-11,1,-10.5,4.71,0,0,300,300,300
Block,-5,1,368,4.71,0,0,300,300,300
Block,62,-13,464,4.71,0,0,300,300,300
Block,-5,-13,455.5,4.71,0,0,300,300,300
Block,-5,1,359,4.71,0,0,300,300,300
Block,19,1,16,4.71,0,0,300,300,300
Block,-56,1,502.5,4.71,0,0,300,300,300
Block,19,1,276.5,4.71,0,0,300,300,300
Block,19,-13,449.5,4.71,0,0,300,300,300
Block,-21,1,31,4.71,0,0,300,300,300
Block,-11,-13,434.5,4.71,0,0,300,300,300
Block,2,1,110,4.71,0,0,300,300,300
Block,-60,1,-43,4.71,0,0,300,300,300
Block,-11,-13,417,4.71,0,0,300,300,300
Block,-50,1,431.5,4.71,0,0,300,300,300
Block,-4,1,222.5,4.71,0,0,300,300,300
Block,59,-13,384.5,4.71,0,0,300,300,300
Block,38,-13,493.5,4.71,0,0,300,300,300
Block,25,1,235,4.71,0,0,300,300,300
Block,-47,1,375.5,4.71,0,0,300,300,300
Block,59,-13,467,4.71,0,0,300,300,300
Block,-10,1,110,4.71,0,0,300,300,300
Block,-42,1,69,4.71,0,0,300,300,300
Block,-2,1,19,4.71,0,0,300,300,300
Block,-11,-13,502.5,4.71,0,0,300,300,300
Block,-5,1,33.5,4.71,0,0,300,300,300
Block,62,-13,505.5,4.71,0,0,300,300,300
Block,28,1,332.5,4.71,0,0,300,300,300
Block,-2,1,246.5,4.71,0,0,300,300,300
Block,22,1,-7.5,4.71,0,0,300,300,300
Block,59,-13,493.5,4.71,0,0,300,300,300
Block,68,-13,496.5,4.71,0,0,300,300,300
Block,-45,1,4,4.71,0,0,300,300,300
Block,-30,1,33.5,4.71,0,0,300,300,300
Block,-44,1,452.5,4.71,0,0,300,300,300
Block,17,1,166.5,4.71,0,0,300,300,300
Block,71,-13,464,4.71,0,0,300,300,300
Block,72,1,154.5,4.71,0,0,300,300,300
Block,31,1,232,4.71,0,0,300,300,300
Block,-42,1,84,4.71,0,0,300,300,300
Block,-42,1,51.5,4.71,0,0,300,300,300
Block,74,-13,496.5,4.71,0,0,300,300,300
Block,-7,1,154.5,4.71,0,0,300,300,300
Block,72,1,163.5,4.71,0,0,300,300,300
Block,-53,1,449.5,4.71,0,0,300,300,300
Block,36,1,175,4.71,0,0,300,300,300
Block,54,1,131,4.71,0,0,300,300,300
Block,38,-13,514.5,4.71,0,0,300,300,300
Block,-20,1,499.5,4.71,0,0,300,300,300
Block,74,-13,491,4.71,0,0,300,300,300
Block,-5,1,-2,4.71,0,0,300,300,300
Block,23,1,142.5,4.71,0,0,300,300,300
Block,-60,1,51.5,4.71,0,0,300,300,300
Block,-44,1,425.5,4.71,0,0,300,300,300
Block,50,-13,393,4.71,0,0,300,300,300
Block,28,1,246.5,4.71,0,0,300,300,300
Block,-53,1,375.5,4.71,0,0,300,300,300
Block,7,1,-37.5,4.71,0,0,300,300,300
Block,69,1,160.5,4.71,0,0,300,300,300
Block,7,1,285,4.71,0,0,300,300,300
Block,39,1,154.5,4.71,0,0,300,300,300
Block,-7,1,107,4.71,0,0,300,300,300
Block,33,1,231.5,4.71,0,0,300,300,300
Block,-50,1,417,4.71,0,0,300,300,300
Block,62,-13,381.5,4.71,0,0,300,300,300
Block,-8,1,57.5,4.71,0,0,300,300,300
Block,14,1,131,4.71,0,0,300,300,300
Block,44,-13,493.5,4.71,0,0,300,300,300
Block,-10,1,216.5,4.71,0,0,300,300,300
Block,-2,-13,493.5,4.71,0,0,300,300,300
Block,-4,1,166.5,4.71,0,0,300,300,300
Block,17,1,157.5,4.71,0,0,300,300,300
Block,-14,1,28,4.71,0,0,300,300,300
Block,77,-13,434.5,4.71,0,0,300,300,300
Block,57,1,205,4.71,0,0,300,300,300
Block,-14,1,511.5,4.71,0,0,300,300,300
Block,33,1,107,4.71,0,0,300,300,300
Block,19,-13,482,4.71,0,0,300,300,300
Block,-5,-13,393,4.71,0,0,300,300,300
Block,10,-13,502.5,4.71,0,0,300,300,300
Block,20,1,145.5,4.71,0,0,300,300,300
Block,13,1,294,4.71,0,0,300,300,300
Block,-27,1,81,4.71,0,0,300,300,300
Block,1,1,314.5,4.71,0,0,300,300,300
Block,19,1,51.5,4.71,0,0,300,300,300
Block,-8,1,341.5,4.71,0,0,300,300,300
Block,-50,1,414,4.71,0,0,300,300,300
Block,53,-13,511.5,4.71,0,0,300,300,300
Block,-8,-13,378.5,4.71,0,0,300,300,300
Block,-44,1,467,4.71,0,0,300,300,300
Block,10,-13,514.5,4.71,0,0,300,300,300
Block,-29,1,414,4.71,0,0,300,300,300
Block,2,1,113,4.71,0,0,300,300,300
Block,65,-13,479,4.71,0,0,300,300,300
Block,69,1,193,4.71,0,0,300,300,300
Block,-7,1,137,4.71,0,0,300,300,300
Block,57,1,157.5,4.71,0,0,300,300,300
Block,-35,1,408,4.71,0,0,300,300,300
Block,69,1,137,4.71,0,0,300,300,300
Block,45,1,175,4.71,0,0,300,300,300
Block,31,-13,470,4.71,0,0,300,300,300
Block,30,1,160.5,4.71,0,0,300,300,300
Block,-47,1,502.5,4.71,0,0,300,300,300
Block,47,-13,405,4.71,0,0,300,300,300
Block,19,-13,470,4.71,0,0,300,300,300
Block,-11,-13,461,4.71,0,0,300,300,300
Block,13,-13,505.5,4.71,0,0,300,300,300
Block,16,1,-2,4.71,0,0,300,300,300
Block,54,1,225.5,4.71,0,0,300,300,300
Block,-11,-13,420,4.71,0,0,300,300,300
Block,39,1,92.5,4.71,0,0,300,300,300
Block,2,1,119,4.71,0,0,300,300,300
Block,62,-13,420,4.71,0,0,300,300,300
Block,41,-13,449.5,4.71,0,0,300,300,300
Block,22,1,332.5,4.71,0,0,300,300,300
Block,-32,1,461,4.71,0,0,300,300,300
Block,-5,1,320.5,4.71,0,0,300,300,300
Block,-56,1,399,4.71,0,0,300,300,300
Block,-36,1,-7.5,4.71,0,0,300,300,300
Block,-21,1,39.5,4.71,0,0,300,300,300
Block,10,1,-43,4.71,0,0,300,300,300
Block,19,-13,384.5,4.71,0,0,300,300,300
Block,28,1,317.5,4.71,0,0,300,300,300
Block,-8,-13,502.5,4.71,0,0,300,300,300
Block,69,1,145.5,4.71,0,0,300,300,300
Block,11,1,151.5,4.71,0,0,300,300,300
Block,-27,1,39.5,4.71,0,0,300,300,300
Block,-14,1,390,4.71,0,0,300,300,300
Block,25,1,60.5,4.71,0,0,300,300,300
Block,13,-13,470,4.71,0,0,300,300,300
Block,-56,1,411,4.71,0,0,300,300,300
Block,74,-13,455.5,4.71,0,0,300,300,300
Block,33,1,131,4.71,0,0,300,300,300
Block,57,1,95.5,4.71,0,0,300,300,300
Block,30,1,113,4.71,0,0,300,300,300
Block,-7,1,122,4.71,0,0,300,300,300
Block,16,1,22,4.71,0,0,300,300,300
Block,-8,1,33.5,4.71,0,0,300,300,300
Block,25,-13,493.5,4.71,0,0,300,300,300
Block,-57,1,-31.5,4.71,0,0,300,300,300
Block,-11,1,291,4.71,0,0,300,300,300
Block,41,-13,473,4.71,0,0,300,300,300
Block,-17,1,508.5,4.71,0,0,300,300,300
Block,72,1,178,4.71,0,0,300,300,300
Block,13,1,-43,4.71,0,0,300,300,300
Block,16,-13,470,4.71,0,0,300,300,300
Block,-50,1,396,4.71,0,0,300,300,300
Block,-56,1,479,4.71,0,0,300,300,300
Block,-23,1,452.5,4.71,0,0,300,300,300
Block,53,-13,514.5,4.71,0,0,300,300,300
Block,26,1,231.5,4.71,0,0,300,300,300
Block,16,1,1,4.71,0,0,300,300,300
Block,19,-13,499.5,4.71,0,0,300,300,300
Block,28,1,273.5,4.71,0,0,300,300,300
Block,-48,1,-49,4.71,0,0,300,300,300
Block,-11,-13,408,4.71,0,0,300,300,300
Block,60,1,119,4.71,0,0,300,300,300
Block,31,1,261.5,4.71,0,0,300,300,300
Block,48,1,137,4.71,0,0,300,300,300
Block,-1,1,178,4.71,0,0,300,300,300
Block,47,-13,387,4.71,0,0,300,300,300
Block,45,1,95.5,4.71,0,0,300,300,300
Block,-44,1,511.5,4.71,0,0,300,300,300
Block,-44,1,461,4.71,0,0,300,300,300
Block,-21,1,22,4.71,0,0,300,300,300
Block,-45,1,75,4.71,0,0,300,300,300
Block,4,-13,390,4.71,0,0,300,300,300
Block,-11,1,19,4.71,0,0,300,300,300
Block,-33,1,51.5,4.71,0,0,300,300,300
Block,51,1,184,4.71,0,0,300,300,300
Block,-63,1,42.5,4.71,0,0,300,300,300
Block,-2,1,344.5,4.71,0,0,300,300,300
Block,25,-13,485,4.71,0,0,300,300,300
Block,-54,1,-28.5,4.71,0,0,300,300,300
Block,16,1,317.5,4.71,0,0,300,300,300
Block,-5,1,341.5,4.71,0,0,300,300,300
Block,19,1,238,4.71,0,0,300,300,300
Block,-33,1,-34.5,4.71,0,0,300,300,300
Block,62,-13,414,4.71,0,0,300,300,300
Block,10,-13,431.5,4.71,0,0,300,300,300
Block,-27,1,-7.5,4.71,0,0,300,300,300
Block,23,1,95.5,4.71,0,0,300,300,300
Block,-24,1,19,4.71,0,0,300,300,300
Block,31,-13,449.5,4.71,0,0,300,300,300
Block,31,1,312,4.71,0,0,300,300,300
Block,-29,1,473,4.71,0,0,300,300,300
Block,65,-13,440.5,4.71,0,0,300,300,300
Block,31,-13,452.5,4.71,0,0,300,300,300
Block,33,1,145.5,4.71,0,0,300,300,300
Block,5,1,181,4.71,0,0,300,300,300
Block,-29,1,381.5,4.71,0,0,300,300,300
Block,16,-13,511.5,4.71,0,0,300,300,300
Block,25,1,78,4.71,0,0,300,300,300
Block,-32,1,437.5,4.71,0,0,300,300,300
Block,-11,1,323.5,4.71,0,0,300,300,300
Block,68,-13,467,4.71,0,0,300,300,300
Block,-5,-13,508.5,4.71,0,0,300,300,300
Block,22,1,235,4.71,0,0,300,300,300
Block,-41,1,405,4.71,0,0,300,300,300
Block,72,1,110,4.71,0,0,300,300,300
Block,47,-13,437.5,4.71,0,0,300,300,300
Block,7,1,-16.5,4.71,0,0,300,300,300
Block,-48,1,60.5,4.71,0,0,300,300,300
Block,57,1,125,4.71,0,0,300,300,300
Block,22,-13,473,4.71,0,0,300,300,300
Block,25,-13,473,4.71,0,0,300,300,300
Block,-2,1,258.5,4.71,0,0,300,300,300
Block,39,1,231.5,4.71,0,0,300,300,300
Block,22,1,54.5,4.71,0,0,300,300,300
Block,41,-13,431.5,4.71,0,0,300,300,300
Block,-2,1,75,4.71,0,0,300,300,300
Block,60,1,104,4.71,0,0,300,300,300
Block,22,1,66.5,4.71,0,0,300,300,300
Block,13,1,323.5,4.71,0,0,300,300,300
Block,57,1,134,4.71,0,0,300,300,300
Block,20,1,199,4.71,0,0,300,300,300
Block,-16,1,122,4.71,0,0,300,300,300
Block,-35,1,446.5,4.71,0,0,300,300,300
Block,-38,1,378.5,4.71,0,0,300,300,300
Block,31,-13,461,4.71,0,0,300,300,300
Block,33,1,110,4.71,0,0,300,300,300
Block,71,-13,396,4.71,0,0,300,300,300
Grass,-80.45,-2.73,470.77,0,0,0,11,11,11
Block,66,1,107,4.71,0,0,300,300,300
Block,-38,1,393,4.71,0,0,300,300,300
Block,-50,1,437.5,4.71,0,0,300,300,300
Block,-5,-13,496.5,4.71,0,0,300,300,300
Block,11,1,184,4.71,0,0,300,300,300
Block,-54,1,28,4.71,0,0,300,300,300
Block,8,1,193,4.71,0,0,300,300,300
Block,25,-13,375.5,4.71,0,0,300,300,300
Block,48,1,196,4.71,0,0,300,300,300
Block,-21,1,4,4.71,0,0,300,300,300
Block,51,1,193,4.71,0,0,300,300,300
Block,16,-13,431.5,4.71,0,0,300,300,300
Block,-44,1,488,4.71,0,0,300,300,300
Block,-60,1,-19.5,4.71,0,0,300,300,300
Block,-14,1,4,4.71,0,0,300,300,300
Block,-29,1,425.5,4.71,0,0,300,300,300
Block,-48,1,-2,4.71,0,0,300,300,300
Block,20,1,128,4.71,0,0,300,300,300
Block,10,1,255.5,4.71,0,0,300,300,300
Block,53,-13,496.5,4.71,0,0,300,300,300
Block,-27,1,-40,4.71,0,0,300,300,300
Block,71,-13,425.5,4.71,0,0,300,300,300
Block,42,1,199,4.71,0,0,300,300,300
Block,44,-13,461,4.71,0,0,300,300,300
Block,25,1,66.5,4.71,0,0,300,300,300
Block,22,-13,505.5,4.71,0,0,300,300,300
Block,13,1,69,4.71,0,0,300,300,300
Block,4,1,1,4.71,0,0,300,300,300
Block,36,1,213.5,4.71,0,0,300,300,300
Block,7,-13,493.5,4.71,0,0,300,300,300
Block,8,1,184,4.71,0,0,300,300,300
Block,25,1,42.5,4.71,0,0,300,300,300
Block,41,-13,381.5,4.71,0,0,300,300,300
Block,20,1,219.5,4.71,0,0,300,300,300
Block,10,-13,390,4.71,0,0,300,300,300
Block,16,1,252.5,4.71,0,0,300,300,300
Block,28,-13,420,4.71,0,0,300,300,300
Block,-17,1,417,4.71,0,0,300,300,300
Block,-2,1,51.5,4.71,0,0,300,300,300
Block,-41,1,511.5,4.71,0,0,300,300,300
Block,-11,1,-22.5,4.71,0,0,300,300,300
Block,-36,1,90,4.71,0,0,300,300,300
Block,-5,1,81,4.71,0,0,300,300,300
Block,23,1,184,4.71,0,0,300,300,300
Block,22,1,1,4.71,0,0,300,300,300
Block,-10,1,116,4.71,0,0,300,300,300
Block,4,1,25,4.71,0,0,300,300,300
Block,-33,1,-10.5,4.71,0,0,300,300,300
Block,13,-13,485,4.71,0,0,300,300,300
Block,38,-13,508.5,4.71,0,0,300,300,300
Block,48,1,131,4.71,0,0,300,300,300
Block,-7,1,95.5,4.71,0,0,300,300,300
Block,-21,1,-16.5,4.71,0,0,300,300,300
Block,72,1,139.5,4.71,0,0,300,300,300
Block,-16,1,131,4.71,0,0,300,300,300
Block,-54,1,78,4.71,0,0,300,300,300
Block,19,-13,443.5,4.71,0,0,300,300,300
Block,44,-13,464,4.71,0,0,300,300,300
Block,45,1,231.5,4.71,0,0,300,300,300
Block,-4,1,199,4.71,0,0,300,300,300
Block,72,1,122,4.71,0,0,300,300,300
Block,5,1,154.5,4.71,0,0,300,300,300
Block,51,1,95.5,4.71,0,0,300,300,300
Block,5,1,184,4.71,0,0,300,300,300
Block,4,-13,467,4.71,0,0,300,300,300
Block,7,-13,422.5,4.71,0,0,300,300,300
Block,51,1,122,4.71,0,0,300,300,300
Block,-38,1,422.5,4.71,0,0,300,300,300
Block,-2,-13,473,4.71,0,0,300,300,300
Block,16,1,78,4.71,0,0,300,300,300
Block,8,1,95.5,4.71,0,0,300,300,300
Block,-14,1,458,4.71,0,0,300,300,300
Block,-39,1,60.5,4.71,0,0,300,300,300
Block,25,1,51.5,4.71,0,0,300,300,300
Block,54,1,196,4.71,0,0,300,300,300
Block,-23,1,461,4.71,0,0,300,300,300
Block,35,-13,402,4.71,0,0,300,300,300
Block,7,1,-2,4.71,0,0,300,300,300
Block,4,-13,420,4.71,0,0,300,300,300
Block,16,1,255.5,4.71,0,0,300,300,300
Block,65,-13,384.5,4.71,0,0,300,300,300
Block,-44,1,411,4.71,0,0,300,300,300
Block,-33,1,45.5,4.71,0,0,300,300,300
Block,-7,1,116,4.71,0,0,300,300,300
Block,-63,1,31,4.71,0,0,300,300,300
Block,-11,-13,378.5,4.71,0,0,300,300,300
Block,7,-13,381.5,4.71,0,0,300,300,300
Block,42,1,184,4.71,0,0,300,300,300
Grass,22.55,0.27,159.77,0,0,0,11,11,11
Block,25,-13,499.5,4.71,0,0,300,300,300
Block,-39,1,72,4.71,0,0,300,300,300
Block,53,-13,467,4.71,0,0,300,300,300
Block,-48,1,-13.5,4.71,0,0,300,300,300
Block,57,1,193,4.71,0,0,300,300,300
Block,11,1,219.5,4.71,0,0,300,300,300
Block,-39,1,63.5,4.71,0,0,300,300,300
Block,23,1,154.5,4.71,0,0,300,300,300
Block,-2,-13,399,4.71,0,0,300,300,300
Block,7,-13,508.5,4.71,0,0,300,300,300
Block,72,1,210.5,4.71,0,0,300,300,300
Block,63,1,116,4.71,0,0,300,300,300
Block,-1,1,119,4.71,0,0,300,300,300
Block,1,1,335.5,4.71,0,0,300,300,300
Block,-24,1,63.5,4.71,0,0,300,300,300
Block,8,1,190,4.71,0,0,300,300,300
Block,-24,1,78,4.71,0,0,300,300,300
Block,-8,1,1,4.71,0,0,300,300,300
Block,19,1,279,4.71,0,0,300,300,300
Block,59,-13,387,4.71,0,0,300,300,300
Block,-5,1,309,4.71,0,0,300,300,300
Block,-23,1,476,4.71,0,0,300,300,300
Block,-8,1,300,4.71,0,0,300,300,300
Block,-20,1,381.5,4.71,0,0,300,300,300
Block,10,1,69,4.71,0,0,300,300,300
Block,16,-13,420,4.71,0,0,300,300,300
Block,13,1,314.5,4.71,0,0,300,300,300
Block,1,-13,449.5,4.71,0,0,300,300,300
Block,-47,1,488,4.71,0,0,300,300,300
Block,-63,1,-43,4.71,0,0,300,300,300
Block,-35,1,493.5,4.71,0,0,300,300,300
Block,74,-13,414,4.71,0,0,300,300,300
Block,-56,1,505.5,4.71,0,0,300,300,300
Block,31,-13,440.5,4.71,0,0,300,300,300
Block,-41,1,393,4.71,0,0,300,300,300
Block,22,-13,428.5,4.71,0,0,300,300,300
Block,66,1,216.5,4.71,0,0,300,300,300
Block,16,1,54.5,4.71,0,0,300,300,300
Block,-2,1,241,4.71,0,0,300,300,300
Block,-63,1,-40,4.71,0,0,300,300,300
Block,-29,1,408,4.71,0,0,300,300,300
Block,30,1,222.5,4.71,0,0,300,300,300
Block,-2,-13,431.5,4.71,0,0,300,300,300
Block,-5,1,238,4.71,0,0,300,300,300
Block,45,1,128,4.71,0,0,300,300,300
Block,-63,1,84,4.71,0,0,300,300,300
Grass,-73.45,6.27,64.77,0,0,0,11,11,11
Block,31,-13,425.5,4.71,0,0,300,300,300
Block,-51,1,69,4.71,0,0,300,300,300
Block,22,1,303,4.71,0,0,300,300,300
Block,-39,1,10,4.71,0,0,300,300,300
Block,22,1,282,4.71,0,0,300,300,300
Block,7,-13,458,4.71,0,0,300,300,300
Block,60,1,196,4.71,0,0,300,300,300
Block,22,1,314.5,4.71,0,0,300,300,300
Block,28,1,279,4.71,0,0,300,300,300
Block,30,1,137,4.71,0,0,300,300,300
Block,1,-13,417,4.71,0,0,300,300,300
Block,68,-13,449.5,4.71,0,0,300,300,300
Block,44,-13,505.5,4.71,0,0,300,300,300
Block,30,1,119,4.71,0,0,300,300,300
Block,14,1,137,4.71,0,0,300,300,300
Block,-39,1,19,4.71,0,0,300,300,300
Block,50,-13,405,4.71,0,0,300,300,300
Block,-42,1,-22.5,4.71,0,0,300,300,300
Block,-63,1,4,4.71,0,0,300,300,300
Block,53,-13,470,4.71,0,0,300,300,300
Block,-14,1,42.5,4.71,0,0,300,300,300
Block,36,1,199,4.71,0,0,300,300,300
Block,-14,1,-34.5,4.71,0,0,300,300,300
Block,25,1,84,4.71,0,0,300,300,300
Block,-14,1,84,4.71,0,0,300,300,300
Block,-8,1,28,4.71,0,0,300,300,300
Block,-17,1,-43,4.71,0,0,300,300,300
Block,-29,1,443.5,4.71,0,0,300,300,300
Block,10,1,332.5,4.71,0,0,300,300,300
Block,72,1,101.5,4.71,0,0,300,300,300
Block,53,-13,408,4.71,0,0,300,300,300
Block,26,1,181,4.71,0,0,300,300,300
Block,10,-13,511.5,4.71,0,0,300,300,300
Block,-39,1,25,4.71,0,0,300,300,300
Block,7,1,267.5,4.71,0,0,300,300,300
Block,-8,1,-22.5,4.71,0,0,300,300,300
Block,-42,1,72,4.71,0,0,300,300,300
Block,-14,1,440.5,4.71,0,0,300,300,300
Block,13,-13,443.5,4.71,0,0,300,300,300
Block,4,-13,485,4.71,0,0,300,300,300
Block,28,-13,422.5,4.71,0,0,300,300,300
Block,7,-13,449.5,4.71,0,0,300,300,300
Block,57,1,184,4.71,0,0,300,300,300
Block,-39,1,42.5,4.71,0,0,300,300,300
Block,14,1,231.5,4.71,0,0,300,300,300
Block,7,1,291,4.71,0,0,300,300,300
Block,-33,1,-2,4.71,0,0,300,300,300
Block,66,1,169.5,4.71,0,0,300,300,300
Block,28,1,323.5,4.71,0,0,300,300,300
Block,14,1,225.5,4.71,0,0,300,300,300
Block,39,1,169.5,4.71,0,0,300,300,300
Block,-13,1,134,4.71,0,0,300,300,300
Block,42,1,202,4.71,0,0,300,300,300
Block,-5,1,365,4.71,0,0,300,300,300
Block,56,-13,434.5,4.71,0,0,300,300,300
Block,4,1,329.5,4.71,0,0,300,300,300
Block,-27,1,45.5,4.71,0,0,300,300,300
Block,-23,1,464,4.71,0,0,300,300,300
Block,1,-13,473,4.71,0,0,300,300,300
Block,16,1,-16.5,4.71,0,0,300,300,300
Block,-39,1,31,4.71,0,0,300,300,300
Block,-5,1,243.5,4.71,0,0,300,300,300
Block,38,-13,485,4.71,0,0,300,300,300
Block,4,1,36.5,4.71,0,0,300,300,300
Block,69,1,225.5,4.71,0,0,300,300,300
Block,31,1,235,4.71,0,0,300,300,300
Block,-17,1,4,4.71,0,0,300,300,300
Block,-10,1,228.5,4.71,0,0,300,300,300
Block,-11,1,33.5,4.71,0,0,300,300,300
Block,-36,1,39.5,4.71,0,0,300,300,300
Block,22,1,306,4.71,0,0,300,300,300
Block,-2,-13,375.5,4.71,0,0,300,300,300
Block,23,1,98.5,4.71,0,0,300,300,300
Block,5,1,95.5,4.71,0,0,300,300,300
Block,1,-13,479,4.71,0,0,300,300,300
Block,-27,1,-4.5,4.71,0,0,300,300,300
Block,-48,1,31,4.71,0,0,300,300,300
Block,53,-13,420,4.71,0,0,300,300,300
Block,71,-13,467,4.71,0,0,300,300,300
Block,31,-13,414,4.71,0,0,300,300,300
Block,56,-13,496.5,4.71,0,0,300,300,300
Block,22,-13,411,4.71,0,0,300,300,300
Block,17,1,219.5,4.71,0,0,300,300,300
Block,-2,1,285,4.71,0,0,300,300,300
Block,13,1,-31.5,4.71,0,0,300,300,300
Block,19,1,356,4.71,0,0,300,300,300
Block,19,1,84,4.71,0,0,300,300,300
Block,-5,1,270.5,4.71,0,0,300,300,300
Block,20,1,160.5,4.71,0,0,300,300,300
Block,-45,1,22,4.71,0,0,300,300,300
Block,25,-13,455.5,4.71,0,0,300,300,300
Block,-21,1,10,4.71,0,0,300,300,300
Block,-17,1,446.5,4.71,0,0,300,300,300
Block,71,-13,473,4.71,0,0,300,300,300
Block,13,1,303,4.71,0,0,300,300,300
Block,-26,1,381.5,4.71,0,0,300,300,300
Block,31,1,365,4.71,0,0,300,300,300
Block,22,1,279,4.71,0,0,300,300,300
Block,13,1,75,4.71,0,0,300,300,300
Block,-26,1,496.5,4.71,0,0,300,300,300
Block,16,1,312,4.71,0,0,300,300,300
Block,31,-13,399,4.71,0,0,300,300,300
Block,14,1,208,4.71,0,0,300,300,300
Block,69,1,134,4.71,0,0,300,300,300
Block,36,1,210.5,4.71,0,0,300,300,300
Block,-2,1,-37.5,4.71,0,0,300,300,300
Block,35,-13,508.5,4.71,0,0,300,300,300
Block,7,1,282,4.71,0,0,300,300,300
Block,-14,1,-25.5,4.71,0,0,300,300,300
Block,-20,1,434.5,4.71,0,0,300,300,300
Block,-14,1,69,4.71,0,0,300,300,300
Block,-17,1,72,4.71,0,0,300,300,300
Block,23,1,228.5,4.71,0,0,300,300,300
Block,22,-13,420,4.71,0,0,300,300,300
Block,1,-13,414,4.71,0,0,300,300,300
Block,36,1,184,4.71,0,0,300,300,300
Block,65,-13,511.5,4.71,0,0,300,300,300
Block,-5,-13,452.5,4.71,0,0,300,300,300
Block,60,1,166.5,4.71,0,0,300,300,300
Block,-2,-13,446.5,4.71,0,0,300,300,300
Block,65,-13,449.5,4.71,0,0,300,300,300
Block,-20,1,473,4.71,0,0,300,300,300
Block,23,1,231.5,4.71,0,0,300,300,300
Block,-63,1,-31.5,4.71,0,0,300,300,300
Block,-50,1,505.5,4.71,0,0,300,300,300
Block,48,1,231.5,4.71,0,0,300,300,300
Block,-11,1,66.5,4.71,0,0,300,300,300
Block,-38,1,479,4.71,0,0,300,300,300
Block,65,-13,499.5,4.71,0,0,300,300,300
Block,72,1,187,4.71,0,0,300,300,300
Block,-21,1,63.5,4.71,0,0,300,300,300
Block,-11,1,63.5,4.71,0,0,300,300,300
Block,-7,1,184,4.71,0,0,300,300,300
Block,-60,1,42.5,4.71,0,0,300,300,300
Block,16,1,-40,4.71,0,0,300,300,300
Block,10,1,297,4.71,0,0,300,300,300
Block,-16,1,107,4.71,0,0,300,300,300
Block,59,-13,414,4.71,0,0,300,300,300
Block,26,1,219.5,4.71,0,0,300,300,300
Block,-5,-13,414,4.71,0,0,300,300,300
Block,13,-13,499.5,4.71,0,0,300,300,300
Block,35,-13,390,4.71,0,0,300,300,300
Block,-47,1,428.5,4.71,0,0,300,300,300
Block,4,1,326.5,4.71,0,0,300,300,300
Block,19,-13,411,4.71,0,0,300,300,300
Block,10,-13,405,4.71,0,0,300,300,300
Block,-39,1,1,4.71,0,0,300,300,300
Block,-53,1,420,4.71,0,0,300,300,300
Block,-63,1,45.5,4.71,0,0,300,300,300
Block,-13,1,110,4.71,0,0,300,300,300
Block,31,1,243.5,4.71,0,0,300,300,300
Block,16,1,33.5,4.71,0,0,300,300,300
Block,41,-13,479,4.71,0,0,300,300,300
Block,-53,1,381.5,4.71,0,0,300,300,300
Block,44,-13,431.5,4.71,0,0,300,300,300
Block,16,-13,502.5,4.71,0,0,300,300,300
Block,14,1,148.5,4.71,0,0,300,300,300
Block,48,1,110,4.71,0,0,300,300,300
Block,-23,1,455.5,4.71,0,0,300,300,300
Block,19,1,-16.5,4.71,0,0,300,300,300
Block,19,-13,458,4.71,0,0,300,300,300
Block,-2,-13,499.5,4.71,0,0,300,300,300
Block,-17,1,87,4.71,0,0,300,300,300
Block,66,1,187,4.71,0,0,300,300,300
Block,-50,1,467,4.71,0,0,300,300,300
Block,-50,1,508.5,4.71,0,0,300,300,300
Block,19,-13,476,4.71,0,0,300,300,300
Block,-2,1,309,4.71,0,0,300,300,300
Block,-38,1,476,4.71,0,0,300,300,300
Block,25,1,300,4.71,0,0,300,300,300
Block,-11,1,-13.5,4.71,0,0,300,300,300
Block,16,1,273.5,4.71,0,0,300,300,300
Block,-33,1,-7.5,4.71,0,0,300,300,300
Block,26,1,104,4.71,0,0,300,300,300
Block,45,1,184,4.71,0,0,300,300,300
Block,1,-13,514.5,4.71,0,0,300,300,300
Block,74,-13,422.5,4.71,0,0,300,300,300
Block,74,-13,479,4.71,0,0,300,300,300
Block,-29,1,514.5,4.71,0,0,300,300,300
Block,39,1,128,4.71,0,0,300,300,300
Block,-39,1,-4.5,4.71,0,0,300,300,300
Block,11,1,125,4.71,0,0,300,300,300
Block,10,-13,493.5,4.71,0,0,300,300,300
Block,-53,1,396,4.71,0,0,300,300,300
Block,-50,1,485,4.71,0,0,300,300,300
Block,-11,1,-43,4.71,0,0,300,300,300
Block,-57,1,-46,4.71,0,0,300,300,300
Block,4,1,39.5,4.71,0,0,300,300,300
Block,57,1,92.5,4.71,0,0,300,300,300
Block,-48,1,48.5,4.71,0,0,300,300,300
Block,-56,1,381.5,4.71,0,0,300,300,300
Block,56,-13,384.5,4.71,0,0,300,300,300
Block,-42,1,-46,4.71,0,0,300,300,300
Block,72,1,145.5,4.71,0,0,300,300,300
Block,-23,1,402,4.71,0,0,300,300,300
Block,-33,1,10,4.71,0,0,300,300,300
Block,22,1,-25.5,4.71,0,0,300,300,300
Block,71,-13,422.5,4.71,0,0,300,300,300
Block,35,-13,396,4.71,0,0,300,300,300
Block,-33,1,16,4.71,0,0,300,300,300
Block,38,-13,443.5,4.71,0,0,300,300,300
Block,5,1,134,4.71,0,0,300,300,300
Grass,31.55,-2.73,449.77,0,0,0,11,11,11
Block,-4,1,98.5,4.71,0,0,300,300,300
Block,-27,1,28,4.71,0,0,300,300,300
Block,16,1,-22.5,4.71,0,0,300,300,300
Block,13,1,368,4.71,0,0,300,300,300
Block,-14,1,81,4.71,0,0,300,300,300
Block,48,1,148.5,4.71,0,0,300,300,300
Block,56,-13,446.5,4.71,0,0,300,300,300
Block,51,1,116,4.71,0,0,300,300,300
Block,56,-13,378.5,4.71,0,0,300,300,300
Block,28,-13,434.5,4.71,0,0,300,300,300
Block,41,-13,443.5,4.71,0,0,300,300,300
Block,-45,1,66.5,4.71,0,0,300,300,300
Block,-50,1,381.5,4.71,0,0,300,300,300
Block,-35,1,464,4.71,0,0,300,300,300
Block,31,1,347.5,4.71,0,0,300,300,300
Block,72,1,116,4.71,0,0,300,300,300
Block,63,1,196,4.71,0,0,300,300,300
Block,77,-13,479,4.71,0,0,300,300,300
Block,-48,1,10,4.71,0,0,300,300,300
Block,-13,1,210.5,4.71,0,0,300,300,300
Block,-13,1,205,4.71,0,0,300,300,300
Block,-11,1,72,4.71,0,0,300,300,300
Block,-60,1,69,4.71,0,0,300,300,300
Block,25,1,273.5,4.71,0,0,300,300,300
Block,38,-13,431.5,4.71,0,0,300,300,300
Block,-11,1,255.5,4.71,0,0,300,300,300
Block,14,1,125,4.71,0,0,300,300,300
Block,45,1,196,4.71,0,0,300,300,300
Block,23,1,166.5,4.71,0,0,300,300,300
Block,-50,1,482,4.71,0,0,300,300,300
Block,25,1,16,4.71,0,0,300,300,300
Block,60,1,172.5,4.71,0,0,300,300,300
Block,25,-13,491,4.71,0,0,300,300,300
Block,16,1,72,4.71,0,0,300,300,300
Block,-11,1,371,4.71,0,0,300,300,300
Block,-5,1,353,4.71,0,0,300,300,300
Block,-21,1,-28.5,4.71,0,0,300,300,300
Block,-45,1,-2,4.71,0,0,300,300,300
Block,71,-13,488,4.71,0,0,300,300,300
Block,-33,1,19,4.71,0,0,300,300,300
Block,-47,1,387,4.71,0,0,300,300,300
Block,60,1,131,4.71,0,0,300,300,300
Block,-27,1,90,4.71,0,0,300,300,300
Block,33,1,119,4.71,0,0,300,300,300
Block,-48,1,69,4.71,0,0,300,300,300
Block,13,-13,440.5,4.71,0,0,300,300,300
Block,11,1,116,4.71,0,0,300,300,300
Block,-26,1,479,4.71,0,0,300,300,300
Block,14,1,169.5,4.71,0,0,300,300,300
Block,57,1,187,4.71,0,0,300,300,300
Block,-10,1,219.5,4.71,0,0,300,300,300
Grass,5.55,0.27,296.77,0,0,0,11,11,11
Block,31,1,241,4.71,0,0,300,300,300
Block,68,-13,402,4.71,0,0,300,300,300
Block,-11,1,39.5,4.71,0,0,300,300,300
Block,8,1,157.5,4.71,0,0,300,300,300
Block,45,1,205,4.71,0,0,300,300,300
Block,-7,1,169.5,4.71,0,0,300,300,300
Block,-56,1,440.5,4.71,0,0,300,300,300
Block,31,1,362,4.71,0,0,300,300,300
Block,50,-13,511.5,4.71,0,0,300,300,300
Block,-51,1,31,4.71,0,0,300,300,300
Block,10,1,25,4.71,0,0,300,300,300
Block,-8,1,309,4.71,0,0,300,300,300
Block,62,-13,458,4.71,0,0,300,300,300
Block,-8,-13,493.5,4.71,0,0,300,300,300
Block,19,-13,431.5,4.71,0,0,300,300,300
Block,-30,1,-10.5,4.71,0,0,300,300,300
Block,-14,1,414,4.71,0,0,300,300,300
Block,62,-13,396,4.71,0,0,300,300,300
Block,60,1,222.5,4.71,0,0,300,300,300
Block,26,1,107,4.71,0,0,300,300,300
Block,38,-13,399,4.71,0,0,300,300,300
Block,42,1,95.5,4.71,0,0,300,300,300
Block,10,-13,508.5,4.71,0,0,300,300,300
Block,10,-13,399,4.71,0,0,300,300,300
Block,42,1,142.5,4.71,0,0,300,300,300
Block,25,1,-7.5,4.71,0,0,300,300,300
Block,7,1,323.5,4.71,0,0,300,300,300
Block,-57,1,31,4.71,0,0,300,300,300
Block,7,-13,455.5,4.71,0,0,300,300,300
Block,-11,1,350,4.71,0,0,300,300,300
Block,41,-13,387,4.71,0,0,300,300,300
Block,-8,-13,452.5,4.71,0,0,300,300,300
Block,-11,1,264.5,4.71,0,0,300,300,300
Block,10,1,-7.5,4.71,0,0,300,300,300
Block,-14,1,78,4.71,0,0,300,300,300
Block,54,1,154.5,4.71,0,0,300,300,300
Block,-11,-13,414,4.71,0,0,300,300,300
Block,-44,1,440.5,4.71,0,0,300,300,300
Block,68,-13,482,4.71,0,0,300,300,300
Block,-8,1,246.5,4.71,0,0,300,300,300
Block,-23,1,440.5,4.71,0,0,300,300,300
Block,1,-13,393,4.71,0,0,300,300,300
Block,-51,1,63.5,4.71,0,0,300,300,300
Block,-54,1,54.5,4.71,0,0,300,300,300
Block,38,-13,470,4.71,0,0,300,300,300
Block,51,1,228.5,4.71,0,0,300,300,300
Block,-41,1,479,4.71,0,0,300,300,300
Block,7,1,359,4.71,0,0,300,300,300
Block,39,1,110,4.71,0,0,300,300,300
Block,10,1,258.5,4.71,0,0,300,300,300
Block,-44,1,405,4.71,0,0,300,300,300
Block,1,1,28,4.71,0,0,300,300,300
Block,-2,1,84,4.71,0,0,300,300,300
Block,10,-13,408,4.71,0,0,300,300,300
Block,16,-13,443.5,4.71,0,0,300,300,300
Block,-13,1,160.5,4.71,0,0,300,300,300
Block,10,-13,393,4.71,0,0,300,300,300
Block,-11,-13,511.5,4.71,0,0,300,300,300
Block,-7,1,202,4.71,0,0,300,300,300
Block,42,1,231.5,4.71,0,0,300,300,300
Block,13,1,238,4.71,0,0,300,300,300
Block,-23,1,496.5,4.71,0,0,300,300,300
Block,-8,1,19,4.71,0,0,300,300,300
Block,25,1,57.5,4.71,0,0,300,300,300
Block,53,-13,505.5,4.71,0,0,300,300,300
Block,7,1,78,4.71,0,0,300,300,300
Block,28,1,267.5,4.71,0,0,300,300,300
Block,-36,1,54.5,4.71,0,0,300,300,300
Block,19,-13,461,4.71,0,0,300,300,300
Block,57,1,208,4.71,0,0,300,300,300
Block,-29,1,440.5,4.71,0,0,300,300,300
Block,-35,1,440.5,4.71,0,0,300,300,300
Block,22,1,261.5,4.71,0,0,300,300,300
Block,10,1,87,4.71,0,0,300,300,300
Block,72,1,208,4.71,0,0,300,300,300
Block,19,1,303,4.71,0,0,300,300,300
Block,-54,1,-16.5,4.71,0,0,300,300,300
Block,-23,1,467,4.71,0,0,300,300,300
Block,-30,1,36.5,4.71,0,0,300,300,300
Block,59,-13,422.5,4.71,0,0,300,300,300
Block,-11,1,359,4.71,0,0,300,300,300
Block,-1,1,225.5,4.71,0,0,300,300,300
Block,-10,1,113,4.71,0,0,300,300,300
Block,72,1,175,4.71,0,0,300,300,300
Block,-44,1,499.5,4.71,0,0,300,300,300
Block,11,1,98.5,4.71,0,0,300,300,300
Block,-35,1,381.5,4.71,0,0,300,300,300
Block,16,1,279,4.71,0,0,300,300,300
Block,35,-13,488,4.71,0,0,300,300,300
Block,10,1,-2,4.71,0,0,300,300,300
Block,-41,1,470,4.71,0,0,300,300,300
Block,5,1,216.5,4.71,0,0,300,300,300
Block,10,-13,505.5,4.71,0,0,300,300,300
Block,-51,1,-34.5,4.71,0,0,300,300,300
Block,41,-13,434.5,4.71,0,0,300,300,300
Block,19,-13,455.5,4.71,0,0,300,300,300
Block,-17,1,464,4.71,0,0,300,300,300
Block,-32,1,428.5,4.71,0,0,300,300,300
Block,20,1,196,4.71,0,0,300,300,300
Block,-1,1,122,4.71,0,0,300,300,300
Block,-39,1,-28.5,4.71,0,0,300,300,300
Block,-24,1,-34.5,4.71,0,0,300,300,300
Block,-4,1,172.5,4.71,0,0,300,300,300
Block,-54,1,90,4.71,0,0,300,300,300
Block,-5,-13,417,4.71,0,0,300,300,300
Block,16,-13,473,4.71,0,0,300,300,300
Block,17,1,92.5,4.71,0,0,300,300,300
Block,36,1,104,4.71,0,0,300,300,300
Block,41,-13,420,4.71,0,0,300,300,300
Block,25,-13,393,4.71,0,0,300,300,300
Block,1,1,297,4.71,0,0,300,300,300
Block,69,1,151.5,4.71,0,0,300,300,300
Block,-57,1,7,4.71,0,0,300,300,300
Block,4,1,238,4.71,0,0,300,300,300
Block,-2,1,300,4.71,0,0,300,300,300
Block,16,1,-31.5,4.71,0,0,300,300,300
Block,69,1,110,4.71,0,0,300,300,300
Block,-26,1,396,4.71,0,0,300,300,300
Block,13,1,297,4.71,0,0,300,300,300
Block,-11,1,241,4.71,0,0,300,300,300
Block,39,1,95.5,4.71,0,0,300,300,300
Block,22,-13,488,4.71,0,0,300,300,300
Block,31,-13,431.5,4.71,0,0,300,300,300
Block,68,-13,499.5,4.71,0,0,300,300,300
Block,51,1,92.5,4.71,0,0,300,300,300
Block,-44,1,449.5,4.71,0,0,300,300,300
Block,-17,1,13,4.71,0,0,300,300,300
Block,33,1,98.5,4.71,0,0,300,300,300
Block,22,1,-31.5,4.71,0,0,300,300,300
Block,28,1,320.5,4.71,0,0,300,300,300
Block,50,-13,499.5,4.71,0,0,300,300,300
Block,20,1,125,4.71,0,0,300,300,300
Block,-39,1,4,4.71,0,0,300,300,300
Block,22,1,-37.5,4.71,0,0,300,300,300
Block,26,1,187,4.71,0,0,300,300,300
Block,-5,1,36.5,4.71,0,0,300,300,300
Block,-8,1,270.5,4.71,0,0,300,300,300
Block,22,1,285,4.71,0,0,300,300,300
Block,-57,1,-40,4.71,0,0,300,300,300
Block,14,1,228.5,4.71,0,0,300,300,300
Block,-13,1,222.5,4.71,0,0,300,300,300
Block,-8,1,297,4.71,0,0,300,300,300
Block,7,-13,443.5,4.71,0,0,300,300,300
Block,-35,1,411,4.71,0,0,300,300,300
Block,65,-13,502.5,4.71,0,0,300,300,300
Block,-24,1,22,4.71,0,0,300,300,300
Block,-5,1,54.5,4.71,0,0,300,300,300
Block,54,1,213.5,4.71,0,0,300,300,300
Block,7,1,90,4.71,0,0,300,300,300
Block,-26,1,485,4.71,0,0,300,300,300
Block,-17,1,36.5,4.71,0,0,300,300,300
Block,16,1,81,4.71,0,0,300,300,300
Block,8,1,163.5,4.71,0,0,300,300,300
Block,7,1,341.5,4.71,0,0,300,300,300
Block,16,1,60.5,4.71,0,0,300,300,300
Block,31,-13,479,4.71,0,0,300,300,300
Block,-20,1,420,4.71,0,0,300,300,300
Block,-5,1,31,4.71,0,0,300,300,300
Block,-17,1,393,4.71,0,0,300,300,300
Block,19,-13,491,4.71,0,0,300,300,300
Block,16,-13,434.5,4.71,0,0,300,300,300
Block,19,1,267.5,4.71,0,0,300,300,300
Block,72,1,134,4.71,0,0,300,300,300
Block,4,1,365,4.71,0,0,300,300,300
Block,4,-13,411,4.71,0,0,300,300,300
Block,-60,1,-25.5,4.71,0,0,300,300,300
Block,22,1,249.5,4.71,0,0,300,300,300
Block,23,1,208,4.71,0,0,300,300,300
Block,-5,1,-10.5,4.71,0,0,300,300,300
Block,28,-13,488,4.71,0,0,300,300,300
Block,-44,1,381.5,4.71,0,0,300,300,300
Block,25,-13,496.5,4.71,0,0,300,300,300
Block,41,-13,458,4.71,0,0,300,300,300
Block,8,1,139.5,4.71,0,0,300,300,300
Block,72,1,119,4.71,0,0,300,300,300
Block,-2,1,314.5,4.71,0,0,300,300,300
Block,16,-13,437.5,4.71,0,0,300,300,300
Block,-47,1,420,4.71,0,0,300,300,300
Block,-16,1,166.5,4.71,0,0,300,300,300
Block,16,1,63.5,4.71,0,0,300,300,300
Block,59,-13,417,4.71,0,0,300,300,300
Block,31,-13,496.5,4.71,0,0,300,300,300
Block,1,-13,443.5,4.71,0,0,300,300,300
Block,7,1,365,4.71,0,0,300,300,300
Block,39,1,163.5,4.71,0,0,300,300,300
Block,4,1,-16.5,4.71,0,0,300,300,300
Block,71,-13,384.5,4.71,0,0,300,300,300
Block,-21,1,33.5,4.71,0,0,300,300,300
Block,53,-13,375.5,4.71,0,0,300,300,300
Block,-8,1,350,4.71,0,0,300,300,300
Block,59,-13,452.5,4.71,0,0,300,300,300
Block,41,-13,378.5,4.71,0,0,300,300,300
Block,35,-13,514.5,4.71,0,0,300,300,300
Block,10,-13,499.5,4.71,0,0,300,300,300
Block,47,-13,446.5,4.71,0,0,300,300,300
Block,22,1,90,4.71,0,0,300,300,300
Block,-17,1,479,4.71,0,0,300,300,300
Block,-1,1,163.5,4.71,0,0,300,300,300
Block,59,-13,396,4.71,0,0,300,300,300
Block,-48,1,45.5,4.71,0,0,300,300,300
Block,4,1,270.5,4.71,0,0,300,300,300
Block,-38,1,399,4.71,0,0,300,300,300
Block,-45,1,69,4.71,0,0,300,300,300
Block,-38,1,470,4.71,0,0,300,300,300
Block,1,1,-46,4.71,0,0,300,300,300
Block,16,-13,384.5,4.71,0,0,300,300,300
Block,39,1,148.5,4.71,0,0,300,300,300
Block,7,1,39.5,4.71,0,0,300,300,300
Block,-35,1,422.5,4.71,0,0,300,300,300
Block,-2,1,347.5,4.71,0,0,300,300,300
Block,39,1,137,4.71,0,0,300,300,300
Block,-16,1,231.5,4.71,0,0,300,300,300
Block,74,-13,411,4.71,0,0,300,300,300
Block,-8,1,344.5,4.71,0,0,300,300,300
Block,-53,1,508.5,4.71,0,0,300,300,300
Block,13,1,309,4.71,0,0,300,300,300
Block,48,1,175,4.71,0,0,300,300,300
Block,22,1,365,4.71,0,0,300,300,300
Block,1,1,270.5,4.71,0,0,300,300,300
Block,48,1,113,4.71,0,0,300,300,300
Block,36,1,225.5,4.71,0,0,300,300,300
Block,47,-13,473,4.71,0,0,300,300,300
Block,35,-13,381.5,4.71,0,0,300,300,300
Block,38,-13,393,4.71,0,0,300,300,300
Tree,-56,13,478,0,0,0,28.48,64.35,28.48
Block,-45,1,-28.5,4.71,0,0,300,300,300
Block,-47,1,393,4.71,0,0,300,300,300
Block,13,1,-34.5,4.71,0,0,300,300,300
Block,10,-13,396,4.71,0,0,300,300,300
Block,10,1,13,4.71,0,0,300,300,300
Block,11,1,110,4.71,0,0,300,300,300
Block,17,1,95.5,4.71,0,0,300,300,300
Block,23,1,160.5,4.71,0,0,300,300,300
Block,28,1,365,4.71,0,0,300,300,300
Block,31,1,353,4.71,0,0,300,300,300
Block,2,1,202,4.71,0,0,300,300,300
Block,-5,1,57.5,4.71,0,0,300,300,300
Block,-32,1,405,4.71,0,0,300,300,300
Block,66,1,154.5,4.71,0,0,300,300,300
Block,-14,1,19,4.71,0,0,300,300,300
Block,-36,1,-43,4.71,0,0,300,300,300
Block,25,1,-10.5,4.71,0,0,300,300,300
Block,-48,1,-40,4.71,0,0,300,300,300
Block,-11,-13,449.5,4.71,0,0,300,300,300
Block,-2,1,270.5,4.71,0,0,300,300,300
Block,31,-13,378.5,4.71,0,0,300,300,300
Tree,57.66,20.18,385.79,0,1.05,0,28.48,64.35,28.48
Block,-5,1,297,4.71,0,0,300,300,300
Block,35,-13,470,4.71,0,0,300,300,300
Block,42,1,104,4.71,0,0,300,300,300
Block,74,-13,493.5,4.71,0,0,300,300,300
Block,4,-13,405,4.71,0,0,300,300,300
Block,13,-13,411,4.71,0,0,300,300,300
Block,54,1,163.5,4.71,0,0,300,300,300
Block,-8,1,312,4.71,0,0,300,300,300
Block,-8,1,273.5,4.71,0,0,300,300,300
Block,42,1,228.5,4.71,0,0,300,300,300
Block,-56,1,461,4.71,0,0,300,300,300
Grass,-47.45,-2.73,494.77,0,0,0,11,11,11
Block,-23,1,422.5,4.71,0,0,300,300,300
Block,48,1,101.5,4.71,0,0,300,300,300
Block,-13,1,172.5,4.71,0,0,300,300,300
Block,4,1,42.5,4.71,0,0,300,300,300
Block,-57,1,51.5,4.71,0,0,300,300,300
Block,1,1,48.5,4.71,0,0,300,300,300
Block,-60,1,84,4.71,0,0,300,300,300
Block,7,-13,505.5,4.71,0,0,300,300,300
Block,30,1,101.5,4.71,0,0,300,300,300
Block,28,1,350,4.71,0,0,300,300,300
Block,-20,1,505.5,4.71,0,0,300,300,300
Block,23,1,205,4.71,0,0,300,300,300
Block,30,1,107,4.71,0,0,300,300,300
Block,4,1,51.5,4.71,0,0,300,300,300
Block,-2,1,329.5,4.71,0,0,300,300,300
Block,48,1,187,4.71,0,0,300,300,300
Block,-13,1,190,4.71,0,0,300,300,300
Block,-57,1,87,4.71,0,0,300,300,300
Block,-48,1,75,4.71,0,0,300,300,300
Block,-7,1,178,4.71,0,0,300,300,300
Block,13,1,347.5,4.71,0,0,300,300,300
Block,-30,1,90,4.71,0,0,300,300,300
Block,-8,1,371,4.71,0,0,300,300,300
Grass,30.55,0.27,231.77,0,0,0,11,11,11
Block,-32,1,417,4.71,0,0,300,300,300
Block,38,-13,375.5,4.71,0,0,300,300,300
Block,-44,1,420,4.71,0,0,300,300,300
Block,-2,1,-16.5,4.71,0,0,300,300,300
Block,33,1,148.5,4.71,0,0,300,300,300
Block,62,-13,461,4.71,0,0,300,300,300
Block,8,1,172.5,4.71,0,0,300,300,300
Block,13,1,66.5,4.71,0,0,300,300,300
Block,63,1,154.5,4.71,0,0,300,300,300
Block,13,-13,514.5,4.71,0,0,300,300,300
Block,54,1,175,4.71,0,0,300,300,300
Block,-11,1,306,4.71,0,0,300,300,300
Block,1,1,57.5,4.71,0,0,300,300,300
Block,-11,1,-37.5,4.71,0,0,300,300,300
Block,31,1,329.5,4.71,0,0,300,300,300
Block,-4,1,101.5,4.71,0,0,300,300,300
Block,-60,1,75,4.71,0,0,300,300,300
Block,44,-13,402,4.71,0,0,300,300,300
Block,-38,1,458,4.71,0,0,300,300,300
Block,7,1,314.5,4.71,0,0,300,300,300
Block,42,1,122,4.71,0,0,300,300,300
Block,-32,1,408,4.71,0,0,300,300,300
Block,-27,1,51.5,4.71,0,0,300,300,300
Block,17,1,142.5,4.71,0,0,300,300,300
Block,-2,1,341.5,4.71,0,0,300,300,300
Block,-56,1,428.5,4.71,0,0,300,300,300
Block,35,-13,446.5,4.71,0,0,300,300,300
Block,-45,1,-22.5,4.71,0,0,300,300,300
Block,10,1,282,4.71,0,0,300,300,300
Block,1,1,338.5,4.71,0,0,300,300,300
Block,-13,1,187,4.71,0,0,300,300,300
Block,10,1,57.5,4.71,0,0,300,300,300
Block,22,1,371,4.71,0,0,300,300,300
Block,-24,1,42.5,4.71,0,0,300,300,300
Block,-54,1,87,4.71,0,0,300,300,300
Block,25,-13,399,4.71,0,0,300,300,300
Block,-39,1,-19.5,4.71,0,0,300,300,300
Block,71,-13,446.5,4.71,0,0,300,300,300
Block,-44,1,434.5,4.71,0,0,300,300,300
Block,16,1,285,4.71,0,0,300,300,300
Block,-8,1,258.5,4.71,0,0,300,300,300
Block,-35,1,452.5,4.71,0,0,300,300,300
Block,16,-13,381.5,4.71,0,0,300,300,300
